EventID,Region,CustomerType,PeakDemandBeforeMW,PeakDemandAfterMW,DemandReductionMW,ProgramCost,cpm,quartile,CostPerMW,EfficiencyQuartile,ReductionPct
1,Central,Commercial,922.98,816.55,106.43,21282.99,199.9717185004228,Q2,199.97,Q2,11.53
2,East,Commercial,1401.01,1251.01,150.0,68134.13,454.2275333333334,Q3,454.23,Q3,10.71
3,East,Industrial,1585.9,1504.69,81.21,85760.7,1056.0362024381234,Q4 (worst),1056.04,Q4 worst,5.12
4,South,Commercial,807.5,759.98,47.52,59118.84,1244.0833333333333,Q4 (worst),1244.08,Q4 worst,5.88
5,South,Commercial,1462.46,1266.77,195.69,67188.6,343.34202054269514,Q3,343.34,Q3,13.38
6,West,Residential,505.1,453.56,51.54,9263.76,179.73923166472645,Q2,179.74,Q2,10.2
7,West,Residential,2135.92,1796.22,339.7,6107.64,17.979511333529587,Q1 (best),17.98,Q1 best,15.9
8,Central,Industrial,2231.8,1802.97,428.83,69339.55,161.69472751439966,Q1 (best),161.69,Q1 best,19.21
9,South,Residential,1455.44,1275.96,179.48,66173.78,368.69723646088704,Q3,368.7,Q3,12.33
10,North,Residential,1405.98,1295.96,110.02,80636.32,732.9241956008,Q4 (worst),732.92,Q4 worst,7.83
11,West,Residential,1798.21,1610.73,187.48,82208.69,438.4931192660551,Q3,438.49,Q3,10.43
12,North,Commercial,1334.99,1207.94,127.05,64571.54,508.2372294372295,Q3,508.24,Q3,9.52
13,North,Industrial,787.25,652.45,134.8,47355.88,351.3047477744807,Q3,351.3,Q3,17.12
14,South,Residential,2294.87,2211.63,83.24,55138.06,662.3986064392119,Q4 (worst),662.4,Q4 worst,3.63
15,North,Industrial,2087.27,1939.72,147.55,91944.58,623.1418502202642,Q3,623.14,Q3,7.07
16,Central,Industrial,2409.3,2297.56,111.74,18425.56,164.89672453910867,Q1 (best),164.9,Q1 best,4.64
17,East,Residential,1198.36,1140.98,57.38,58247.69,1015.1218194492855,Q4 (worst),1015.12,Q4 worst,4.79
18,South,Residential,1131.09,992.1,138.99,42536.07,306.0369091301532,Q2,306.04,Q2,12.29
19,North,Commercial,2163.07,2044.24,118.83,34685.33,291.8903475553312,Q2,291.89,Q2,5.49
20,East,Commercial,2419.03,2133.29,285.74,66481.56,232.6645201931826,Q2,232.66,Q2,11.81
21,South,Commercial,1892.39,1692.63,199.76,35228.71,176.35517621145374,Q2,176.36,Q2,10.56
22,North,Commercial,1613.06,1417.67,195.39,38188.06,195.44531449920672,Q2,195.45,Q2,12.11
23,North,Industrial,1919.47,1584.92,334.55,56378.08,168.51914512031087,Q1 (best),168.52,Q1 best,17.43
24,West,Industrial,921.4,856.71,64.69,23166.3,358.11253671355695,Q3,358.11,Q3,7.02
25,South,Industrial,684.35,570.83,113.52,72768.62,641.020260747005,Q3,641.02,Q3,16.59
26,North,Residential,797.35,780.05,17.3,37878.28,2189.4959537572254,Q4 (worst),2189.5,Q4 worst,2.17
27,West,Commercial,634.29,620.38,13.91,73360.81,5273.961897915169,Q4 (worst),5273.96,Q4 worst,2.19
28,Central,Industrial,1382.36,1267.71,114.65,49797.64,434.34487570867856,Q3,434.34,Q3,8.29
29,West,Commercial,1461.57,1266.1,195.47,81566.92,417.2861308640712,Q3,417.29,Q3,13.37
30,South,Industrial,1935.62,1809.25,126.37,29346.8,232.22916831526467,Q2,232.23,Q2,6.53
31,Central,Industrial,1864.64,1558.64,306.0,91337.82,298.48960784313726,Q2,298.49,Q2,16.41
32,Central,Commercial,1109.06,979.4,129.66,94531.67,729.0734999228753,Q4 (worst),729.07,Q4 worst,11.69
33,Central,Residential,2130.94,2085.01,45.93,49413.54,1075.8445460483345,Q4 (worst),1075.84,Q4 worst,2.16
34,North,Commercial,1366.72,1165.53,201.19,94368.61,469.0521894726378,Q3,469.05,Q3,14.72
35,West,Industrial,1560.66,1333.64,227.02,61148.21,269.35164302704607,Q2,269.35,Q2,14.55
36,East,Industrial,1240.05,1018.62,221.43,91948.76,415.2497854852549,Q3,415.25,Q3,17.86
37,West,Commercial,1090.26,1040.17,50.09,52507.09,1048.254941106009,Q4 (worst),1048.25,Q4 worst,4.59
38,South,Residential,1528.47,1384.31,144.16,63058.98,437.4235571587126,Q3,437.42,Q3,9.43
39,South,Commercial,1265.34,1163.28,102.06,50624.29,496.0247893396041,Q3,496.02,Q3,8.07
40,East,Industrial,1715.92,1531.19,184.73,42659.02,230.92632490662047,Q2,230.93,Q2,10.77
41,Central,Commercial,1643.7,1481.9,161.8,58333.75,360.5299752781211,Q3,360.53,Q3,9.84
42,East,Industrial,1734.74,1517.77,216.97,92426.09,425.98557404249436,Q3,425.99,Q3,12.51
43,South,Residential,1081.99,1032.87,49.12,60738.81,1236.5392915309446,Q4 (worst),1236.54,Q4 worst,4.54
44,South,Industrial,2264.49,2032.11,232.38,82763.07,356.1540149754712,Q3,356.15,Q3,10.26
45,North,Industrial,2405.8,2234.5,171.3,44808.66,261.5800350262697,Q2,261.58,Q2,7.12
46,North,Commercial,1100.06,1062.29,37.77,73753.88,1952.710616891713,Q4 (worst),1952.71,Q4 worst,3.43
47,East,Commercial,1473.56,1356.57,116.99,71350.23,609.8831524061885,Q3,609.88,Q3,7.94
48,Central,Commercial,2489.28,2000.04,489.24,95526.65,195.25519172594227,Q2,195.26,Q2,19.65
49,Central,Industrial,1353.3,1317.57,35.73,54728.11,1531.7131262244613,Q4 (worst),1531.71,Q4 worst,2.64
50,Central,Industrial,516.45,491.38,25.07,52538.65,2095.6781013163145,Q4 (worst),2095.68,Q4 worst,4.85
51,Central,Commercial,589.14,486.33,102.81,35654.19,346.7969069156697,Q3,346.8,Q3,17.45
52,East,Commercial,2161.27,2087.84,73.43,67422.6,918.188751191611,Q4 (worst),918.19,Q4 worst,3.4
53,Central,Residential,649.78,578.55,71.23,67673.04,950.0637371893863,Q4 (worst),950.06,Q4 worst,10.96
54,North,Commercial,1277.89,1113.83,164.06,95085.65,579.578507862977,Q3,579.58,Q3,12.84
55,West,Residential,2353.28,2112.28,241.0,43988.82,182.52622406639003,Q2,182.53,Q2,10.24
56,West,Residential,1325.49,1155.11,170.38,33073.57,194.11650428454044,Q2,194.12,Q2,12.85
57,Central,Residential,1044.85,973.28,71.57,79523.39,1111.1274276931676,Q4 (worst),1111.13,Q4 worst,6.85
58,West,Residential,1486.91,1223.47,263.44,83802.31,318.1077664743395,Q2,318.11,Q2,17.72
59,North,Residential,996.44,851.37,145.07,19385.59,133.6292134831461,Q1 (best),133.63,Q1 best,14.56
60,South,Residential,1751.21,1707.62,43.59,43278.13,992.845377380133,Q4 (worst),992.85,Q4 worst,2.49
61,East,Residential,1677.5,1396.12,281.38,76110.25,270.4891961049115,Q2,270.49,Q2,16.77
62,Central,Industrial,2264.11,2116.18,147.93,99733.82,674.196038666937,Q4 (worst),674.2,Q4 worst,6.53
63,West,Commercial,1344.43,1251.84,92.59,80554.05,870.0081002268064,Q4 (worst),870.01,Q4 worst,6.89
64,Central,Residential,2496.72,2289.31,207.41,95516.59,460.52065956318404,Q3,460.52,Q3,8.31
65,North,Commercial,1968.89,1880.42,88.47,13975.73,157.9714027353905,Q1 (best),157.97,Q1 best,4.49
66,Central,Residential,937.25,750.89,186.36,71456.91,383.434803605924,Q3,383.43,Q3,19.88
67,Central,Commercial,1000.32,806.74,193.58,95055.59,491.0403450769707,Q3,491.04,Q3,19.35
68,South,Residential,980.45,948.99,31.46,56190.07,1786.0797838525111,Q4 (worst),1786.08,Q4 worst,3.21
69,North,Industrial,774.92,691.93,82.99,40925.72,493.14037835883846,Q3,493.14,Q3,10.71
70,East,Residential,1224.88,1067.28,157.6,82627.85,524.2883883248732,Q3,524.29,Q3,12.87
71,Central,Residential,579.6,523.38,56.22,32125.91,571.4320526503024,Q3,571.43,Q3,9.7
72,West,Industrial,1942.38,1788.92,153.46,7383.37,48.11266779616838,Q1 (best),48.11,Q1 best,7.9
73,South,Commercial,2495.15,2246.6,248.55,81157.15,326.5224300945483,Q2,326.52,Q2,9.96
74,East,Commercial,1211.59,1099.14,112.45,94818.95,843.2098710538016,Q4 (worst),843.21,Q4 worst,9.28
75,West,Industrial,2442.63,2311.87,130.76,57990.09,443.48493423065156,Q3,443.48,Q3,5.35
76,West,Commercial,2299.42,2224.99,74.43,24124.22,324.11957544001075,Q2,324.12,Q2,3.24
77,West,Industrial,1306.7,1148.51,158.19,89105.0,563.2783361780138,Q3,563.28,Q3,12.11
78,East,Residential,1880.0,1734.44,145.56,53864.45,370.0498076394614,Q3,370.05,Q3,7.74
79,North,Residential,2003.91,1652.44,351.47,62755.24,178.55077246991206,Q2,178.55,Q2,17.54
80,South,Commercial,891.42,786.0,105.42,24330.23,230.79330297856194,Q2,230.79,Q2,11.83
81,Central,Commercial,1717.05,1650.75,66.3,97697.1,1473.5610859728508,Q4 (worst),1473.56,Q4 worst,3.86
82,North,Residential,579.01,519.41,59.6,15513.54,260.29429530201344,Q2,260.29,Q2,10.29
83,North,Residential,2281.7,2137.02,144.68,20610.32,142.45452032070776,Q1 (best),142.45,Q1 best,6.34
84,West,Commercial,633.53,517.47,116.06,58157.36,501.0973634327072,Q3,501.1,Q3,18.32
85,North,Industrial,2356.24,1904.15,452.09,44561.73,98.56827180428677,Q1 (best),98.57,Q1 best,19.19
86,Central,Residential,2363.01,2221.99,141.02,27296.99,193.5682172741455,Q2,193.57,Q2,5.97
87,East,Commercial,2486.87,2099.14,387.73,8883.87,22.912516441853867,Q1 (best),22.91,Q1 best,15.59
88,East,Industrial,2413.21,2176.91,236.3,59109.48,250.1459162082099,Q2,250.15,Q2,9.79
89,North,Industrial,954.24,849.81,104.43,81893.69,784.1969740496025,Q4 (worst),784.2,Q4 worst,10.94
90,North,Residential,1325.19,1225.61,99.58,80136.87,804.7486443060856,Q4 (worst),804.75,Q4 worst,7.51
91,East,Residential,2058.11,1838.21,219.9,41027.22,186.57216916780354,Q2,186.57,Q2,10.68
92,South,Residential,1800.96,1693.33,107.63,46209.89,429.340239710118,Q3,429.34,Q3,5.98
93,East,Residential,1442.57,1272.77,169.8,19377.84,114.12155477031801,Q1 (best),114.12,Q1 best,11.77
94,Central,Residential,1822.52,1575.26,247.26,60656.52,245.31472943460324,Q2,245.31,Q2,13.57
95,South,Industrial,561.45,499.51,61.94,48249.12,778.9654504359058,Q4 (worst),778.97,Q4 worst,11.03
96,South,Industrial,1037.28,915.47,121.81,79119.27,649.5301699367868,Q4 (worst),649.53,Q4 worst,11.74
97,North,Industrial,1168.02,944.9,223.12,94248.92,422.41358910003584,Q3,422.41,Q3,19.1
98,Central,Residential,2316.2,1883.87,432.33,41087.96,95.03841972567253,Q1 (best),95.04,Q1 best,18.67
99,East,Residential,1072.61,973.47,99.14,72033.03,726.578878353843,Q4 (worst),726.58,Q4 worst,9.24
100,Central,Residential,785.4,637.23,148.17,7761.44,52.38199365593575,Q1 (best),52.38,Q1 best,18.87
101,East,Residential,603.0,558.35,44.65,72977.49,1634.4342665173574,Q4 (worst),1634.43,Q4 worst,7.4
102,East,Commercial,719.36,584.14,135.22,81442.37,602.2952965537642,Q3,602.3,Q3,18.8
103,South,Residential,1951.54,1757.62,193.92,57301.79,295.4919038778878,Q2,295.49,Q2,9.94
104,Central,Commercial,1881.61,1602.55,279.06,79935.29,286.4448147351824,Q2,286.44,Q2,14.83
105,Central,Commercial,1976.97,1818.33,158.64,18485.19,116.52288199697428,Q1 (best),116.52,Q1 best,8.02
106,West,Residential,1622.8,1377.23,245.57,7303.9,29.742639573237774,Q1 (best),29.74,Q1 best,15.13
107,South,Residential,2489.45,2087.04,402.41,12450.78,30.94053328694615,Q1 (best),30.94,Q1 best,16.16
108,Central,Residential,1100.21,1023.23,76.98,89244.99,1159.3269680436476,Q4 (worst),1159.33,Q4 worst,7.0
109,North,Industrial,1447.08,1305.44,141.64,21554.3,152.17664501553236,Q1 (best),152.18,Q1 best,9.79
110,South,Residential,1423.64,1311.32,112.32,73537.68,654.7158119658119,Q4 (worst),654.72,Q4 worst,7.89
111,East,Industrial,550.02,518.28,31.74,44974.6,1416.9691241335854,Q4 (worst),1416.97,Q4 worst,5.77
112,West,Commercial,1862.97,1762.76,100.21,23919.9,238.6977347570103,Q2,238.7,Q2,5.38
113,Central,Commercial,1853.29,1490.14,363.15,53495.68,147.31014732204324,Q1 (best),147.31,Q1 best,19.59
114,East,Commercial,1856.5,1605.31,251.19,80534.86,320.6133205939727,Q2,320.61,Q2,13.53
115,Central,Residential,559.3,496.22,63.08,59312.18,940.2691819911224,Q4 (worst),940.27,Q4 worst,11.28
116,West,Industrial,1263.25,1020.17,243.08,33018.12,135.83231857824586,Q1 (best),135.83,Q1 best,19.24
117,East,Industrial,2251.97,1959.08,292.89,98014.13,334.6448496022398,Q3,334.64,Q3,13.01
118,North,Residential,888.98,741.44,147.54,27316.86,185.1488409922733,Q2,185.15,Q2,16.6
119,South,Residential,1929.03,1721.1,207.93,21017.92,101.08171019092963,Q1 (best),101.08,Q1 best,10.78
120,North,Industrial,2146.67,2040.29,106.38,55253.38,519.3963150968227,Q3,519.4,Q3,4.96
121,West,Commercial,1135.83,1070.95,64.88,86195.79,1328.5417694204687,Q4 (worst),1328.54,Q4 worst,5.71
122,West,Residential,1371.74,1332.15,39.59,9366.88,236.5971204849709,Q2,236.6,Q2,2.89
123,Central,Commercial,593.89,562.83,31.06,76964.97,2477.9449452672247,Q4 (worst),2477.94,Q4 worst,5.23
124,West,Commercial,958.81,806.81,152.0,29677.18,195.2446052631579,Q2,195.24,Q2,15.85
125,North,Residential,2398.79,2005.45,393.34,94573.89,240.43801799969492,Q2,240.44,Q2,16.4
126,East,Industrial,1105.15,992.36,112.79,30327.5,268.88465289476017,Q2,268.88,Q2,10.21
127,South,Industrial,1275.92,1040.04,235.88,46221.35,195.95281499067323,Q2,195.95,Q2,18.49
128,North,Commercial,1978.59,1749.16,229.43,67635.39,294.79749814758316,Q2,294.8,Q2,11.6
129,West,Residential,2375.2,2082.14,293.06,54118.39,184.6665870470211,Q2,184.67,Q2,12.34
130,South,Residential,2011.22,1834.32,176.9,68395.47,386.6335217637083,Q3,386.63,Q3,8.8
131,Central,Residential,859.26,769.75,89.51,50566.54,564.9261535024019,Q3,564.93,Q3,10.42
132,East,Residential,765.17,733.2,31.97,39972.71,1250.319361901783,Q4 (worst),1250.32,Q4 worst,4.18
133,North,Residential,2446.69,2117.93,328.76,15888.79,48.32945005475119,Q1 (best),48.33,Q1 best,13.44
134,North,Industrial,1742.56,1619.12,123.44,90755.28,735.2177576150357,Q4 (worst),735.22,Q4 worst,7.08
135,Central,Industrial,1479.64,1310.48,169.16,41001.94,242.38555213998583,Q2,242.39,Q2,11.43
136,East,Residential,1047.63,896.85,150.78,50685.0,336.1520095503382,Q3,336.15,Q3,14.39
137,South,Industrial,1984.0,1845.33,138.67,22515.23,162.36554409749766,Q1 (best),162.37,Q1 best,6.99
138,South,Commercial,1568.29,1403.12,165.17,42570.75,257.738996185748,Q2,257.74,Q2,10.53
139,East,Residential,1894.54,1518.59,375.95,35185.76,93.59159462694508,Q1 (best),93.59,Q1 best,19.84
140,West,Industrial,1969.5,1852.06,117.44,85586.62,728.7689032697548,Q4 (worst),728.77,Q4 worst,5.96
141,West,Commercial,1297.46,1129.04,168.42,41720.18,247.71511696948107,Q2,247.72,Q2,12.98
142,North,Residential,2303.52,1928.4,375.12,9707.19,25.87755918106206,Q1 (best),25.88,Q1 best,16.28
143,South,Commercial,789.27,658.71,130.56,80731.16,618.3452818627451,Q3,618.35,Q3,16.54
144,East,Industrial,1948.41,1757.89,190.52,7368.9,38.677829099307154,Q1 (best),38.68,Q1 best,9.78
145,North,Commercial,1073.12,948.17,124.95,56260.89,450.26722689075626,Q3,450.27,Q3,11.64
146,East,Commercial,1474.46,1235.22,239.24,71827.31,300.23119043638184,Q2,300.23,Q2,16.23
147,West,Industrial,1320.25,1223.76,96.49,95506.2,989.80412477977,Q4 (worst),989.8,Q4 worst,7.31
148,South,Residential,605.56,550.18,55.38,9484.54,171.26291079812208,Q1 (best),171.26,Q1 best,9.15
149,East,Residential,1326.44,1219.57,106.87,19910.53,186.3060727987274,Q2,186.31,Q2,8.06
150,North,Industrial,1539.87,1265.79,274.08,46243.54,168.72278166958554,Q1 (best),168.72,Q1 best,17.8
151,Central,Residential,1577.79,1537.97,39.82,8286.29,208.09367152184834,Q2,208.09,Q2,2.52
152,Central,Industrial,1945.08,1737.96,207.12,43633.1,210.66579760525298,Q2,210.67,Q2,10.65
153,West,Industrial,1501.92,1339.02,162.9,14268.4,87.58993247391037,Q1 (best),87.59,Q1 best,10.85
154,West,Industrial,1856.98,1632.48,224.5,91739.95,408.6412026726058,Q3,408.64,Q3,12.09
155,North,Residential,1107.61,1019.85,87.76,30114.36,343.14448495897904,Q3,343.14,Q3,7.92
156,North,Industrial,950.57,916.53,34.04,6952.35,204.24059929494715,Q2,204.24,Q2,3.58
157,South,Industrial,1871.27,1676.29,194.98,84359.14,432.6553492665915,Q3,432.66,Q3,10.42
158,North,Industrial,2316.21,2068.04,248.17,97238.02,391.8202038924931,Q3,391.82,Q3,10.71
159,Central,Residential,1075.58,978.1,97.48,55089.18,565.1331555190808,Q3,565.13,Q3,9.06
160,West,Residential,1071.05,874.39,196.66,54303.36,276.12813993694704,Q2,276.13,Q2,18.36
161,North,Residential,1725.38,1410.21,315.17,66323.92,210.43855696925468,Q2,210.44,Q2,18.27
162,North,Commercial,2451.13,2113.87,337.26,82954.95,245.96735456324498,Q2,245.97,Q2,13.76
163,North,Commercial,2059.92,1972.92,87.0,30166.15,346.7373563218391,Q3,346.74,Q3,4.22
164,East,Industrial,1268.38,1135.43,132.95,10521.34,79.1375705152313,Q1 (best),79.14,Q1 best,10.48
165,West,Residential,2398.29,2081.25,317.04,37896.81,119.5332134746404,Q1 (best),119.53,Q1 best,13.22
166,South,Commercial,662.31,623.3,39.01,90135.71,2310.5795949756475,Q4 (worst),2310.58,Q4 worst,5.89
167,Central,Industrial,1523.78,1275.54,248.24,25342.38,102.08822107637769,Q1 (best),102.09,Q1 best,16.29
168,West,Industrial,1843.97,1623.61,220.36,5348.03,24.269513523325465,Q1 (best),24.27,Q1 best,11.95
169,East,Industrial,1485.28,1400.71,84.57,42518.61,502.7623270663356,Q3,502.76,Q3,5.69
170,East,Commercial,711.13,625.47,85.66,63375.49,739.8492878823255,Q4 (worst),739.85,Q4 worst,12.05
171,West,Industrial,1270.24,1081.61,188.63,43283.65,229.46323490431004,Q2,229.46,Q2,14.85
172,North,Industrial,1515.21,1317.59,197.62,43807.94,221.67766420402793,Q2,221.68,Q2,13.04
173,South,Commercial,1444.13,1343.63,100.5,45960.9,457.3223880597015,Q3,457.32,Q3,6.96
174,Central,Commercial,2471.25,2148.22,323.03,90011.78,278.64836083335916,Q2,278.65,Q2,13.07
175,South,Commercial,2381.35,2044.18,337.17,48818.36,144.7885636325889,Q1 (best),144.79,Q1 best,14.16
176,Central,Industrial,679.14,549.53,129.61,40152.55,309.7951546948538,Q2,309.8,Q2,19.08
177,Central,Residential,2139.6,1782.09,357.51,11845.28,33.13272356018014,Q1 (best),33.13,Q1 best,16.71
178,East,Commercial,1482.1,1325.34,156.76,74919.03,477.92185506506763,Q3,477.92,Q3,10.58
179,East,Industrial,2363.84,2081.13,282.71,83611.47,295.74995578508015,Q2,295.75,Q2,11.96
180,East,Industrial,1406.58,1319.2,87.38,93126.51,1065.7645914396887,Q4 (worst),1065.76,Q4 worst,6.21
181,West,Industrial,536.31,477.12,59.19,27288.78,461.0369994931576,Q3,461.04,Q3,11.04
182,South,Residential,2453.32,2061.25,392.07,7989.98,20.378962940291274,Q1 (best),20.38,Q1 best,15.98
183,Central,Residential,1611.17,1352.29,258.88,43028.51,166.21025185414092,Q1 (best),166.21,Q1 best,16.07
184,East,Residential,912.27,859.98,52.29,68650.21,1312.8745458022568,Q4 (worst),1312.87,Q4 worst,5.73
185,South,Industrial,990.82,856.36,134.46,57091.83,424.6008478357876,Q3,424.6,Q3,13.57
186,South,Industrial,1730.75,1618.3,112.45,34383.91,305.77065362383286,Q2,305.77,Q2,6.5
187,West,Industrial,2139.41,1976.94,162.47,87032.5,535.6835108019942,Q3,535.68,Q3,7.59
188,East,Commercial,1031.6,962.52,69.08,72658.26,1051.7987840185292,Q4 (worst),1051.8,Q4 worst,6.7
189,West,Industrial,887.98,751.84,136.14,88212.88,647.9571029822242,Q3,647.96,Q3,15.33
190,West,Residential,2230.82,2033.25,197.57,36575.87,185.1286632585919,Q2,185.13,Q2,8.86
191,North,Residential,2161.32,1824.14,337.18,62519.9,185.41995373391066,Q2,185.42,Q2,15.6
192,West,Commercial,623.7,586.17,37.53,37369.48,995.7228883559819,Q4 (worst),995.72,Q4 worst,6.02
193,Central,Commercial,1636.45,1520.93,115.52,39506.21,341.9858898891967,Q3,341.99,Q3,7.06
194,Central,Industrial,2148.22,1846.59,301.63,60330.57,200.0151510128303,Q2,200.02,Q2,14.04
195,North,Residential,524.68,466.04,58.64,71085.56,1212.2366984993178,Q4 (worst),1212.24,Q4 worst,11.18
196,West,Commercial,2486.49,2246.49,240.0,33840.49,141.00204166666666,Q1 (best),141.0,Q1 best,9.65
197,South,Residential,1605.59,1360.61,244.98,37082.84,151.37088741938118,Q1 (best),151.37,Q1 best,15.26
198,East,Industrial,1127.15,1099.76,27.39,18334.98,669.4041621029572,Q4 (worst),669.4,Q4 worst,2.43
199,West,Residential,1099.5,958.56,140.94,23992.94,170.23513551866043,Q1 (best),170.24,Q1 best,12.82
200,South,Commercial,610.57,579.7,30.87,24087.82,780.2986718496923,Q4 (worst),780.3,Q4 worst,5.06
201,North,Commercial,2124.91,1833.37,291.54,14010.68,48.05748782328325,Q1 (best),48.06,Q1 best,13.72
202,Central,Industrial,2451.76,2133.2,318.56,24803.95,77.86272601707685,Q1 (best),77.86,Q1 best,12.99
203,East,Commercial,1115.94,1052.94,63.0,5255.15,83.41507936507936,Q1 (best),83.42,Q1 best,5.65
204,Central,Commercial,962.15,789.87,172.28,73580.78,427.09995356396564,Q3,427.1,Q3,17.91
205,East,Commercial,2021.59,1688.07,333.52,96950.85,290.6897637323099,Q2,290.69,Q2,16.5
206,East,Residential,1307.26,1124.98,182.28,60991.33,334.6024248409041,Q3,334.6,Q3,13.94
207,East,Commercial,556.34,520.1,36.24,67587.89,1865.0080022075053,Q4 (worst),1865.01,Q4 worst,6.51
208,West,Residential,1306.42,1178.22,128.2,10485.8,81.79251170046803,Q1 (best),81.79,Q1 best,9.81
209,East,Residential,1700.55,1542.45,158.1,70575.92,446.40050600885513,Q3,446.4,Q3,9.3
210,North,Residential,1373.62,1198.78,174.84,26760.49,153.05702356440173,Q1 (best),153.06,Q1 best,12.73
211,West,Industrial,540.32,444.02,96.3,49781.42,516.9410176531671,Q3,516.94,Q3,17.82
212,North,Industrial,630.14,616.9,13.24,73116.18,5522.37009063444,Q4 (worst),5522.37,Q4 worst,2.1
213,Central,Industrial,933.25,876.9,56.35,30408.5,539.6362023070097,Q3,539.64,Q3,6.04
214,North,Residential,1600.85,1558.43,42.42,60479.92,1425.7406883545495,Q4 (worst),1425.74,Q4 worst,2.65
215,South,Residential,835.95,773.68,62.27,90784.96,1457.9245222418501,Q4 (worst),1457.92,Q4 worst,7.45
216,North,Residential,1652.4,1366.52,285.88,89111.67,311.7100531691619,Q2,311.71,Q2,17.3
217,West,Residential,835.23,673.87,161.36,39184.95,242.84178235002474,Q2,242.84,Q2,19.32
218,West,Residential,982.26,834.8,147.46,29076.95,197.18533839685338,Q2,197.19,Q2,15.01
219,Central,Commercial,1829.25,1641.14,188.11,98861.67,525.5524427196852,Q3,525.55,Q3,10.28
220,South,Commercial,2400.38,2023.29,377.09,12480.18,33.09602482166061,Q1 (best),33.1,Q1 best,15.71
221,West,Residential,1703.5,1372.03,331.47,82019.77,247.44251365131083,Q2,247.44,Q2,19.46
222,Central,Industrial,1257.74,1018.02,239.72,40683.49,169.71253962956783,Q1 (best),169.71,Q1 best,19.06
223,East,Industrial,1792.02,1474.24,317.78,54269.78,170.7778337214425,Q1 (best),170.78,Q1 best,17.73
224,Central,Industrial,2233.91,1835.06,398.85,94587.18,237.14975554719817,Q2,237.15,Q2,17.85
225,South,Industrial,1806.42,1503.9,302.52,56486.44,186.71968795451542,Q2,186.72,Q2,16.75
226,North,Industrial,1116.81,929.78,187.03,27969.06,149.5431748917286,Q1 (best),149.54,Q1 best,16.75
227,East,Commercial,1914.19,1652.65,261.54,12202.63,46.65684025388085,Q1 (best),46.66,Q1 best,13.66
228,West,Industrial,1390.91,1306.21,84.7,37576.14,443.6380165289256,Q3,443.64,Q3,6.09
229,West,Industrial,2337.19,2105.53,231.66,86282.24,372.4520417853752,Q3,372.45,Q3,9.91
230,North,Commercial,2467.07,2244.09,222.98,20557.67,92.1951296080366,Q1 (best),92.2,Q1 best,9.04
231,East,Commercial,1349.92,1183.54,166.38,29176.4,175.36001923308092,Q2,175.36,Q2,12.33
232,East,Residential,2364.48,2169.56,194.92,19297.2,99.0006156371845,Q1 (best),99.0,Q1 best,8.24
233,Central,Industrial,1704.13,1427.35,276.78,75976.69,274.5020955271335,Q2,274.5,Q2,16.24
234,West,Industrial,1282.27,1093.95,188.32,70090.49,372.1882434154631,Q3,372.19,Q3,14.69
235,Central,Commercial,1476.67,1233.28,243.39,79292.32,325.78298204527715,Q2,325.78,Q2,16.48
236,East,Commercial,574.5,476.48,98.02,64148.23,654.4402162823914,Q4 (worst),654.44,Q4 worst,17.06
237,East,Industrial,2327.35,2090.58,236.77,87285.96,368.65295434387804,Q3,368.65,Q3,10.17
238,Central,Residential,954.83,779.08,175.75,68935.26,392.23476529160735,Q3,392.23,Q3,18.41
239,Central,Residential,632.62,572.41,60.21,12723.93,211.32585949177877,Q2,211.33,Q2,9.52
240,East,Commercial,520.94,455.74,65.2,96469.29,1479.5903374233128,Q4 (worst),1479.59,Q4 worst,12.52
241,West,Commercial,2038.51,1697.58,340.93,12298.01,36.07195025371777,Q1 (best),36.07,Q1 best,16.72
242,Central,Industrial,1285.57,1212.43,73.14,72624.24,992.9483182936834,Q4 (worst),992.95,Q4 worst,5.69
243,East,Commercial,1187.57,974.69,212.88,67475.7,316.9658962795941,Q2,316.97,Q2,17.93
244,South,Residential,509.32,414.8,94.52,17181.46,181.77592044011848,Q2,181.78,Q2,18.56
245,East,Residential,1863.55,1816.43,47.12,11544.74,245.0072156196944,Q2,245.01,Q2,2.53
246,West,Commercial,648.25,598.42,49.83,24183.02,485.3104555488662,Q3,485.31,Q3,7.69
247,South,Commercial,1776.84,1720.3,56.54,90752.57,1605.1038203042096,Q4 (worst),1605.1,Q4 worst,3.18
248,North,Residential,2215.95,1917.8,298.15,37789.44,126.74640281737382,Q1 (best),126.75,Q1 best,13.45
249,Central,Commercial,2264.11,2167.24,96.87,34936.87,360.65727263342626,Q3,360.66,Q3,4.28
250,South,Residential,1124.3,1067.89,56.41,99364.4,1761.4678248537493,Q4 (worst),1761.47,Q4 worst,5.02
251,South,Residential,640.48,566.72,73.76,53629.84,727.0856832971799,Q4 (worst),727.09,Q4 worst,11.52
252,South,Commercial,1338.99,1098.53,240.46,46509.43,193.41857273559012,Q2,193.42,Q2,17.96
253,East,Residential,1562.37,1344.79,217.58,13856.97,63.68678187333394,Q1 (best),63.69,Q1 best,13.93
254,Central,Commercial,1023.06,828.5,194.56,82481.98,423.9410978618421,Q3,423.94,Q3,19.02
255,East,Commercial,1648.35,1325.83,322.52,97441.16,302.12439538633265,Q2,302.12,Q2,19.57
256,North,Commercial,2172.66,2057.33,115.33,54581.54,473.26402497182,Q3,473.26,Q3,5.31
257,East,Residential,2477.22,2020.61,456.61,85715.77,187.72206040165568,Q2,187.72,Q2,18.43
258,South,Industrial,1540.12,1369.48,170.64,91276.14,534.904711673699,Q3,534.9,Q3,11.08
259,South,Residential,1743.37,1578.91,164.46,28581.38,173.78924966557219,Q2,173.79,Q2,9.43
260,South,Industrial,508.21,421.39,86.82,23672.68,272.6639023266529,Q2,272.66,Q2,17.08
261,East,Industrial,525.23,443.71,81.52,79580.51,976.2084151128557,Q4 (worst),976.21,Q4 worst,15.52
262,North,Residential,1881.68,1506.16,375.52,75675.5,201.52188964635707,Q2,201.52,Q2,19.96
263,North,Industrial,2271.16,2109.07,162.09,8136.47,50.19723610339935,Q1 (best),50.2,Q1 best,7.14
264,South,Residential,722.85,641.39,81.46,55317.59,679.0767247728946,Q4 (worst),679.08,Q4 worst,11.27
265,East,Residential,1470.68,1228.73,241.95,8270.2,34.181442446786534,Q1 (best),34.18,Q1 best,16.45
266,North,Residential,1260.44,1089.52,170.92,71559.21,418.670781652235,Q3,418.67,Q3,13.56
267,East,Residential,2481.56,2053.49,428.07,55839.28,130.44427313289881,Q1 (best),130.44,Q1 best,17.25
268,West,Industrial,1692.62,1361.35,331.27,78434.53,236.76919129411056,Q2,236.77,Q2,19.57
269,North,Industrial,1768.1,1526.08,242.02,42106.05,173.97756383769936,Q2,173.98,Q2,13.69
270,North,Industrial,646.45,596.98,49.47,70656.08,1428.2611683848797,Q4 (worst),1428.26,Q4 worst,7.65
271,North,Commercial,734.17,669.31,64.86,38049.24,586.63644773358,Q3,586.64,Q3,8.83
272,West,Commercial,2314.94,2190.66,124.28,73578.59,592.0388638558094,Q3,592.04,Q3,5.37
273,North,Residential,2208.85,1857.59,351.26,78143.96,222.46757387690033,Q2,222.47,Q2,15.9
274,East,Residential,957.89,780.98,176.91,48090.27,271.83466169238596,Q2,271.83,Q2,18.47
275,Central,Commercial,708.46,660.25,48.21,82134.36,1703.678904791537,Q4 (worst),1703.68,Q4 worst,6.8
276,Central,Industrial,967.47,898.52,68.95,17322.32,251.23016678752717,Q2,251.23,Q2,7.13
277,Central,Industrial,1164.37,1040.3,124.07,72939.9,587.8931248488756,Q3,587.89,Q3,10.66
278,North,Residential,1386.8,1312.47,74.33,34696.89,466.79523745459437,Q3,466.8,Q3,5.36
279,North,Commercial,1579.95,1333.31,246.64,5498.65,22.294234511839118,Q1 (best),22.29,Q1 best,15.61
280,West,Residential,2318.5,2222.05,96.45,5777.27,59.89911871435977,Q1 (best),59.9,Q1 best,4.16
281,Central,Residential,992.37,816.44,175.93,54743.58,311.1668277155687,Q2,311.17,Q2,17.73
282,South,Industrial,1696.52,1529.47,167.05,66398.77,397.47841963483984,Q3,397.48,Q3,9.85
283,Central,Industrial,670.94,611.15,59.79,38455.64,643.1784579361097,Q3,643.18,Q3,8.91
284,North,Commercial,645.09,541.95,103.14,83621.1,810.7533449680047,Q4 (worst),810.75,Q4 worst,15.99
285,West,Commercial,1373.86,1337.26,36.6,19777.42,540.3666666666666,Q3,540.37,Q3,2.66
286,North,Commercial,1897.54,1613.96,283.58,35034.85,123.54485506735313,Q1 (best),123.54,Q1 best,14.94
287,Central,Industrial,1642.38,1413.39,228.99,61968.74,270.61766889383813,Q2,270.62,Q2,13.94
288,South,Residential,1662.38,1582.57,79.81,32245.91,404.03345445432905,Q3,404.03,Q3,4.8
289,North,Industrial,1466.63,1326.64,139.99,95997.12,685.7426959068504,Q4 (worst),685.74,Q4 worst,9.55
290,North,Commercial,1806.26,1475.34,330.92,84356.6,254.91538740481084,Q2,254.92,Q2,18.32
291,South,Industrial,662.77,601.68,61.09,96731.51,1583.4262563431002,Q4 (worst),1583.43,Q4 worst,9.22
292,East,Commercial,535.78,487.61,48.17,88237.91,1831.802159020137,Q4 (worst),1831.8,Q4 worst,8.99
293,North,Residential,1879.42,1740.41,139.01,93276.47,671.0054672325732,Q4 (worst),671.01,Q4 worst,7.4
294,South,Residential,2252.32,1915.12,337.2,54033.06,160.24039145907474,Q1 (best),160.24,Q1 best,14.97
295,South,Residential,2333.09,1930.23,402.86,87053.59,216.08893908553839,Q2,216.09,Q2,17.27
296,South,Residential,1473.92,1181.99,291.93,55743.79,190.94916589593396,Q2,190.95,Q2,19.81
297,West,Industrial,748.45,709.81,38.64,8101.26,209.65993788819875,Q2,209.66,Q2,5.16
298,West,Industrial,2199.38,1832.68,366.7,34400.6,93.81128988273794,Q1 (best),93.81,Q1 best,16.67
299,Central,Commercial,759.98,613.99,145.99,50324.12,344.70936365504485,Q3,344.71,Q3,19.21
300,North,Industrial,2244.12,1830.49,413.63,64789.98,156.63752629161328,Q1 (best),156.64,Q1 best,18.43
301,South,Commercial,1306.64,1054.09,252.55,77786.04,308.0025341516531,Q2,308.0,Q2,19.33
302,East,Commercial,817.58,674.85,142.73,17345.92,121.52960134519722,Q1 (best),121.53,Q1 best,17.46
303,South,Commercial,1968.2,1657.01,311.19,74837.09,240.48680870207912,Q2,240.49,Q2,15.81
304,East,Residential,663.68,537.55,126.13,38125.29,302.26980099896934,Q2,302.27,Q2,19.0
305,North,Commercial,1790.32,1577.23,213.09,88212.08,413.9663053170022,Q3,413.97,Q3,11.9
306,South,Residential,2116.1,1808.47,307.63,66090.62,214.83801969898903,Q2,214.84,Q2,14.54
307,East,Residential,541.13,440.24,100.89,80354.74,796.4589156507087,Q4 (worst),796.46,Q4 worst,18.64
308,South,Commercial,2322.49,1927.77,394.72,23205.92,58.79083907580056,Q1 (best),58.79,Q1 best,17.0
309,Central,Commercial,1525.3,1274.98,250.32,30164.97,120.50563279002877,Q1 (best),120.51,Q1 best,16.41
310,Central,Residential,518.74,455.64,63.1,57195.36,906.424088748019,Q4 (worst),906.42,Q4 worst,12.16
311,North,Residential,1311.02,1271.36,39.66,34005.91,857.4359556227939,Q4 (worst),857.44,Q4 worst,3.03
312,North,Residential,1780.6,1685.67,94.93,86012.47,906.0620457178974,Q4 (worst),906.06,Q4 worst,5.33
313,North,Residential,1342.62,1135.74,206.88,88391.4,427.2592807424594,Q3,427.26,Q3,15.41
314,East,Commercial,2268.59,1980.85,287.74,14557.28,50.59178424966984,Q1 (best),50.59,Q1 best,12.68
315,Central,Residential,862.07,813.43,48.64,13700.01,281.66138980263156,Q2,281.66,Q2,5.64
316,South,Industrial,908.24,783.33,124.91,22382.38,179.18805539988793,Q2,179.19,Q2,13.75
317,South,Residential,1244.68,1090.67,154.01,96842.92,628.8092980975262,Q3,628.81,Q3,12.37
318,South,Residential,1547.37,1280.81,266.56,47911.03,179.73825780312123,Q2,179.74,Q2,17.23
319,South,Industrial,876.34,754.44,121.9,65006.9,533.2805578342903,Q3,533.28,Q3,13.91
320,South,Residential,2371.75,2316.04,55.71,91008.99,1633.6203554119547,Q4 (worst),1633.62,Q4 worst,2.35
321,East,Commercial,1595.6,1362.44,233.16,50296.76,215.71779035855207,Q2,215.72,Q2,14.61
322,Central,Residential,1573.65,1409.42,164.23,54455.43,331.58028374840165,Q3,331.58,Q3,10.44
323,Central,Industrial,981.82,808.6,173.22,47172.22,272.32548204595315,Q2,272.33,Q2,17.64
324,East,Residential,2057.09,1835.13,221.96,19050.48,85.82843755631644,Q1 (best),85.83,Q1 best,10.79
325,East,Industrial,990.08,867.88,122.2,13406.54,109.70981996726678,Q1 (best),109.71,Q1 best,12.34
326,North,Residential,2242.91,2138.79,104.12,13304.64,127.78179024202842,Q1 (best),127.78,Q1 best,4.64
327,West,Commercial,2056.28,1890.73,165.55,47809.73,288.793295077016,Q2,288.79,Q2,8.05
328,East,Commercial,2337.58,2002.16,335.42,61087.99,182.12387454534613,Q2,182.12,Q2,14.35
329,North,Residential,1090.43,933.26,157.17,32790.96,208.63370872303875,Q2,208.63,Q2,14.41
330,South,Industrial,2336.61,1996.42,340.19,85666.39,251.81924806725652,Q2,251.82,Q2,14.56
331,Central,Residential,1951.29,1725.68,225.61,25223.82,111.80275696999246,Q1 (best),111.8,Q1 best,11.56
332,Central,Commercial,1033.22,929.41,103.81,96806.55,932.5358828629227,Q4 (worst),932.54,Q4 worst,10.05
333,North,Industrial,911.78,777.55,134.23,72308.69,538.69246815168,Q3,538.69,Q3,14.72
334,North,Industrial,1426.3,1169.69,256.61,42757.53,166.6245664627255,Q1 (best),166.62,Q1 best,17.99
335,South,Commercial,2261.66,1906.67,354.99,89487.95,252.08583340375785,Q2,252.09,Q2,15.7
336,East,Industrial,1632.78,1582.51,50.27,11581.0,230.37596976327828,Q2,230.38,Q2,3.08
337,Central,Residential,728.93,600.77,128.16,10945.59,85.40566479400749,Q1 (best),85.41,Q1 best,17.58
338,Central,Commercial,1714.95,1638.87,76.08,72806.38,956.9713459516299,Q4 (worst),956.97,Q4 worst,4.44
339,South,Commercial,2293.89,1840.5,453.39,18523.1,40.85467257769249,Q1 (best),40.85,Q1 best,19.77
340,Central,Commercial,1948.21,1811.36,136.85,22288.18,162.86576543660942,Q1 (best),162.87,Q1 best,7.02
341,Central,Residential,1507.8,1381.73,126.07,6672.65,52.92813516300468,Q1 (best),52.93,Q1 best,8.36
342,South,Residential,2066.36,1981.15,85.21,50505.17,592.7141180612605,Q3,592.71,Q3,4.12
343,Central,Commercial,1345.18,1179.08,166.1,64869.47,390.544671884407,Q3,390.54,Q3,12.35
344,South,Industrial,1724.24,1562.93,161.31,66970.53,415.1666356704482,Q3,415.17,Q3,9.36
345,West,Residential,1803.77,1671.14,132.63,83167.33,627.0627309055267,Q3,627.06,Q3,7.35
346,Central,Commercial,1116.96,997.41,119.55,12167.34,101.77616060225847,Q1 (best),101.78,Q1 best,10.7
347,North,Residential,2083.09,1913.1,169.99,22450.15,132.0674745573269,Q1 (best),132.07,Q1 best,8.16
348,West,Commercial,2070.42,1757.94,312.48,48166.98,154.14420122887864,Q1 (best),154.14,Q1 best,15.09
349,West,Commercial,1775.43,1610.64,164.79,10268.48,62.31251896352934,Q1 (best),62.31,Q1 best,9.28
350,East,Industrial,2330.81,2141.61,189.2,81743.17,432.0463530655391,Q3,432.05,Q3,8.12
351,East,Commercial,1543.24,1354.41,188.83,38484.28,203.80384472806224,Q2,203.8,Q2,12.24
352,Central,Residential,2015.62,1777.62,238.0,61316.12,257.63075630252104,Q2,257.63,Q2,11.81
353,North,Residential,1301.62,1261.9,39.72,68049.04,1713.2185297079557,Q4 (worst),1713.22,Q4 worst,3.05
354,South,Industrial,1835.04,1776.83,58.21,23291.21,400.12386187940217,Q3,400.12,Q3,3.17
355,Central,Industrial,543.89,446.61,97.28,83603.66,859.4126233552632,Q4 (worst),859.41,Q4 worst,17.89
356,South,Commercial,2123.09,2004.61,118.48,86049.57,726.2792876434842,Q4 (worst),726.28,Q4 worst,5.58
357,South,Industrial,1630.35,1406.93,223.42,67325.48,301.34043505505326,Q2,301.34,Q2,13.7
358,West,Industrial,1963.9,1676.64,287.26,50926.12,177.2823226345471,Q2,177.28,Q2,14.63
359,North,Commercial,1990.22,1838.92,151.3,94798.42,626.5592861863846,Q3,626.56,Q3,7.6
360,South,Industrial,1728.55,1420.2,308.35,36177.13,117.32489054645693,Q1 (best),117.32,Q1 best,17.84
361,East,Commercial,529.05,435.49,93.56,43032.51,459.9455964087217,Q3,459.95,Q3,17.68
362,North,Commercial,2178.54,1946.49,232.05,92336.96,397.91837965955614,Q3,397.92,Q3,10.65
363,Central,Commercial,1490.65,1258.54,232.11,46304.92,199.4955839903494,Q2,199.5,Q2,15.57
364,North,Commercial,1881.32,1662.83,218.49,63358.64,289.98416403496725,Q2,289.98,Q2,11.61
365,South,Industrial,2296.23,2228.93,67.3,23145.34,343.91292719167905,Q3,343.91,Q3,2.93
366,North,Residential,1634.0,1579.41,54.59,36192.43,662.9864444037369,Q4 (worst),662.99,Q4 worst,3.34
367,West,Industrial,1153.21,1116.38,36.83,39879.22,1082.7917458593538,Q4 (worst),1082.79,Q4 worst,3.19
368,West,Residential,2362.94,2165.56,197.38,48184.63,244.12113689330226,Q2,244.12,Q2,8.35
369,Central,Industrial,1740.29,1569.59,170.7,14457.34,84.69443468072643,Q1 (best),84.69,Q1 best,9.81
370,North,Commercial,803.69,670.39,133.3,70962.49,532.3517629407352,Q3,532.35,Q3,16.59
371,Central,Commercial,1014.42,952.63,61.79,74571.82,1206.859038679398,Q4 (worst),1206.86,Q4 worst,6.09
372,East,Industrial,1002.69,898.44,104.25,48446.37,464.71338129496405,Q3,464.71,Q3,10.4
373,East,Residential,2076.61,1815.86,260.75,36605.01,140.38354745925216,Q1 (best),140.38,Q1 best,12.56
374,South,Commercial,2253.8,1923.66,330.14,6088.78,18.44302417156358,Q1 (best),18.44,Q1 best,14.65
375,East,Residential,1648.86,1609.17,39.69,71414.34,1799.3030990173847,Q4 (worst),1799.3,Q4 worst,2.41
376,North,Commercial,1361.12,1235.35,125.77,68859.09,547.5001192653256,Q3,547.5,Q3,9.24
377,North,Industrial,1981.24,1719.31,261.93,34465.47,131.58275111671057,Q1 (best),131.58,Q1 best,13.22
378,West,Commercial,2093.29,1891.05,202.24,78335.42,387.33890427215186,Q3,387.34,Q3,9.66
379,South,Industrial,739.1,593.13,145.97,40582.1,278.01671576351305,Q2,278.02,Q2,19.75
380,East,Residential,1720.99,1643.25,77.74,10344.06,133.05968613326473,Q1 (best),133.06,Q1 best,4.52
381,East,Industrial,2498.93,2256.45,242.48,80361.15,331.41351864071265,Q3,331.41,Q3,9.7
382,East,Industrial,2198.23,2144.1,54.13,11758.98,217.23591354147422,Q2,217.24,Q2,2.46
383,East,Residential,2487.73,2286.26,201.47,44695.2,221.84543604506874,Q2,221.85,Q2,8.1
384,North,Residential,1879.11,1688.29,190.82,91129.55,477.5681270307096,Q3,477.57,Q3,10.15
385,Central,Residential,2144.85,1765.09,379.76,63374.11,166.87937118179903,Q1 (best),166.88,Q1 best,17.71
386,Central,Residential,2030.02,1798.52,231.5,74360.36,321.21105831533475,Q2,321.21,Q2,11.4
387,East,Commercial,2497.03,2417.99,79.04,27068.92,342.4711538461538,Q3,342.47,Q3,3.17
388,Central,Commercial,893.49,776.27,117.22,47888.71,408.5370243985668,Q3,408.54,Q3,13.12
389,North,Industrial,1986.99,1671.93,315.06,46576.83,147.8347933726909,Q1 (best),147.83,Q1 best,15.86
390,North,Residential,1618.89,1502.94,115.95,86192.65,743.3605002156102,Q4 (worst),743.36,Q4 worst,7.16
391,West,Industrial,1668.54,1348.19,320.35,77713.52,242.58941782425472,Q2,242.59,Q2,19.2
392,South,Industrial,1593.56,1462.12,131.44,75763.87,576.4141052951917,Q3,576.41,Q3,8.25
393,East,Residential,1939.6,1693.88,245.72,50518.94,205.59555591730427,Q2,205.6,Q2,12.67
394,North,Residential,739.01,602.25,136.76,61496.43,449.6667885346593,Q3,449.67,Q3,18.51
395,East,Industrial,857.17,721.85,135.32,77988.12,576.3236772095773,Q3,576.32,Q3,15.79
396,East,Industrial,693.31,588.66,104.65,69228.9,661.5279503105589,Q4 (worst),661.53,Q4 worst,15.09
397,West,Industrial,2203.37,2097.51,105.86,28175.46,266.1577555261666,Q2,266.16,Q2,4.8
398,South,Commercial,2275.98,1851.98,424.0,34164.76,80.5772641509434,Q1 (best),80.58,Q1 best,18.63
399,North,Commercial,1746.82,1465.68,281.14,49690.86,176.74774133883474,Q2,176.75,Q2,16.09
400,West,Commercial,1845.24,1636.46,208.78,65186.19,312.2243030941661,Q2,312.22,Q2,11.31
401,West,Residential,2052.47,1776.11,276.36,6441.5,23.30836589955131,Q1 (best),23.31,Q1 best,13.46
402,East,Industrial,1586.42,1538.11,48.31,92206.47,1908.6414820948044,Q4 (worst),1908.64,Q4 worst,3.05
403,South,Industrial,1102.54,1045.36,57.18,66804.96,1168.3273871983213,Q4 (worst),1168.33,Q4 worst,5.19
404,East,Residential,1721.06,1647.87,73.19,97266.65,1328.9609236234458,Q4 (worst),1328.96,Q4 worst,4.25
405,North,Commercial,618.8,503.31,115.49,68508.43,593.1979392155165,Q3,593.2,Q3,18.66
406,Central,Residential,1949.22,1889.88,59.34,17151.09,289.030839231547,Q2,289.03,Q2,3.04
407,North,Residential,622.89,516.9,105.99,6241.18,58.88461175582603,Q1 (best),58.88,Q1 best,17.02
408,Central,Industrial,1016.14,906.89,109.25,8063.2,73.8050343249428,Q1 (best),73.81,Q1 best,10.75
409,West,Commercial,2090.91,1900.76,190.15,98945.48,520.3548777281094,Q3,520.35,Q3,9.09
410,South,Industrial,551.5,453.41,98.09,80382.26,819.4745641757569,Q4 (worst),819.47,Q4 worst,17.79
411,Central,Commercial,2394.92,2196.62,198.3,90256.86,455.15310136157336,Q3,455.15,Q3,8.28
412,South,Commercial,690.67,584.48,106.19,65283.93,614.7841604670873,Q3,614.78,Q3,15.37
413,West,Residential,2439.21,2264.74,174.47,19959.68,114.40178827305554,Q1 (best),114.4,Q1 best,7.15
414,South,Residential,2375.46,1944.19,431.27,95962.01,222.5102835810513,Q2,222.51,Q2,18.16
415,Central,Commercial,1282.73,1219.39,63.34,32814.95,518.0762551310388,Q3,518.08,Q3,4.94
416,South,Industrial,782.63,745.0,37.63,41879.9,1112.9391442997608,Q4 (worst),1112.94,Q4 worst,4.81
417,West,Residential,1524.57,1224.26,300.31,56894.62,189.4529652692218,Q2,189.45,Q2,19.7
418,Central,Commercial,1830.74,1656.52,174.22,56889.6,326.53885891401677,Q2,326.54,Q2,9.52
419,North,Industrial,2016.05,1890.81,125.24,32612.76,260.4021079527308,Q2,260.4,Q2,6.21
420,Central,Residential,2002.8,1690.66,312.14,64187.81,205.6378868456462,Q2,205.64,Q2,15.59
421,South,Commercial,846.59,809.81,36.78,82278.3,2237.0391517128874,Q4 (worst),2237.04,Q4 worst,4.34
422,West,Residential,2375.49,2099.79,275.7,73804.97,267.70029017047517,Q2,267.7,Q2,11.61
423,East,Residential,1089.74,952.59,137.15,48365.12,352.6439664600802,Q3,352.64,Q3,12.59
424,East,Residential,503.54,405.16,98.38,73661.68,748.7464931896726,Q4 (worst),748.75,Q4 worst,19.54
425,Central,Residential,1116.68,988.64,128.04,74652.72,583.0421743205249,Q3,583.04,Q3,11.47
426,North,Industrial,1710.67,1668.32,42.35,86759.38,2048.627626918536,Q4 (worst),2048.63,Q4 worst,2.48
427,East,Industrial,1300.59,1175.02,125.57,64383.65,512.731145974357,Q3,512.73,Q3,9.65
428,West,Industrial,1921.1,1660.43,260.67,50361.7,193.20098208462804,Q2,193.2,Q2,13.57
429,South,Residential,1688.95,1360.87,328.08,98366.56,299.82492075103636,Q2,299.82,Q2,19.43
430,South,Residential,1189.18,1137.14,52.04,63154.02,1213.5668716372022,Q4 (worst),1213.57,Q4 worst,4.38
431,Central,Commercial,1828.48,1479.62,348.86,22952.59,65.79312618242274,Q1 (best),65.79,Q1 best,19.08
432,Central,Residential,2442.66,2059.7,382.96,48795.9,127.4177459786923,Q1 (best),127.42,Q1 best,15.68
433,South,Residential,1489.14,1207.31,281.83,69269.33,245.78408969946423,Q2,245.78,Q2,18.93
434,Central,Commercial,1604.03,1496.6,107.43,37522.81,349.276831425114,Q3,349.28,Q3,6.7
435,South,Residential,908.65,804.82,103.83,37906.28,365.0802272946162,Q3,365.08,Q3,11.43
436,North,Residential,1693.74,1440.0,253.74,51745.54,203.93134704815952,Q2,203.93,Q2,14.98
437,Central,Commercial,2490.86,2024.55,466.31,68059.86,145.95410778237652,Q1 (best),145.95,Q1 best,18.72
438,West,Residential,1707.05,1462.15,244.9,95910.76,391.6323397305022,Q3,391.63,Q3,14.35
439,Central,Residential,2354.93,2146.71,208.22,93563.69,449.3501584862165,Q3,449.35,Q3,8.84
440,West,Residential,2125.18,1831.77,293.41,82093.51,279.7911114140622,Q2,279.79,Q2,13.81
441,North,Industrial,873.29,812.66,60.63,45378.85,748.4553851228765,Q4 (worst),748.46,Q4 worst,6.94
442,Central,Industrial,1982.41,1671.04,311.37,62599.46,201.0452516298937,Q2,201.05,Q2,15.71
443,North,Commercial,1764.71,1585.12,179.59,88519.39,492.89709894760284,Q3,492.9,Q3,10.18
444,East,Residential,2108.19,1740.32,367.87,14743.99,40.07934868295865,Q1 (best),40.08,Q1 best,17.45
445,North,Commercial,2499.55,2059.14,440.41,21288.39,48.33766263254694,Q1 (best),48.34,Q1 best,17.62
446,North,Commercial,2474.44,2170.14,304.3,42778.78,140.5809398619783,Q1 (best),140.58,Q1 best,12.3
447,West,Residential,695.14,600.52,94.62,11434.36,120.84506446839991,Q1 (best),120.85,Q1 best,13.61
448,North,Industrial,2301.57,2249.75,51.82,42443.74,819.06098031648,Q4 (worst),819.06,Q4 worst,2.25
449,Central,Industrial,807.96,746.04,61.92,57788.68,933.2797157622739,Q4 (worst),933.28,Q4 worst,7.66
450,Central,Commercial,2308.0,2072.39,235.61,52601.61,223.25711981664614,Q2,223.26,Q2,10.21
451,West,Industrial,1025.78,924.81,100.97,78579.35,778.2445280776469,Q4 (worst),778.24,Q4 worst,9.84
452,West,Commercial,1030.68,898.63,132.05,52101.23,394.55683453237407,Q3,394.56,Q3,12.81
453,West,Residential,1794.77,1479.0,315.77,58098.63,183.9903410710327,Q2,183.99,Q2,17.59
454,North,Residential,1918.18,1776.13,142.05,57478.18,404.6334389299542,Q3,404.63,Q3,7.41
455,Central,Commercial,1723.3,1386.23,337.07,52982.57,157.18565876524164,Q1 (best),157.19,Q1 best,19.56
456,Central,Industrial,1713.83,1377.42,336.41,67393.0,200.3299545197824,Q2,200.33,Q2,19.63
457,East,Commercial,1620.83,1311.05,309.78,94614.38,305.4244302408161,Q2,305.42,Q2,19.11
458,East,Residential,1708.59,1431.7,276.89,82986.88,299.7106432157175,Q2,299.71,Q2,16.21
459,Central,Commercial,1732.03,1569.41,162.62,87999.8,541.1376214487763,Q3,541.14,Q3,9.39
460,North,Commercial,2194.15,2086.8,107.35,55053.32,512.8394969725198,Q3,512.84,Q3,4.89
461,East,Industrial,914.25,758.12,156.13,87431.72,559.993082687504,Q3,559.99,Q3,17.08
462,North,Commercial,1768.84,1682.32,86.52,11335.25,131.01306056403143,Q1 (best),131.01,Q1 best,4.89
463,Central,Residential,614.67,594.33,20.34,46264.51,2274.5580137659786,Q4 (worst),2274.56,Q4 worst,3.31
464,East,Residential,636.94,520.95,115.99,7559.42,65.17303215794466,Q1 (best),65.17,Q1 best,18.21
465,Central,Residential,1378.8,1264.14,114.66,36402.28,317.4802023373452,Q2,317.48,Q2,8.32
466,Central,Industrial,2493.79,2207.02,286.77,47781.97,166.62122955678768,Q1 (best),166.62,Q1 best,11.5
467,North,Commercial,1427.92,1234.54,193.38,74539.11,385.4540800496432,Q3,385.45,Q3,13.54
468,East,Industrial,606.85,516.41,90.44,21769.11,240.70223352498897,Q2,240.7,Q2,14.9
469,South,Commercial,2038.28,1686.64,351.64,43102.27,122.57499146854737,Q1 (best),122.57,Q1 best,17.25
470,West,Residential,1291.63,1154.24,137.39,73237.72,533.0644151684985,Q3,533.06,Q3,10.64
471,North,Residential,588.98,573.07,15.91,45526.1,2861.4770584538023,Q4 (worst),2861.48,Q4 worst,2.7
472,East,Commercial,660.26,619.17,41.09,8692.27,211.54222438549525,Q2,211.54,Q2,6.22
473,West,Industrial,1407.33,1164.42,242.91,33912.12,139.60775595899716,Q1 (best),139.61,Q1 best,17.26
474,North,Residential,769.56,702.8,66.76,66040.55,989.2233373277411,Q4 (worst),989.22,Q4 worst,8.68
475,East,Industrial,1726.69,1578.2,148.49,84356.47,568.095292612297,Q3,568.1,Q3,8.6
476,South,Commercial,2459.03,1977.8,481.23,13074.01,27.16790308168651,Q1 (best),27.17,Q1 best,19.57
477,West,Commercial,2028.56,1955.63,72.93,75200.52,1031.1328671328672,Q4 (worst),1031.13,Q4 worst,3.6
478,North,Industrial,2217.59,1934.41,283.18,81063.56,286.26160039550814,Q2,286.26,Q2,12.77
479,Central,Commercial,1512.22,1280.02,232.2,70871.88,305.21912144702844,Q2,305.22,Q2,15.35
480,East,Residential,1399.42,1202.3,197.12,22167.05,112.45459618506493,Q1 (best),112.45,Q1 best,14.09
481,South,Commercial,1180.64,1061.9,118.74,70363.62,592.5856493178372,Q3,592.59,Q3,10.06
482,North,Residential,667.6,561.16,106.44,36989.79,347.5177564825254,Q3,347.52,Q3,15.94
483,South,Industrial,1609.74,1303.32,306.42,70647.86,230.55890607662684,Q2,230.56,Q2,19.04
484,North,Industrial,2155.89,1935.49,220.4,19744.79,89.58616152450091,Q1 (best),89.59,Q1 best,10.22
485,South,Industrial,1056.46,999.6,56.86,90860.5,1597.9686950404503,Q4 (worst),1597.97,Q4 worst,5.38
486,North,Industrial,705.68,576.5,129.18,80603.16,623.9600557361821,Q3,623.96,Q3,18.31
487,East,Residential,1693.51,1392.93,300.58,28070.87,93.3890145718278,Q1 (best),93.39,Q1 best,17.75
488,South,Residential,576.69,497.76,78.93,47707.16,604.4236665399721,Q3,604.42,Q3,13.69
489,Central,Industrial,1683.97,1625.84,58.13,88462.41,1521.8030276965421,Q4 (worst),1521.8,Q4 worst,3.45
490,South,Residential,1116.03,970.13,145.9,84419.26,578.6104180945853,Q3,578.61,Q3,13.07
491,Central,Commercial,2226.16,1919.49,306.67,81211.5,264.8172302474973,Q2,264.82,Q2,13.78
492,East,Industrial,1445.19,1292.97,152.22,39371.31,258.64741821048483,Q2,258.65,Q2,10.53
493,Central,Industrial,1656.86,1498.37,158.49,73540.03,464.00422739605017,Q3,464.0,Q3,9.57
494,Central,Commercial,1294.94,1166.64,128.3,76731.83,598.0657053780202,Q3,598.07,Q3,9.91
495,Central,Commercial,2481.8,2081.63,400.17,25255.99,63.11315191043806,Q1 (best),63.11,Q1 best,16.12
496,East,Industrial,1364.9,1175.7,189.2,37745.24,199.49915433403805,Q2,199.5,Q2,13.86
497,Central,Industrial,1716.01,1594.22,121.79,97997.43,804.6426636012808,Q4 (worst),804.64,Q4 worst,7.1
498,West,Industrial,1416.61,1184.52,232.09,91616.65,394.74621913912705,Q3,394.75,Q3,16.38
499,South,Residential,1754.79,1585.72,169.07,73751.59,436.2192582953806,Q3,436.22,Q3,9.63
500,North,Commercial,2091.91,2025.52,66.39,91231.91,1374.1815032384395,Q4 (worst),1374.18,Q4 worst,3.17
501,West,Industrial,1165.92,1001.07,164.85,63201.24,383.38635122838946,Q3,383.39,Q3,14.14
502,South,Residential,2317.48,2156.32,161.16,75235.36,466.83643584015886,Q3,466.84,Q3,6.95
503,East,Industrial,642.69,534.31,108.38,23788.17,219.48855877468168,Q2,219.49,Q2,16.86
504,North,Residential,517.98,465.53,52.45,64656.03,1232.7174451858912,Q4 (worst),1232.72,Q4 worst,10.13
505,West,Residential,2097.03,1807.16,289.87,56869.78,196.1906371821851,Q2,196.19,Q2,13.82
506,Central,Residential,2189.41,2114.33,75.08,56289.09,749.7214970697922,Q4 (worst),749.72,Q4 worst,3.43
507,East,Residential,2029.34,1654.85,374.49,84979.33,226.92015808165772,Q2,226.92,Q2,18.45
508,North,Industrial,1445.85,1350.96,94.89,15213.45,160.32722099272843,Q1 (best),160.33,Q1 best,6.56
509,East,Commercial,1541.36,1414.36,127.0,85767.34,675.3333858267716,Q4 (worst),675.33,Q4 worst,8.24
510,Central,Residential,1023.91,901.75,122.16,23029.31,188.51759986902425,Q2,188.52,Q2,11.93
511,South,Residential,1335.51,1094.43,241.08,81772.72,339.19329683092747,Q3,339.19,Q3,18.05
512,North,Commercial,1671.19,1473.46,197.73,75510.76,381.888231426693,Q3,381.89,Q3,11.83
513,South,Residential,1702.82,1570.73,132.09,86914.87,657.9973502914679,Q4 (worst),658.0,Q4 worst,7.76
514,North,Residential,1876.87,1556.63,320.24,90051.0,281.19847614289284,Q2,281.2,Q2,17.06
515,Central,Industrial,1128.09,1073.84,54.25,54494.72,1004.5109677419355,Q4 (worst),1004.51,Q4 worst,4.81
516,North,Residential,951.37,916.51,34.86,53080.66,1522.6810097532991,Q4 (worst),1522.68,Q4 worst,3.66
517,Central,Residential,2106.83,2051.38,55.45,33459.67,603.4205590622181,Q3,603.42,Q3,2.63
518,West,Commercial,1247.13,1212.8,34.33,16065.15,467.96242353626565,Q3,467.96,Q3,2.75
519,North,Residential,796.59,656.61,139.98,36909.86,263.679525646521,Q2,263.68,Q2,17.57
520,East,Commercial,1387.1,1112.97,274.13,20176.0,73.60011673293693,Q1 (best),73.6,Q1 best,19.76
521,Central,Commercial,1226.98,1111.48,115.5,22552.97,195.26380952380953,Q2,195.26,Q2,9.41
522,Central,Industrial,1876.18,1748.66,127.52,56424.81,442.47812107904645,Q3,442.48,Q3,6.8
523,East,Industrial,1739.64,1675.2,64.44,53508.41,830.3601800124147,Q4 (worst),830.36,Q4 worst,3.7
524,North,Industrial,1497.6,1413.44,84.16,94269.09,1120.117514258555,Q4 (worst),1120.12,Q4 worst,5.62
525,Central,Residential,1101.45,996.82,104.63,85198.59,814.2845264264552,Q4 (worst),814.28,Q4 worst,9.5
526,West,Commercial,905.79,876.02,29.77,31529.17,1059.0920389654013,Q4 (worst),1059.09,Q4 worst,3.29
527,Central,Industrial,1376.66,1273.47,103.19,77005.48,746.2494427754627,Q4 (worst),746.25,Q4 worst,7.5
528,West,Commercial,793.39,670.8,122.59,42199.11,344.2296272126601,Q3,344.23,Q3,15.45
529,South,Industrial,1041.94,968.31,73.63,56942.18,773.3556974059487,Q4 (worst),773.36,Q4 worst,7.07
530,North,Residential,955.82,932.43,23.39,78623.69,3361.42325780248,Q4 (worst),3361.42,Q4 worst,2.45
531,Central,Industrial,2138.08,2003.3,134.78,14558.2,108.01454221694614,Q1 (best),108.01,Q1 best,6.3
532,North,Residential,1085.81,990.18,95.63,65732.51,687.3628568440865,Q4 (worst),687.36,Q4 worst,8.81
533,South,Commercial,738.34,688.93,49.41,70286.21,1422.509815826756,Q4 (worst),1422.51,Q4 worst,6.69
534,West,Commercial,2266.67,2023.21,243.46,14165.31,58.18331553437936,Q1 (best),58.18,Q1 best,10.74
535,East,Commercial,630.79,611.62,19.17,55169.59,2877.9128847157012,Q4 (worst),2877.91,Q4 worst,3.04
536,South,Commercial,1724.49,1633.07,91.42,83042.97,908.3676438416102,Q4 (worst),908.37,Q4 worst,5.3
537,South,Residential,500.78,443.07,57.71,93147.24,1614.0571824640444,Q4 (worst),1614.06,Q4 worst,11.52
538,North,Industrial,1450.63,1371.23,79.4,80521.93,1014.1301007556674,Q4 (worst),1014.13,Q4 worst,5.47
539,West,Commercial,792.27,762.29,29.98,66093.28,2204.579052701801,Q4 (worst),2204.58,Q4 worst,3.78
540,Central,Residential,2113.09,1897.0,216.09,85507.21,395.70183719746404,Q3,395.7,Q3,10.23
541,West,Residential,2322.21,2036.45,285.76,46873.28,164.03023516237403,Q1 (best),164.03,Q1 best,12.31
542,East,Industrial,1420.47,1271.68,148.79,34380.33,231.06613347671217,Q2,231.07,Q2,10.47
543,East,Residential,2181.29,2083.42,97.87,39739.87,406.0475120057219,Q3,406.05,Q3,4.49
544,East,Residential,1346.59,1143.39,203.2,71828.38,353.4861220472441,Q3,353.49,Q3,15.09
545,West,Commercial,1902.25,1664.44,237.81,17541.46,73.76249947437029,Q1 (best),73.76,Q1 best,12.5
546,East,Residential,2490.91,2074.02,416.89,91902.77,220.4484876106407,Q2,220.45,Q2,16.74
547,North,Residential,2363.42,2165.65,197.77,16885.96,85.38180714971936,Q1 (best),85.38,Q1 best,8.37
548,North,Industrial,949.24,903.26,45.98,81081.26,1763.4027838190518,Q4 (worst),1763.4,Q4 worst,4.84
549,North,Commercial,1466.69,1399.01,67.68,42424.25,626.8358451536642,Q3,626.84,Q3,4.61
550,South,Commercial,1039.02,1010.31,28.71,46496.1,1619.5088819226748,Q4 (worst),1619.51,Q4 worst,2.76
551,West,Industrial,1303.41,1044.85,258.56,89825.17,347.40551516089107,Q3,347.41,Q3,19.84
552,West,Industrial,1141.7,938.39,203.31,73543.64,361.73154296394665,Q3,361.73,Q3,17.81
553,North,Residential,1227.93,1165.66,62.27,51792.48,831.7404849847438,Q4 (worst),831.74,Q4 worst,5.07
554,Central,Commercial,746.22,637.73,108.49,44223.07,407.62346760070056,Q3,407.62,Q3,14.54
555,West,Industrial,1094.67,980.15,114.52,50159.32,437.9961578763535,Q3,438.0,Q3,10.46
556,Central,Commercial,1623.65,1400.63,223.02,96548.21,432.9127880907542,Q3,432.91,Q3,13.74
557,West,Industrial,1655.64,1477.05,178.59,40484.94,226.69208802284564,Q2,226.69,Q2,10.79
558,East,Commercial,880.75,745.81,134.94,87541.14,648.741218319253,Q4 (worst),648.74,Q4 worst,15.32
559,Central,Commercial,822.38,755.67,66.71,90673.93,1359.2254534552542,Q4 (worst),1359.23,Q4 worst,8.11
560,Central,Industrial,2130.14,2057.26,72.88,90194.24,1237.5718990120747,Q4 (worst),1237.57,Q4 worst,3.42
561,East,Residential,1674.57,1381.9,292.67,85131.21,290.8778146034783,Q2,290.88,Q2,17.48
562,West,Commercial,1015.76,900.25,115.51,66937.24,579.493030906415,Q3,579.49,Q3,11.37
563,North,Commercial,1159.17,938.62,220.55,39663.59,179.8394468374518,Q2,179.84,Q2,19.03
564,South,Commercial,1152.31,1103.6,48.71,45812.85,940.5224799835762,Q4 (worst),940.52,Q4 worst,4.23
565,North,Residential,808.25,756.04,52.21,59521.96,1140.0490327523462,Q4 (worst),1140.05,Q4 worst,6.46
566,Central,Residential,1196.37,1055.61,140.76,60444.62,429.4161693662973,Q3,429.42,Q3,11.77
567,South,Industrial,2434.47,2138.96,295.51,45212.29,152.99749585462422,Q1 (best),153.0,Q1 best,12.14
568,West,Commercial,2302.08,1865.58,436.5,31908.98,73.10190148911798,Q1 (best),73.1,Q1 best,18.96
569,North,Residential,1891.63,1665.62,226.01,46329.69,204.98955798416,Q2,204.99,Q2,11.95
570,East,Industrial,932.0,868.2,63.8,43341.73,679.337460815047,Q4 (worst),679.34,Q4 worst,6.85
571,East,Residential,2438.57,2353.05,85.52,29968.82,350.43054256314315,Q3,350.43,Q3,3.51
572,South,Industrial,2116.17,1887.07,229.1,28511.41,124.44962898297686,Q1 (best),124.45,Q1 best,10.83
573,South,Residential,1672.61,1628.75,43.86,35889.91,818.2834017327863,Q4 (worst),818.28,Q4 worst,2.62
574,Central,Industrial,2109.72,1863.23,246.49,51743.63,209.9218223863037,Q2,209.92,Q2,11.68
575,South,Residential,856.09,722.39,133.7,18076.68,135.20329094988782,Q1 (best),135.2,Q1 best,15.62
576,Central,Industrial,504.78,487.59,17.19,36826.02,2142.293193717277,Q4 (worst),2142.29,Q4 worst,3.41
577,Central,Commercial,1791.68,1672.93,118.75,20157.73,169.74930526315788,Q1 (best),169.75,Q1 best,6.63
578,West,Commercial,1105.25,1033.8,71.45,91983.87,1287.3879636109166,Q4 (worst),1287.39,Q4 worst,6.46
579,East,Industrial,849.12,782.53,66.59,17376.2,260.9430845472293,Q2,260.94,Q2,7.84
580,West,Residential,2281.36,1973.1,308.26,35189.5,114.15525854797899,Q1 (best),114.16,Q1 best,13.51
581,North,Residential,2265.91,1892.87,373.04,78019.48,209.1450782757881,Q2,209.15,Q2,16.46
582,South,Industrial,1038.45,944.11,94.34,79136.54,838.8439686241254,Q4 (worst),838.84,Q4 worst,9.08
583,West,Residential,2222.53,2120.48,102.05,61866.26,606.2347868691818,Q3,606.23,Q3,4.59
584,East,Residential,1954.38,1625.75,328.63,15122.58,46.01704044061711,Q1 (best),46.02,Q1 best,16.82
585,West,Industrial,812.16,701.91,110.25,89200.21,809.0721995464853,Q4 (worst),809.07,Q4 worst,13.57
586,South,Residential,2149.32,1984.71,164.61,66017.95,401.05674017374395,Q3,401.06,Q3,7.66
587,West,Industrial,1242.43,1198.68,43.75,9026.11,206.31108571428572,Q2,206.31,Q2,3.52
588,Central,Residential,1807.19,1495.62,311.57,79045.79,253.7015437943319,Q2,253.7,Q2,17.24
589,Central,Residential,1495.38,1440.09,55.29,7872.57,142.38686923494302,Q1 (best),142.39,Q1 best,3.7
590,South,Residential,503.39,456.16,47.23,6936.68,146.8702096125344,Q1 (best),146.87,Q1 best,9.38
591,Central,Residential,593.58,509.47,84.11,78593.3,934.4108905005351,Q4 (worst),934.41,Q4 worst,14.17
592,West,Residential,1894.66,1611.05,283.61,61064.03,215.30986213462148,Q2,215.31,Q2,14.97
593,South,Residential,581.25,541.44,39.81,60983.45,1531.8625973373523,Q4 (worst),1531.86,Q4 worst,6.85
594,West,Industrial,745.78,625.66,120.12,21844.33,181.85422910422912,Q2,181.85,Q2,16.11
595,Central,Commercial,1706.99,1530.49,176.5,84277.68,477.4939376770538,Q3,477.49,Q3,10.34
596,North,Residential,2129.6,1759.33,370.27,87960.05,237.55651281497288,Q2,237.56,Q2,17.39
597,South,Commercial,2101.16,2042.07,59.09,41797.26,707.3491284481299,Q4 (worst),707.35,Q4 worst,2.81
598,North,Residential,1668.08,1598.9,69.18,29909.22,432.3391153512576,Q3,432.34,Q3,4.15
599,North,Industrial,1088.54,965.1,123.44,78090.26,632.6171419313026,Q3,632.62,Q3,11.34
600,West,Commercial,2277.7,2086.85,190.85,57642.36,302.02965679853287,Q2,302.03,Q2,8.38
601,Central,Residential,616.95,501.6,115.35,50389.02,436.8358907672302,Q3,436.84,Q3,18.7
602,East,Residential,825.81,775.61,50.2,94041.27,1873.3320717131473,Q4 (worst),1873.33,Q4 worst,6.08
603,East,Industrial,2471.95,2392.4,79.55,95599.49,1201.7534883720932,Q4 (worst),1201.75,Q4 worst,3.22
604,Central,Residential,1098.01,890.74,207.27,26807.38,129.33555266078062,Q1 (best),129.34,Q1 best,18.88
605,South,Industrial,1905.09,1549.91,355.18,45851.7,129.0942620643054,Q1 (best),129.09,Q1 best,18.64
606,West,Residential,1432.56,1374.8,57.76,27779.99,480.95550554016626,Q3,480.96,Q3,4.03
607,North,Residential,2232.68,1849.35,383.33,50390.35,131.45423003678292,Q1 (best),131.45,Q1 best,17.17
608,Central,Residential,1937.29,1567.18,370.11,95636.42,258.39998919240224,Q2,258.4,Q2,19.1
609,South,Commercial,1244.69,1156.94,87.75,23782.06,271.0206267806268,Q2,271.02,Q2,7.05
610,West,Commercial,640.92,600.69,40.23,82132.49,2041.5732040765602,Q4 (worst),2041.57,Q4 worst,6.28
611,North,Commercial,1013.13,947.17,65.96,84863.88,1286.5961188599154,Q4 (worst),1286.6,Q4 worst,6.51
612,South,Commercial,1706.24,1464.37,241.87,91730.92,379.25712159424484,Q3,379.26,Q3,14.18
613,East,Commercial,838.91,713.55,125.36,55335.75,441.41472559029995,Q3,441.41,Q3,14.94
614,West,Residential,1816.74,1686.95,129.79,27098.28,208.7855767008244,Q2,208.79,Q2,7.14
615,Central,Industrial,781.84,709.92,71.92,89484.77,1244.2265016685205,Q4 (worst),1244.23,Q4 worst,9.2
616,North,Commercial,886.25,747.97,138.28,25629.63,185.3458923922476,Q2,185.35,Q2,15.6
617,South,Commercial,850.03,691.85,158.18,19339.1,122.26008344923504,Q1 (best),122.26,Q1 best,18.61
618,West,Residential,972.05,818.91,153.14,67961.3,443.7854251012146,Q3,443.79,Q3,15.75
619,North,Industrial,743.47,616.94,126.53,73683.0,582.3362048526042,Q3,582.34,Q3,17.02
620,West,Industrial,874.84,734.68,140.16,87017.26,620.8423230593608,Q3,620.84,Q3,16.02
621,East,Residential,1325.21,1178.52,146.69,16355.99,111.5003749403504,Q1 (best),111.5,Q1 best,11.07
622,North,Residential,1425.94,1390.71,35.23,49775.13,1412.8620493897247,Q4 (worst),1412.86,Q4 worst,2.47
623,East,Commercial,1414.85,1262.51,152.34,8451.24,55.47617172115006,Q1 (best),55.48,Q1 best,10.77
624,Central,Residential,2453.03,2223.86,229.17,74175.5,323.6702011607104,Q2,323.67,Q2,9.34
625,Central,Industrial,1215.75,1043.01,172.74,7172.47,41.52176681718189,Q1 (best),41.52,Q1 best,14.21
626,Central,Industrial,1379.31,1314.82,64.49,39069.22,605.8182663978912,Q3,605.82,Q3,4.68
627,North,Industrial,1095.12,1044.26,50.86,98358.4,1933.904836806921,Q4 (worst),1933.9,Q4 worst,4.64
628,North,Industrial,1088.72,1004.9,83.82,76557.19,913.3523025530901,Q4 (worst),913.35,Q4 worst,7.7
629,North,Industrial,719.09,642.78,76.31,21405.58,280.50819027650374,Q2,280.51,Q2,10.61
630,West,Industrial,1178.37,995.91,182.46,10240.16,56.122766633782746,Q1 (best),56.12,Q1 best,15.48
631,West,Residential,2286.84,2124.81,162.03,51508.4,317.8942171202864,Q2,317.89,Q2,7.09
632,Central,Commercial,913.06,839.96,73.1,89621.09,1226.0067031463748,Q4 (worst),1226.01,Q4 worst,8.01
633,East,Commercial,524.47,498.11,26.36,92447.87,3507.1270864946887,Q4 (worst),3507.13,Q4 worst,5.03
634,Central,Commercial,2128.84,2052.33,76.51,71416.35,933.4250424781075,Q4 (worst),933.43,Q4 worst,3.59
635,East,Commercial,795.36,734.8,60.56,10377.77,171.36344121532363,Q1 (best),171.36,Q1 best,7.61
636,East,Industrial,1541.4,1268.03,273.37,21372.59,78.18191462120934,Q1 (best),78.18,Q1 best,17.74
637,North,Residential,2168.23,1930.97,237.26,55366.59,233.35829891258535,Q2,233.36,Q2,10.94
638,North,Industrial,2319.08,2256.12,62.96,88603.07,1407.291454891995,Q4 (worst),1407.29,Q4 worst,2.71
639,North,Residential,730.37,688.91,41.46,63996.99,1543.5839363241678,Q4 (worst),1543.58,Q4 worst,5.68
640,North,Industrial,1355.12,1194.38,160.74,68829.26,428.2024387209157,Q3,428.2,Q3,11.86
641,West,Residential,1715.66,1544.6,171.06,83124.55,485.9379749795394,Q3,485.94,Q3,9.97
642,South,Commercial,1925.44,1808.35,117.09,30948.09,264.3102741480912,Q2,264.31,Q2,6.08
643,East,Industrial,1441.52,1162.82,278.7,85095.38,305.32967348403304,Q2,305.33,Q2,19.33
644,North,Commercial,1839.24,1490.91,348.33,74391.56,213.56633077828496,Q2,213.57,Q2,18.94
645,West,Residential,1786.62,1728.2,58.42,11840.91,202.6858952413557,Q2,202.69,Q2,3.27
646,South,Commercial,2208.18,1787.44,420.74,72614.61,172.58784522507963,Q2,172.59,Q2,19.05
647,East,Commercial,1464.81,1374.55,90.26,35315.4,391.2630179481498,Q3,391.26,Q3,6.16
648,Central,Industrial,2096.28,1875.54,220.74,55828.2,252.9138352813264,Q2,252.91,Q2,10.53
649,South,Industrial,1604.21,1545.93,58.28,13202.07,226.5283115991764,Q2,226.53,Q2,3.63
650,North,Residential,848.54,749.65,98.89,94156.37,952.1323692992213,Q4 (worst),952.13,Q4 worst,11.65
651,East,Residential,1186.77,1024.39,162.38,54774.21,337.321160241409,Q3,337.32,Q3,13.68
652,Central,Residential,1966.38,1911.67,54.71,46468.82,849.3661122281119,Q4 (worst),849.37,Q4 worst,2.78
653,South,Commercial,1803.52,1763.18,40.34,90878.26,2252.8076351016357,Q4 (worst),2252.81,Q4 worst,2.24
654,North,Industrial,1993.01,1656.47,336.54,9094.81,27.024454745349733,Q1 (best),27.02,Q1 best,16.89
655,East,Industrial,847.23,732.97,114.26,43983.44,384.9417118851742,Q3,384.94,Q3,13.49
656,Central,Residential,1233.68,1092.33,141.35,61686.81,436.4118146444995,Q3,436.41,Q3,11.46
657,East,Residential,1807.32,1742.69,64.63,65982.52,1020.9271236267988,Q4 (worst),1020.93,Q4 worst,3.58
658,West,Industrial,1962.11,1574.74,387.37,91180.36,235.38312207966544,Q2,235.38,Q2,19.74
659,Central,Commercial,1147.17,938.81,208.36,22261.79,106.84291610673833,Q1 (best),106.84,Q1 best,18.16
660,East,Industrial,1407.35,1242.34,165.01,34448.46,208.76589297618327,Q2,208.77,Q2,11.72
661,Central,Industrial,1786.53,1453.59,332.94,56757.61,170.4739893073827,Q1 (best),170.47,Q1 best,18.64
662,North,Residential,633.68,616.79,16.89,84049.31,4976.276494967436,Q4 (worst),4976.28,Q4 worst,2.67
663,North,Commercial,787.68,643.89,143.79,38220.29,265.8063147645873,Q2,265.81,Q2,18.25
664,West,Commercial,1608.29,1412.21,196.08,73521.96,374.9589963280294,Q3,374.96,Q3,12.19
665,North,Residential,754.53,674.37,80.16,30699.51,382.97791916167665,Q3,382.98,Q3,10.62
666,West,Industrial,899.27,726.03,173.24,29100.99,167.9807781112907,Q1 (best),167.98,Q1 best,19.26
667,Central,Commercial,2322.75,2097.74,225.01,66093.41,293.735433980712,Q2,293.74,Q2,9.69
668,North,Commercial,988.28,893.96,94.32,55249.57,585.7672815945717,Q3,585.77,Q3,9.54
669,South,Industrial,1887.81,1800.56,87.25,64053.41,734.1365042979943,Q4 (worst),734.14,Q4 worst,4.62
670,North,Commercial,1934.3,1797.51,136.79,52938.33,387.00438628554724,Q3,387.0,Q3,7.07
671,East,Industrial,1104.88,968.76,136.12,60257.12,442.67646194534234,Q3,442.68,Q3,12.32
672,South,Residential,1542.52,1457.11,85.41,21021.18,246.12082894274675,Q2,246.12,Q2,5.54
673,Central,Residential,1324.91,1218.81,106.1,24024.33,226.43100848256364,Q2,226.43,Q2,8.01
674,Central,Industrial,2315.3,2155.95,159.35,79551.12,499.2225917791026,Q3,499.22,Q3,6.88
675,West,Residential,1899.29,1596.01,303.28,31474.35,103.77984041150093,Q1 (best),103.78,Q1 best,15.97
676,South,Commercial,553.1,476.75,76.35,7878.31,103.18677144728227,Q1 (best),103.19,Q1 best,13.8
677,Central,Industrial,1531.91,1296.25,235.66,9474.28,40.20317406432997,Q1 (best),40.2,Q1 best,15.38
678,East,Commercial,1843.97,1579.84,264.13,66904.64,253.3019346533904,Q2,253.3,Q2,14.32
679,North,Industrial,2443.63,2249.68,193.95,43497.14,224.26986336684715,Q2,224.27,Q2,7.94
680,South,Industrial,1280.22,1185.54,94.68,39509.0,417.28981833544566,Q3,417.29,Q3,7.4
681,North,Industrial,907.78,833.31,74.47,29201.02,392.1178998254331,Q3,392.12,Q3,8.2
682,West,Commercial,1167.68,986.35,181.33,81864.04,451.46440191915286,Q3,451.46,Q3,15.53
683,West,Commercial,1676.68,1358.45,318.23,50487.32,158.6504100807592,Q1 (best),158.65,Q1 best,18.98
684,Central,Residential,1885.02,1737.26,147.76,52607.31,356.032146724418,Q3,356.03,Q3,7.84
685,West,Residential,1691.63,1532.21,159.42,99497.63,624.1226320411492,Q3,624.12,Q3,9.42
686,North,Residential,590.14,546.64,43.5,79212.92,1820.9866666666667,Q4 (worst),1820.99,Q4 worst,7.37
687,North,Residential,882.78,775.76,107.02,92211.57,861.6293216221268,Q4 (worst),861.63,Q4 worst,12.12
688,East,Residential,976.92,935.13,41.79,12139.54,290.4891122278057,Q2,290.49,Q2,4.28
689,West,Industrial,562.69,516.75,45.94,18473.45,402.1212451023074,Q3,402.12,Q3,8.16
690,Central,Commercial,1150.08,1053.4,96.68,70287.25,727.0092056268101,Q4 (worst),727.01,Q4 worst,8.41
691,Central,Industrial,1840.12,1515.41,324.71,6361.09,19.590064981060024,Q1 (best),19.59,Q1 best,17.65
692,South,Industrial,2294.39,1855.26,439.13,49752.5,113.29788445335095,Q1 (best),113.3,Q1 best,19.14
693,North,Commercial,2333.83,2114.04,219.79,27020.23,122.9365758223759,Q1 (best),122.94,Q1 best,9.42
694,East,Residential,1806.14,1676.7,129.44,87164.77,673.3990265760198,Q4 (worst),673.4,Q4 worst,7.17
695,Central,Commercial,1264.11,1233.74,30.37,29047.16,956.4425419822193,Q4 (worst),956.44,Q4 worst,2.4
696,North,Residential,794.77,671.76,123.01,55107.91,447.9953662303878,Q3,448.0,Q3,15.48
697,South,Industrial,845.06,823.47,21.59,81448.25,3772.498842056508,Q4 (worst),3772.5,Q4 worst,2.55
698,East,Residential,2022.8,1663.51,359.29,55597.96,154.7439672687801,Q1 (best),154.74,Q1 best,17.76
699,North,Residential,753.46,634.64,118.82,13958.63,117.47710823093755,Q1 (best),117.48,Q1 best,15.77
700,Central,Commercial,1502.79,1441.89,60.9,29217.26,479.75796387520523,Q3,479.76,Q3,4.05
701,East,Industrial,1152.95,935.99,216.96,92548.63,426.5700129056047,Q3,426.57,Q3,18.82
702,West,Residential,2073.27,1961.36,111.91,38879.07,347.41372531498524,Q3,347.41,Q3,5.4
703,South,Residential,2035.49,1929.87,105.62,78847.37,746.5193145237644,Q4 (worst),746.52,Q4 worst,5.19
704,East,Commercial,2037.31,1726.88,310.43,38562.44,124.22265889250396,Q1 (best),124.22,Q1 best,15.24
705,Central,Residential,1765.98,1604.96,161.02,68120.38,423.0553968451124,Q3,423.06,Q3,9.12
706,West,Industrial,2295.16,2135.49,159.67,54167.4,339.2459447610697,Q3,339.25,Q3,6.96
707,South,Commercial,1533.67,1339.26,194.41,52422.13,269.64729180597703,Q2,269.65,Q2,12.68
708,West,Commercial,1853.13,1726.01,127.12,51218.96,402.9181875393329,Q3,402.92,Q3,6.86
709,West,Commercial,2348.52,2134.69,213.83,76392.63,357.2587101903381,Q3,357.26,Q3,9.1
710,Central,Commercial,2205.81,1875.33,330.48,13598.15,41.146665456305975,Q1 (best),41.15,Q1 best,14.98
711,South,Commercial,1457.54,1330.51,127.03,91755.43,722.3130756514208,Q4 (worst),722.31,Q4 worst,8.72
712,West,Industrial,1246.87,1084.93,161.94,22139.02,136.71125108064714,Q1 (best),136.71,Q1 best,12.99
713,West,Commercial,1651.25,1556.02,95.23,89530.39,940.1490076656515,Q4 (worst),940.15,Q4 worst,5.77
714,North,Industrial,887.51,734.83,152.68,69796.0,457.13911448781766,Q3,457.14,Q3,17.2
715,North,Commercial,758.61,658.54,100.07,51971.8,519.3544518836815,Q3,519.35,Q3,13.19
716,North,Commercial,1709.21,1467.42,241.79,85640.76,354.1947971380123,Q3,354.19,Q3,14.15
717,Central,Residential,1634.44,1457.98,176.46,20340.69,115.27082624957497,Q1 (best),115.27,Q1 best,10.8
718,South,Commercial,782.36,720.84,61.52,13667.31,222.1604356306892,Q2,222.16,Q2,7.86
719,South,Commercial,1391.02,1203.91,187.11,11730.34,62.69221313665758,Q1 (best),62.69,Q1 best,13.45
720,East,Residential,1570.69,1278.98,291.71,72306.34,247.87062493572384,Q2,247.87,Q2,18.57
721,East,Commercial,2276.11,2085.71,190.4,57708.57,303.0912289915966,Q2,303.09,Q2,8.37
722,East,Residential,2442.85,2159.22,283.63,90962.89,320.7096922046328,Q2,320.71,Q2,11.61
723,West,Commercial,699.38,583.24,116.14,12621.96,108.6788358877217,Q1 (best),108.68,Q1 best,16.61
724,North,Industrial,2260.44,2155.28,105.16,29714.19,282.5617154811715,Q2,282.56,Q2,4.65
725,West,Commercial,1406.05,1222.75,183.3,64865.48,353.87605019094383,Q3,353.88,Q3,13.04
726,West,Industrial,594.53,550.1,44.43,70569.97,1588.340535674094,Q4 (worst),1588.34,Q4 worst,7.47
727,South,Industrial,517.68,450.35,67.33,23623.54,350.86202287241946,Q3,350.86,Q3,13.01
728,South,Residential,2281.67,2009.07,272.6,82915.06,304.163829787234,Q2,304.16,Q2,11.95
729,West,Industrial,1797.58,1558.52,239.06,82504.72,345.12139211913325,Q3,345.12,Q3,13.3
730,West,Industrial,744.36,598.28,146.08,98740.7,675.9357886089813,Q4 (worst),675.94,Q4 worst,19.62
731,West,Industrial,2234.31,2169.88,64.43,98441.66,1527.8854570852086,Q4 (worst),1527.89,Q4 worst,2.88
732,East,Industrial,1657.68,1432.08,225.6,56936.96,252.38014184397164,Q2,252.38,Q2,13.61
733,East,Commercial,1442.85,1319.8,123.05,55629.02,452.084681023974,Q3,452.08,Q3,8.53
734,North,Commercial,1511.92,1418.54,93.38,80378.87,860.771792675091,Q4 (worst),860.77,Q4 worst,6.18
735,South,Residential,1153.83,1005.04,148.79,87605.0,588.7828483096982,Q3,588.78,Q3,12.9
736,Central,Commercial,1702.54,1583.63,118.91,43302.46,364.16163484988647,Q3,364.16,Q3,6.98
737,West,Industrial,995.16,942.55,52.61,88101.26,1674.6105303174302,Q4 (worst),1674.61,Q4 worst,5.29
738,Central,Residential,530.67,486.56,44.11,21437.87,486.009294944457,Q3,486.01,Q3,8.31
739,East,Industrial,2123.17,1817.13,306.04,20463.66,66.86596523330283,Q1 (best),66.87,Q1 best,14.41
740,West,Commercial,1522.25,1426.76,95.49,62577.82,655.3337522253639,Q4 (worst),655.33,Q4 worst,6.27
741,North,Industrial,1290.43,1120.17,170.26,86500.97,508.0522142605427,Q3,508.05,Q3,13.19
742,South,Residential,625.81,612.31,13.5,42421.38,3142.3244444444445,Q4 (worst),3142.32,Q4 worst,2.16
743,North,Residential,1750.75,1552.92,197.83,25453.48,128.66339786685538,Q1 (best),128.66,Q1 best,11.3
744,East,Industrial,1071.67,872.63,199.04,87316.98,438.6906149517685,Q3,438.69,Q3,18.57
745,Central,Industrial,2398.84,1921.31,477.53,29924.88,62.665968630243135,Q1 (best),62.67,Q1 best,19.91
746,South,Residential,2062.35,1858.71,203.64,10346.58,50.80819092516205,Q1 (best),50.81,Q1 best,9.87
747,South,Commercial,828.3,758.14,70.16,77409.17,1103.3234036488027,Q4 (worst),1103.32,Q4 worst,8.47
748,South,Commercial,938.39,907.16,31.23,7106.36,227.54915145693244,Q2,227.55,Q2,3.33
749,Central,Industrial,2327.67,2025.3,302.37,18798.81,62.17154479611073,Q1 (best),62.17,Q1 best,12.99
750,East,Commercial,1476.22,1345.33,130.89,14733.19,112.56161662464666,Q1 (best),112.56,Q1 best,8.87
751,Central,Industrial,883.38,738.55,144.83,62487.82,431.4563281088172,Q3,431.46,Q3,16.39
752,Central,Industrial,683.41,602.42,80.99,91538.61,1130.2458328188666,Q4 (worst),1130.25,Q4 worst,11.85
753,West,Residential,1026.25,899.01,127.24,36101.35,283.7264225086451,Q2,283.73,Q2,12.4
754,West,Residential,2343.32,2146.47,196.85,31784.36,161.46487172974346,Q1 (best),161.46,Q1 best,8.4
755,East,Residential,1509.36,1293.82,215.54,58304.58,270.50468590516846,Q2,270.5,Q2,14.28
756,South,Commercial,2366.17,2304.59,61.58,87831.22,1426.2945761610913,Q4 (worst),1426.29,Q4 worst,2.6
757,North,Industrial,517.92,482.19,35.73,52415.12,1466.9778897285196,Q4 (worst),1466.98,Q4 worst,6.9
758,South,Industrial,2073.55,1824.86,248.69,46078.43,185.28461136354497,Q2,185.28,Q2,11.99
759,East,Residential,708.69,580.18,128.51,32285.81,251.23188856898298,Q2,251.23,Q2,18.13
760,South,Industrial,2455.66,2192.32,263.34,23248.9,88.2847269689375,Q1 (best),88.28,Q1 best,10.72
761,North,Commercial,1498.74,1362.83,135.91,30972.9,227.89272312559783,Q2,227.89,Q2,9.07
762,North,Commercial,2433.85,2304.95,128.9,77340.53,600.0041117145073,Q3,600.0,Q3,5.3
763,South,Residential,1112.37,1041.29,71.08,95918.47,1349.443866066404,Q4 (worst),1349.44,Q4 worst,6.39
764,West,Residential,1795.39,1625.22,170.17,90538.04,532.0446612211318,Q3,532.04,Q3,9.48
765,Central,Residential,1714.62,1624.83,89.79,15303.89,170.44091769684817,Q1 (best),170.44,Q1 best,5.24
766,Central,Commercial,1816.66,1704.36,112.3,7932.69,70.63837934105075,Q1 (best),70.64,Q1 best,6.18
767,Central,Commercial,1839.97,1476.11,363.86,67159.68,184.57560600230855,Q2,184.58,Q2,19.78
768,South,Residential,1823.92,1765.26,58.66,33451.65,570.2633822025231,Q3,570.26,Q3,3.22
769,West,Industrial,1782.53,1655.24,127.29,26650.12,209.36538612616857,Q2,209.37,Q2,7.14
770,North,Commercial,509.23,414.79,94.44,64103.49,678.7747776365946,Q4 (worst),678.77,Q4 worst,18.55
771,West,Commercial,2449.08,2238.19,210.89,57669.4,273.45725259614017,Q2,273.46,Q2,8.61
772,West,Residential,2234.32,1825.86,408.46,92913.17,227.4718944327474,Q2,227.47,Q2,18.28
773,West,Commercial,858.0,710.53,147.47,46185.38,313.18491896656946,Q2,313.18,Q2,17.19
774,West,Commercial,1974.86,1767.46,207.4,40956.97,197.47815814850532,Q2,197.48,Q2,10.5
775,North,Industrial,2031.33,1679.75,351.58,49603.33,141.0868934524148,Q1 (best),141.09,Q1 best,17.31
776,East,Residential,995.06,972.26,22.8,44057.64,1932.3526315789472,Q4 (worst),1932.35,Q4 worst,2.29
777,North,Commercial,1281.39,1183.78,97.61,87355.57,894.9448826964451,Q4 (worst),894.94,Q4 worst,7.62
778,Central,Residential,1076.65,958.61,118.04,25022.58,211.9839037614368,Q2,211.98,Q2,10.96
779,South,Residential,1235.79,1022.13,213.66,65596.49,307.0134325563981,Q2,307.01,Q2,17.29
780,Central,Industrial,2248.83,2100.52,148.31,63478.08,428.0094396871418,Q3,428.01,Q3,6.59
781,Central,Residential,1664.14,1333.03,331.11,94989.84,286.88302980882486,Q2,286.88,Q2,19.9
782,East,Commercial,2045.3,1699.44,345.86,59519.96,172.09263863991208,Q2,172.09,Q2,16.91
783,North,Residential,1335.66,1241.98,93.68,14985.79,159.96786934244236,Q1 (best),159.97,Q1 best,7.01
784,South,Commercial,1164.09,1114.58,49.51,64072.92,1294.1409816198748,Q4 (worst),1294.14,Q4 worst,4.25
785,East,Commercial,1427.17,1343.88,83.29,70913.98,851.4104934565974,Q4 (worst),851.41,Q4 worst,5.84
786,West,Commercial,1107.73,1076.9,30.83,84543.1,2742.234836198508,Q4 (worst),2742.23,Q4 worst,2.78
787,East,Commercial,2212.35,1775.25,437.1,57701.48,132.00979180965453,Q1 (best),132.01,Q1 best,19.76
788,West,Residential,1884.81,1642.33,242.48,11097.93,45.76843451006269,Q1 (best),45.77,Q1 best,12.86
789,South,Industrial,1137.02,930.0,207.02,15272.73,73.77417640807651,Q1 (best),73.77,Q1 best,18.21
790,South,Commercial,1893.09,1575.21,317.88,93075.62,292.80111991946643,Q2,292.8,Q2,16.79
791,West,Commercial,1349.29,1141.63,207.66,9729.68,46.853895791197154,Q1 (best),46.85,Q1 best,15.39
792,West,Industrial,1199.98,1127.42,72.56,5769.35,79.5114388092613,Q1 (best),79.51,Q1 best,6.05
793,North,Commercial,1018.12,843.2,174.92,35773.56,204.51383489595244,Q2,204.51,Q2,17.18
794,Central,Industrial,1978.11,1836.93,141.18,23461.56,166.18189545261367,Q1 (best),166.18,Q1 best,7.14
795,North,Residential,1836.7,1533.04,303.66,14444.79,47.56895870381347,Q1 (best),47.57,Q1 best,16.53
796,West,Residential,1943.41,1641.87,301.54,80633.15,267.4044902832128,Q2,267.4,Q2,15.52
797,West,Industrial,1933.5,1561.26,372.24,95423.26,256.3487534923705,Q2,256.35,Q2,19.25
798,East,Industrial,1433.76,1169.58,264.18,11397.44,43.142705730941024,Q1 (best),43.14,Q1 best,18.43
799,West,Commercial,2186.7,1825.05,361.65,35997.79,99.53764689617034,Q1 (best),99.54,Q1 best,16.54
800,Central,Commercial,1966.98,1647.74,319.24,5920.77,18.546454078436287,Q1 (best),18.55,Q1 best,16.23
801,East,Residential,876.27,834.71,41.56,68225.34,1641.6106833493743,Q4 (worst),1641.61,Q4 worst,4.74
802,South,Industrial,2442.86,2274.68,168.18,35099.76,208.70353193007492,Q2,208.7,Q2,6.88
803,South,Commercial,700.14,588.74,111.4,31156.39,279.6803411131059,Q2,279.68,Q2,15.91
804,North,Commercial,2356.69,2200.58,156.11,16133.47,103.34680673883798,Q1 (best),103.35,Q1 best,6.62
805,East,Industrial,1029.02,945.55,83.47,52868.77,633.3864861626931,Q3,633.39,Q3,8.11
806,Central,Commercial,2072.37,1980.6,91.77,6030.4,65.71210635283862,Q1 (best),65.71,Q1 best,4.43
807,South,Industrial,2256.66,1843.87,412.79,11687.47,28.313355459192323,Q1 (best),28.31,Q1 best,18.29
808,South,Residential,1138.3,1099.49,38.81,82574.63,2127.6637464570986,Q4 (worst),2127.66,Q4 worst,3.41
809,North,Industrial,2092.38,1843.83,248.55,73190.48,294.4698451015892,Q2,294.47,Q2,11.88
810,South,Residential,1667.23,1600.38,66.85,23280.6,348.25130890052355,Q3,348.25,Q3,4.01
811,West,Commercial,2181.25,1963.91,217.34,5021.09,23.102466182018958,Q1 (best),23.1,Q1 best,9.96
812,East,Residential,2255.2,2091.44,163.76,16617.22,101.47300928187593,Q1 (best),101.47,Q1 best,7.26
813,West,Residential,1220.97,998.61,222.36,79628.29,358.10527972656945,Q3,358.11,Q3,18.21
814,North,Industrial,1110.68,1080.93,29.75,44689.95,1502.183193277311,Q4 (worst),1502.18,Q4 worst,2.68
815,West,Industrial,877.57,761.01,116.56,43636.26,374.3673644474949,Q3,374.37,Q3,13.28
816,East,Industrial,2431.5,2239.45,192.05,47759.42,248.68221817235093,Q2,248.68,Q2,7.9
817,East,Commercial,1990.85,1775.26,215.59,14610.22,67.76854214017348,Q1 (best),67.77,Q1 best,10.83
818,South,Industrial,1253.95,1109.56,144.39,94808.48,656.6138929288733,Q4 (worst),656.61,Q4 worst,11.51
819,West,Commercial,2447.32,2267.23,180.09,43203.27,239.8982175578877,Q2,239.9,Q2,7.36
820,East,Industrial,1165.79,1078.91,86.88,20051.98,230.80087476979742,Q2,230.8,Q2,7.45
821,South,Industrial,2227.38,2105.16,122.22,55740.0,456.0628375061365,Q3,456.06,Q3,5.49
822,Central,Industrial,1813.1,1626.99,186.11,29849.23,160.38487990973078,Q1 (best),160.38,Q1 best,10.26
823,North,Residential,1718.03,1598.65,119.38,86201.8,722.0790752219802,Q4 (worst),722.08,Q4 worst,6.95
824,South,Residential,1778.76,1544.32,234.44,77981.57,332.6291161917762,Q3,332.63,Q3,13.18
825,Central,Industrial,2471.03,2418.06,52.97,33524.22,632.8906928450067,Q3,632.89,Q3,2.14
826,Central,Commercial,578.81,558.8,20.01,82412.96,4118.5887056471765,Q4 (worst),4118.59,Q4 worst,3.46
827,North,Commercial,923.81,877.68,46.13,72758.81,1577.255798829395,Q4 (worst),1577.26,Q4 worst,4.99
828,South,Residential,1909.33,1608.58,300.75,15802.33,52.543075644222775,Q1 (best),52.54,Q1 best,15.75
829,East,Industrial,1072.41,1045.51,26.9,56019.16,2082.496654275093,Q4 (worst),2082.5,Q4 worst,2.51
830,East,Commercial,2018.44,1870.08,148.36,7158.7,48.25222431922351,Q1 (best),48.25,Q1 best,7.35
831,Central,Industrial,1501.46,1203.68,297.78,93000.39,312.3124118476728,Q2,312.31,Q2,19.83
832,Central,Industrial,1930.43,1718.11,212.32,48770.26,229.7016767143934,Q2,229.7,Q2,11.0
833,East,Residential,2434.83,2015.7,419.13,81982.48,195.60155560327345,Q2,195.6,Q2,17.21
834,Central,Industrial,2290.61,1975.46,315.15,36309.31,115.21278756147866,Q1 (best),115.21,Q1 best,13.76
835,North,Residential,851.04,832.25,18.79,16941.91,901.645023948909,Q4 (worst),901.65,Q4 worst,2.21
836,East,Residential,619.27,584.27,35.0,95824.71,2737.8488571428575,Q4 (worst),2737.85,Q4 worst,5.65
837,West,Industrial,1235.08,1103.66,131.42,72542.17,551.9872926495207,Q3,551.99,Q3,10.64
838,North,Commercial,800.43,700.38,100.05,85198.88,851.5630184907546,Q4 (worst),851.56,Q4 worst,12.5
839,West,Commercial,595.74,536.89,58.85,85550.02,1453.696176720476,Q4 (worst),1453.7,Q4 worst,9.88
840,Central,Commercial,2373.83,2062.3,311.53,30196.43,96.92944499727155,Q1 (best),96.93,Q1 best,13.12
841,East,Residential,569.86,537.39,32.47,31386.75,966.6384354789036,Q4 (worst),966.64,Q4 worst,5.7
842,East,Commercial,857.11,746.96,110.15,79376.6,720.6227871084884,Q4 (worst),720.62,Q4 worst,12.85
843,North,Industrial,1748.54,1504.28,244.26,20370.14,83.39531646606076,Q1 (best),83.4,Q1 best,13.97
844,South,Industrial,1135.7,1070.45,65.25,76094.46,1166.1986206896552,Q4 (worst),1166.2,Q4 worst,5.75
845,North,Industrial,2384.91,1970.11,414.8,32826.93,79.13917550626807,Q1 (best),79.14,Q1 best,17.39
846,Central,Industrial,529.3,471.24,58.06,52340.11,901.4831209094041,Q4 (worst),901.48,Q4 worst,10.97
847,South,Industrial,2407.32,2344.41,62.91,5985.0,95.13590844062948,Q1 (best),95.14,Q1 best,2.61
848,North,Commercial,654.39,604.75,49.64,19631.31,395.473609991942,Q3,395.47,Q3,7.59
849,West,Residential,818.13,723.5,94.63,61763.59,652.6850892951495,Q4 (worst),652.69,Q4 worst,11.57
850,East,Commercial,1271.5,1050.87,220.63,83555.97,378.71536055840096,Q3,378.72,Q3,17.35
851,North,Industrial,2085.15,1827.63,257.52,41495.43,161.13478564771668,Q1 (best),161.13,Q1 best,12.35
852,Central,Residential,1832.33,1620.44,211.89,74955.77,353.74850158100907,Q3,353.75,Q3,11.56
853,South,Industrial,1159.76,980.51,179.25,85599.81,477.54426778242674,Q3,477.54,Q3,15.46
854,North,Industrial,2240.16,1965.69,274.47,98172.23,357.67927278026735,Q3,357.68,Q3,12.25
855,Central,Industrial,1284.79,1198.46,86.33,15652.23,181.3069616587513,Q2,181.31,Q2,6.72
856,South,Industrial,2463.89,2175.7,288.19,59349.41,205.9384780873729,Q2,205.94,Q2,11.7
857,North,Residential,1942.07,1612.56,329.51,57529.28,174.59039179387577,Q2,174.59,Q2,16.97
858,East,Industrial,2095.28,1875.77,219.51,13460.28,61.31966652999864,Q1 (best),61.32,Q1 best,10.48
859,South,Residential,1309.12,1049.47,259.65,14033.19,54.046562680531494,Q1 (best),54.05,Q1 best,19.83
860,South,Commercial,843.79,779.79,64.0,35878.83,560.60671875,Q3,560.61,Q3,7.58
861,Central,Residential,787.53,634.18,153.35,69043.8,450.23671340071735,Q3,450.24,Q3,19.47
862,East,Industrial,931.05,799.78,131.27,62372.67,475.147939361621,Q3,475.15,Q3,14.1
863,East,Industrial,1613.04,1457.51,155.53,42972.24,276.2955056902205,Q2,276.3,Q2,9.64
864,Central,Commercial,2135.18,1858.11,277.07,24229.57,87.44927274695925,Q1 (best),87.45,Q1 best,12.98
865,West,Industrial,1264.31,1087.54,176.77,50057.48,283.1785936527691,Q2,283.18,Q2,13.98
866,North,Commercial,2397.7,2318.74,78.96,34644.05,438.7544326241135,Q3,438.75,Q3,3.29
867,West,Residential,1381.17,1284.5,96.67,72880.16,753.9066928726596,Q4 (worst),753.91,Q4 worst,7.0
868,East,Industrial,849.64,739.98,109.66,17862.09,162.88610249863214,Q1 (best),162.89,Q1 best,12.91
869,West,Commercial,1273.23,1116.24,156.99,69852.96,444.95165297152687,Q3,444.95,Q3,12.33
870,South,Residential,1136.73,966.89,169.84,10516.07,61.91751059821008,Q1 (best),61.92,Q1 best,14.94
871,South,Industrial,566.6,464.92,101.68,38439.7,378.0458300550747,Q3,378.05,Q3,17.95
872,South,Commercial,2276.22,2120.23,155.99,18188.17,116.59830758381946,Q1 (best),116.6,Q1 best,6.85
873,East,Residential,562.93,475.47,87.46,25663.52,293.4315115481363,Q2,293.43,Q2,15.54
874,South,Industrial,2109.21,1698.78,410.43,11761.21,28.655824379309504,Q1 (best),28.66,Q1 best,19.46
875,North,Commercial,939.51,868.54,70.97,22695.1,319.7844159504016,Q2,319.78,Q2,7.55
876,West,Commercial,2120.86,1884.26,236.6,32338.71,136.68093829247675,Q1 (best),136.68,Q1 best,11.16
877,South,Residential,685.82,631.38,54.44,21538.92,395.64511388684787,Q3,395.65,Q3,7.94
878,South,Industrial,2380.1,2172.54,207.56,74457.16,358.7259587589131,Q3,358.73,Q3,8.72
879,North,Residential,2219.49,1840.91,378.58,85559.99,226.0024037191611,Q2,226.0,Q2,17.06
880,West,Residential,1607.04,1476.09,130.95,45203.9,345.19969453990075,Q3,345.2,Q3,8.15
881,West,Commercial,1121.68,1067.95,53.73,35494.42,660.607109622185,Q4 (worst),660.61,Q4 worst,4.79
882,South,Industrial,2117.74,1752.37,365.37,56049.74,153.40542463803814,Q1 (best),153.41,Q1 best,17.25
883,Central,Residential,1291.53,1190.57,100.96,22344.86,221.3238906497623,Q2,221.32,Q2,7.82
884,East,Industrial,964.93,877.05,87.88,31530.92,358.7951752389622,Q3,358.8,Q3,9.11
885,Central,Residential,2232.94,1796.58,436.36,64646.88,148.15033458612155,Q1 (best),148.15,Q1 best,19.54
886,South,Commercial,759.97,686.77,73.2,47806.2,653.0901639344262,Q4 (worst),653.09,Q4 worst,9.63
887,South,Industrial,948.17,862.44,85.73,17065.1,199.05633967106027,Q2,199.06,Q2,9.04
888,North,Residential,1653.3,1568.48,84.82,63804.87,752.2385050695592,Q4 (worst),752.24,Q4 worst,5.13
889,Central,Residential,2418.14,2272.04,146.1,38647.67,264.52888432580426,Q2,264.53,Q2,6.04
890,East,Residential,1542.32,1294.12,248.2,82914.92,334.0649476228848,Q3,334.06,Q3,16.09
891,South,Industrial,2189.37,2028.72,160.65,66181.21,411.95897914721445,Q3,411.96,Q3,7.34
892,North,Commercial,1634.98,1320.5,314.48,97643.61,310.4922729585347,Q2,310.49,Q2,19.23
893,West,Industrial,1143.53,1003.59,139.94,46049.61,329.06681434900673,Q2,329.07,Q2,12.24
894,North,Industrial,576.24,495.69,80.55,7662.32,95.12501551831161,Q1 (best),95.13,Q1 best,13.98
895,Central,Residential,2045.62,1974.56,71.06,17841.73,251.07979172530256,Q2,251.08,Q2,3.47
896,East,Industrial,1533.37,1387.04,146.33,31282.36,213.77953939725276,Q2,213.78,Q2,9.54
897,North,Industrial,689.98,655.73,34.25,84310.81,2461.629489051095,Q4 (worst),2461.63,Q4 worst,4.96
898,South,Industrial,2210.05,2023.42,186.63,51014.77,273.347103895408,Q2,273.35,Q2,8.44
899,South,Industrial,1993.13,1888.19,104.94,8889.19,84.70735658471509,Q1 (best),84.71,Q1 best,5.27
900,South,Industrial,2107.21,2061.08,46.13,84315.39,1827.7778018642964,Q4 (worst),1827.78,Q4 worst,2.19
901,South,Industrial,2223.05,1798.99,424.06,47286.56,111.50912606706598,Q1 (best),111.51,Q1 best,19.08
902,Central,Industrial,1818.56,1722.82,95.74,96590.76,1008.8861499895551,Q4 (worst),1008.89,Q4 worst,5.26
903,West,Commercial,1666.82,1549.07,117.75,40810.6,346.5868365180467,Q3,346.59,Q3,7.06
904,Central,Industrial,958.75,780.21,178.54,60006.8,336.0972331130279,Q3,336.1,Q3,18.62
905,Central,Commercial,1160.09,1004.78,155.31,36131.88,232.6436159938188,Q2,232.64,Q2,13.39
906,East,Industrial,1405.84,1269.77,136.07,11162.71,82.0365253178511,Q1 (best),82.04,Q1 best,9.68
907,South,Residential,744.41,713.94,30.47,71726.65,2354.008861174926,Q4 (worst),2354.01,Q4 worst,4.09
908,East,Residential,1280.36,1082.2,198.16,12998.02,65.59356075898265,Q1 (best),65.59,Q1 best,15.48
909,North,Commercial,604.18,489.45,114.73,57198.79,498.55129434324067,Q3,498.55,Q3,18.99
910,East,Residential,1878.81,1518.92,359.89,38190.54,106.11725805107116,Q1 (best),106.12,Q1 best,19.16
911,North,Commercial,1071.12,936.81,134.31,41050.99,305.6435857344948,Q2,305.64,Q2,12.54
912,East,Residential,1660.17,1580.52,79.65,95886.58,1203.8490897677339,Q4 (worst),1203.85,Q4 worst,4.8
913,North,Commercial,1276.44,1240.01,36.43,17326.92,475.62228932198735,Q3,475.62,Q3,2.85
914,Central,Residential,952.18,838.51,113.67,62840.85,552.8358405911849,Q3,552.84,Q3,11.94
915,East,Commercial,794.45,701.57,92.88,62188.2,669.5542635658915,Q4 (worst),669.55,Q4 worst,11.69
916,North,Commercial,1643.94,1567.62,76.32,16797.11,220.08791928721178,Q2,220.09,Q2,4.64
917,West,Residential,1924.01,1809.92,114.09,6927.39,60.718643176439656,Q1 (best),60.72,Q1 best,5.93
918,South,Commercial,1067.21,963.43,103.78,64583.71,622.3136442474465,Q3,622.31,Q3,9.72
919,East,Industrial,2423.57,2042.36,381.21,55636.14,145.94617140158968,Q1 (best),145.95,Q1 best,15.73
920,North,Residential,2374.61,2257.69,116.92,54323.7,464.62281902155314,Q3,464.62,Q3,4.92
921,Central,Industrial,2435.83,2200.64,235.19,73898.54,314.2078319656448,Q2,314.21,Q2,9.66
922,South,Commercial,2003.64,1825.36,178.28,62386.46,349.9352703612295,Q3,349.94,Q3,8.9
923,South,Industrial,1299.48,1194.12,105.36,71417.87,677.8461465451784,Q4 (worst),677.85,Q4 worst,8.11
924,North,Residential,1556.86,1333.12,223.74,82024.03,366.60422812192724,Q3,366.6,Q3,14.37
925,South,Residential,1171.43,1103.97,67.46,5599.31,83.0019270678921,Q1 (best),83.0,Q1 best,5.76
926,East,Residential,516.0,501.7,14.3,98447.94,6884.471328671329,Q4 (worst),6884.47,Q4 worst,2.77
927,North,Industrial,804.39,779.76,24.63,89668.18,3640.6082013804303,Q4 (worst),3640.61,Q4 worst,3.06
928,East,Commercial,1110.06,956.49,153.57,26096.55,169.93260402422348,Q1 (best),169.93,Q1 best,13.83
929,Central,Industrial,2057.48,1729.56,327.92,56711.19,172.94215052451818,Q2,172.94,Q2,15.94
930,West,Residential,2091.79,1993.14,98.65,81455.68,825.7038013177901,Q4 (worst),825.7,Q4 worst,4.72
931,Central,Commercial,1156.01,1102.06,53.95,82159.4,1522.8804448563483,Q4 (worst),1522.88,Q4 worst,4.67
932,West,Residential,1494.67,1302.56,192.11,98884.98,514.7310395086148,Q3,514.73,Q3,12.85
933,East,Commercial,1422.23,1325.11,97.12,17429.74,179.46602141680395,Q2,179.47,Q2,6.83
934,East,Residential,1311.22,1253.71,57.51,80806.52,1405.0864197530866,Q4 (worst),1405.09,Q4 worst,4.39
935,South,Commercial,1651.0,1554.29,96.71,75934.41,785.1764036811086,Q4 (worst),785.18,Q4 worst,5.86
936,South,Residential,1463.97,1297.73,166.24,62287.67,374.6852141482194,Q3,374.69,Q3,11.36
937,North,Industrial,595.2,527.31,67.89,47133.15,694.2576226248343,Q4 (worst),694.26,Q4 worst,11.41
938,East,Residential,1131.49,938.84,192.65,38587.5,200.2984687256683,Q2,200.3,Q2,17.03
939,North,Industrial,739.36,636.88,102.48,85921.73,838.4243754879,Q4 (worst),838.42,Q4 worst,13.86
940,Central,Residential,2491.54,2004.66,486.88,9010.5,18.506613539270457,Q1 (best),18.51,Q1 best,19.54
941,South,Commercial,1469.97,1190.9,279.07,44171.79,158.282115598237,Q1 (best),158.28,Q1 best,18.98
942,Central,Commercial,931.02,901.19,29.83,59313.56,1988.3861884009386,Q4 (worst),1988.39,Q4 worst,3.2
943,Central,Residential,1980.1,1664.78,315.32,30199.77,95.77499048585564,Q1 (best),95.77,Q1 best,15.92
944,East,Commercial,1278.13,1196.97,81.16,40505.93,499.0873583045836,Q3,499.09,Q3,6.35
945,North,Industrial,584.85,517.03,67.82,35876.23,528.9918902978474,Q3,528.99,Q3,11.6
946,West,Commercial,2047.48,1856.46,191.02,11164.39,58.44618364569155,Q1 (best),58.45,Q1 best,9.33
947,East,Residential,942.5,832.53,109.97,28231.75,256.72228789669913,Q2,256.72,Q2,11.67
948,East,Residential,523.92,495.86,28.06,9136.15,325.5933713471133,Q2,325.59,Q2,5.36
949,North,Residential,1599.12,1450.24,148.88,79352.84,532.9986566362171,Q3,533.0,Q3,9.31
950,Central,Industrial,1792.69,1567.31,225.38,27128.74,120.36888810009762,Q1 (best),120.37,Q1 best,12.57
951,North,Commercial,1577.93,1534.97,42.96,35269.34,820.9809124767224,Q4 (worst),820.98,Q4 worst,2.72
952,North,Residential,1497.51,1242.45,255.06,57808.95,226.64843566219713,Q2,226.65,Q2,17.03
953,West,Commercial,965.32,811.17,154.15,64114.34,415.92176451508266,Q3,415.92,Q3,15.97
954,West,Commercial,2112.77,1697.3,415.47,27978.79,67.34250367054179,Q1 (best),67.34,Q1 best,19.66
955,East,Commercial,1611.31,1435.67,175.64,87281.12,496.9319061717149,Q3,496.93,Q3,10.9
956,South,Residential,2047.2,1753.91,293.29,77197.04,263.2106106583927,Q2,263.21,Q2,14.33
957,Central,Commercial,1351.35,1286.71,64.64,57467.52,889.039603960396,Q4 (worst),889.04,Q4 worst,4.78
958,North,Industrial,1062.27,907.46,154.81,83956.93,542.3223951941088,Q3,542.32,Q3,14.57
959,East,Commercial,2484.34,2381.19,103.15,54887.37,532.1121667474551,Q3,532.11,Q3,4.15
960,West,Commercial,2486.73,2134.2,352.53,26206.5,74.33835418262277,Q1 (best),74.34,Q1 best,14.18
961,North,Commercial,718.46,612.85,105.61,25688.76,243.24173847173563,Q2,243.24,Q2,14.7
962,West,Commercial,2124.94,2047.25,77.69,64730.13,833.1848371733814,Q4 (worst),833.18,Q4 worst,3.66
963,Central,Residential,874.02,782.37,91.65,53445.83,583.1514457174031,Q3,583.15,Q3,10.49
964,North,Commercial,2033.18,1799.71,233.47,12273.02,52.56786739195614,Q1 (best),52.57,Q1 best,11.48
965,South,Industrial,511.87,464.86,47.01,31129.24,662.1833652414381,Q4 (worst),662.18,Q4 worst,9.18
966,Central,Residential,634.86,559.21,75.65,7707.66,101.88578982154658,Q1 (best),101.89,Q1 best,11.92
967,Central,Commercial,1435.21,1329.4,105.81,22345.73,211.18731688876287,Q2,211.19,Q2,7.37
968,South,Residential,1827.25,1578.3,248.95,25549.53,102.6291624824262,Q1 (best),102.63,Q1 best,13.62
969,West,Industrial,731.6,627.83,103.77,25722.78,247.8826250361376,Q2,247.88,Q2,14.18
970,East,Commercial,2373.29,2244.16,129.13,18003.79,139.42375900255558,Q1 (best),139.42,Q1 best,5.44
971,West,Residential,1473.98,1402.93,71.05,15669.09,220.53610133708656,Q2,220.54,Q2,4.82
972,South,Commercial,2006.37,1673.48,332.89,73918.41,222.05055724113072,Q2,222.05,Q2,16.59
973,Central,Industrial,1380.18,1221.1,159.08,26586.24,167.1249685692733,Q1 (best),167.12,Q1 best,11.53
974,West,Residential,1581.26,1335.46,245.8,28214.42,114.7860862489829,Q1 (best),114.79,Q1 best,15.54
975,East,Industrial,582.94,522.89,60.05,38010.53,632.9813488759368,Q3,632.98,Q3,10.3
976,Central,Commercial,512.54,444.86,67.68,10441.18,154.27275413711584,Q1 (best),154.27,Q1 best,13.2
977,South,Commercial,1785.04,1704.17,80.87,55933.44,691.6463459873871,Q4 (worst),691.65,Q4 worst,4.53
978,North,Residential,1215.89,1105.74,110.15,70181.97,637.1490694507489,Q3,637.15,Q3,9.06
979,West,Residential,907.13,727.55,179.58,99980.05,556.7437910680477,Q3,556.74,Q3,19.8
980,West,Industrial,1320.32,1256.7,63.62,54803.27,861.4157497642251,Q4 (worst),861.42,Q4 worst,4.82
981,North,Commercial,1383.66,1348.57,35.09,10656.1,303.6791108577942,Q2,303.68,Q2,2.54
982,East,Residential,1331.71,1220.14,111.57,50491.25,452.55220937528014,Q3,452.55,Q3,8.38
983,Central,Industrial,1990.9,1931.84,59.06,25991.16,440.08059600406364,Q3,440.08,Q3,2.97
984,West,Commercial,1481.21,1193.02,288.19,44556.37,154.60761997293454,Q1 (best),154.61,Q1 best,19.46
985,South,Residential,1190.55,1137.57,52.98,31330.6,591.3665534163836,Q3,591.37,Q3,4.45
986,Central,Residential,2392.12,2173.53,218.59,83069.0,380.02195891852324,Q3,380.02,Q3,9.14
987,Central,Industrial,2459.17,2138.67,320.5,34479.03,107.5788767550702,Q1 (best),107.58,Q1 best,13.03
988,Central,Industrial,2051.6,1941.86,109.74,29645.59,270.1438855476581,Q2,270.14,Q2,5.35
989,Central,Industrial,862.22,703.14,159.08,58227.36,366.0256474729695,Q3,366.03,Q3,18.45
990,North,Industrial,1338.11,1238.53,99.58,81858.79,822.0404699738903,Q4 (worst),822.04,Q4 worst,7.44
991,Central,Industrial,1840.95,1475.51,365.44,31328.62,85.72849168126095,Q1 (best),85.73,Q1 best,19.85
992,North,Residential,1813.15,1670.45,142.7,59455.25,416.6450595655221,Q3,416.65,Q3,7.87
993,Central,Industrial,1954.93,1697.25,257.68,7982.74,30.979276622167028,Q1 (best),30.98,Q1 best,13.18
994,West,Commercial,514.26,467.61,46.65,42364.84,908.1423365487674,Q4 (worst),908.14,Q4 worst,9.07
995,South,Residential,2475.24,2010.9,464.34,47604.79,102.52140672782875,Q1 (best),102.52,Q1 best,18.76
996,West,Commercial,2054.98,1847.77,207.21,9435.55,45.53617103421649,Q1 (best),45.54,Q1 best,10.08
997,South,Residential,534.84,484.15,50.69,46253.84,912.484513710791,Q4 (worst),912.48,Q4 worst,9.48
998,South,Industrial,1044.31,971.61,72.7,60594.26,833.4836313617607,Q4 (worst),833.48,Q4 worst,6.96
999,West,Residential,1033.8,897.2,136.6,28844.34,211.15915080527088,Q2,211.16,Q2,13.21
1000,Central,Residential,1755.48,1581.2,174.28,98080.1,562.7731237089741,Q3,562.77,Q3,9.93
1001,West,Commercial,831.19,712.14,119.05,49758.38,417.9620327593448,Q3,417.96,Q3,14.32
1002,East,Residential,1699.97,1448.23,251.74,26929.64,106.9740208151267,Q1 (best),106.97,Q1 best,14.81
1003,South,Residential,1873.69,1737.65,136.04,28479.22,209.34445751249635,Q2,209.34,Q2,7.26
1004,West,Commercial,1835.03,1501.59,333.44,62808.55,188.3653730806142,Q2,188.37,Q2,18.17
1005,South,Industrial,1810.34,1712.62,97.72,40276.14,412.15861645517805,Q3,412.16,Q3,5.4
1006,North,Commercial,1382.26,1289.79,92.47,17384.37,188.00010814318156,Q2,188.0,Q2,6.69
1007,West,Residential,802.71,786.04,16.67,52465.66,3147.3101379724053,Q4 (worst),3147.31,Q4 worst,2.08
1008,Central,Residential,1669.06,1425.1,243.96,19512.04,79.9804886046893,Q1 (best),79.98,Q1 best,14.62
1009,Central,Residential,630.97,535.38,95.59,29258.6,306.0843184433518,Q2,306.08,Q2,15.15
1010,West,Industrial,2452.27,2390.79,61.48,14256.54,231.88906961613534,Q2,231.89,Q2,2.51
1011,Central,Commercial,1740.43,1702.33,38.1,28548.55,749.3057742782152,Q4 (worst),749.31,Q4 worst,2.19
1012,East,Residential,1807.45,1578.34,229.11,29962.77,130.77897080005238,Q1 (best),130.78,Q1 best,12.68
1013,North,Residential,1887.49,1534.91,352.58,89364.3,253.4582222474332,Q2,253.46,Q2,18.68
1014,West,Industrial,2131.81,2047.51,84.3,73993.71,877.7427046263347,Q4 (worst),877.74,Q4 worst,3.95
1015,East,Residential,2147.59,1756.76,390.83,33807.77,86.50249469078626,Q1 (best),86.5,Q1 best,18.2
1016,East,Residential,1461.33,1169.68,291.65,84141.67,288.50221155494603,Q2,288.5,Q2,19.96
1017,North,Commercial,2132.45,2075.93,56.52,86579.29,1531.8345718329792,Q4 (worst),1531.83,Q4 worst,2.65
1018,Central,Industrial,1741.55,1597.21,144.34,97575.4,676.0108078148814,Q4 (worst),676.01,Q4 worst,8.29
1019,South,Commercial,811.91,682.52,129.39,34121.62,263.7114151016308,Q2,263.71,Q2,15.94
1020,East,Industrial,1110.55,1014.16,96.39,44428.89,460.92841581076874,Q3,460.93,Q3,8.68
1021,Central,Industrial,1740.25,1509.26,230.99,53379.51,231.09013377202476,Q2,231.09,Q2,13.27
1022,Central,Residential,2177.13,1781.94,395.19,34821.04,88.11214858675574,Q1 (best),88.11,Q1 best,18.15
1023,East,Residential,2403.5,2233.55,169.95,77611.24,456.6710208884967,Q3,456.67,Q3,7.07
1024,East,Commercial,1842.05,1752.09,89.96,92299.06,1026.0011116051578,Q4 (worst),1026.0,Q4 worst,4.88
1025,North,Commercial,1347.2,1213.11,134.09,49991.32,372.8191513162801,Q3,372.82,Q3,9.95
1026,West,Commercial,649.88,547.96,101.92,45284.22,444.31142072213504,Q3,444.31,Q3,15.68
1027,North,Commercial,1317.51,1282.0,35.51,12284.78,345.95268938327234,Q3,345.95,Q3,2.7
1028,Central,Residential,1167.99,1008.4,159.59,27756.69,173.9249953004574,Q2,173.92,Q2,13.66
1029,East,Commercial,2433.63,1993.26,440.37,90538.64,205.59674818902286,Q2,205.6,Q2,18.1
1030,West,Commercial,1617.9,1458.1,159.8,63132.98,395.0749687108886,Q3,395.07,Q3,9.88
1031,Central,Residential,839.88,706.74,133.14,38690.16,290.5975664713836,Q2,290.6,Q2,15.85
1032,Central,Industrial,1246.41,1196.1,50.31,92141.14,1831.4677002583978,Q4 (worst),1831.47,Q4 worst,4.04
1033,Central,Residential,1191.62,1114.8,76.82,10376.33,135.0732882061963,Q1 (best),135.07,Q1 best,6.45
1034,West,Residential,1765.69,1583.99,181.7,88101.24,484.8719867914145,Q3,484.87,Q3,10.29
1035,West,Residential,1243.62,1031.07,212.55,31421.8,147.8325099976476,Q1 (best),147.83,Q1 best,17.09
1036,West,Industrial,872.43,802.65,69.78,61555.99,882.1437374605904,Q4 (worst),882.14,Q4 worst,8.0
1037,East,Residential,1318.81,1144.67,174.14,33544.81,192.63127368783736,Q2,192.63,Q2,13.2
1038,West,Commercial,1567.09,1361.66,205.43,38068.75,185.31251521199434,Q2,185.31,Q2,13.11
1039,North,Residential,1711.03,1392.32,318.71,17445.43,54.73762982021274,Q1 (best),54.74,Q1 best,18.63
1040,West,Industrial,885.48,729.83,155.65,10512.93,67.54211371667202,Q1 (best),67.54,Q1 best,17.58
1041,West,Industrial,2464.57,2255.76,208.81,77597.13,371.615966668263,Q3,371.62,Q3,8.47
1042,North,Commercial,2493.63,2072.28,421.35,59566.89,141.37152011391953,Q1 (best),141.37,Q1 best,16.9
1043,East,Residential,729.79,661.12,68.67,10907.89,158.84505606523953,Q1 (best),158.85,Q1 best,9.41
1044,East,Commercial,1479.72,1199.58,280.14,66348.46,236.84036553151998,Q2,236.84,Q2,18.93
1045,East,Residential,1708.34,1432.2,276.14,83882.55,303.7681972912291,Q2,303.77,Q2,16.16
1046,North,Industrial,1467.24,1306.69,160.55,72134.56,449.29654313298033,Q3,449.3,Q3,10.94
1047,East,Commercial,1179.44,951.06,228.38,80782.3,353.71880199667225,Q3,353.72,Q3,19.36
1048,Central,Residential,2451.77,2116.7,335.07,72438.64,216.18957232817024,Q2,216.19,Q2,13.67
1049,North,Residential,1281.39,1137.31,144.08,65615.85,455.4126179900056,Q3,455.41,Q3,11.24
1050,Central,Commercial,795.9,687.99,107.91,74261.08,688.1760726531369,Q4 (worst),688.18,Q4 worst,13.56
1051,Central,Residential,1613.76,1458.45,155.31,39102.62,251.7714248921512,Q2,251.77,Q2,9.62
1052,South,Commercial,1573.29,1425.01,148.28,15392.86,103.80941462098733,Q1 (best),103.81,Q1 best,9.42
1053,East,Industrial,1220.55,1185.39,35.16,28931.62,822.8560864618886,Q4 (worst),822.86,Q4 worst,2.88
1054,West,Residential,529.66,475.21,54.45,51326.72,942.6394857667584,Q4 (worst),942.64,Q4 worst,10.28
1055,South,Residential,1472.05,1228.51,243.54,58308.16,239.41923298020862,Q2,239.42,Q2,16.54
1056,Central,Commercial,1068.25,1005.12,63.13,59487.93,942.3084112149533,Q4 (worst),942.31,Q4 worst,5.91
1057,West,Commercial,1360.78,1167.98,192.8,74547.36,386.6564315352697,Q3,386.66,Q3,14.17
1058,Central,Residential,1561.39,1254.0,307.39,35928.17,116.88138846416604,Q1 (best),116.88,Q1 best,19.69
1059,North,Industrial,1738.46,1496.42,242.04,49801.19,205.7560320608164,Q2,205.76,Q2,13.92
1060,West,Commercial,1699.55,1467.72,231.83,48537.13,209.36518138290987,Q2,209.37,Q2,13.64
1061,East,Residential,1623.27,1365.71,257.56,43625.06,169.37824196303774,Q1 (best),169.38,Q1 best,15.87
1062,North,Commercial,2466.57,2081.05,385.52,63215.69,163.97512450715917,Q1 (best),163.98,Q1 best,15.63
1063,North,Industrial,1991.34,1643.75,347.59,91159.62,262.26191777669095,Q2,262.26,Q2,17.46
1064,East,Industrial,1720.99,1679.16,41.83,27937.67,667.8859670093234,Q4 (worst),667.89,Q4 worst,2.43
1065,East,Industrial,976.41,876.54,99.87,10089.17,101.02302993892059,Q1 (best),101.02,Q1 best,10.23
1066,North,Industrial,2231.05,2152.24,78.81,66099.5,838.719705621114,Q4 (worst),838.72,Q4 worst,3.53
1067,Central,Residential,1617.01,1579.05,37.96,17252.12,454.48155953635404,Q3,454.48,Q3,2.35
1068,East,Industrial,1203.58,1089.41,114.17,65045.71,569.7268108960322,Q3,569.73,Q3,9.49
1069,North,Residential,1047.7,942.05,105.65,81010.56,766.7823946994794,Q4 (worst),766.78,Q4 worst,10.08
1070,South,Industrial,1009.01,846.62,162.39,41271.28,254.14914711497013,Q2,254.15,Q2,16.09
1071,North,Commercial,1968.31,1827.2,141.11,39161.53,277.5248387782581,Q2,277.52,Q2,7.17
1072,East,Residential,1539.04,1500.94,38.1,23746.72,623.2734908136483,Q3,623.27,Q3,2.48
1073,South,Industrial,993.63,935.76,57.87,20706.53,357.8111283912217,Q3,357.81,Q3,5.82
1074,East,Commercial,2097.36,1979.24,118.12,17806.56,150.74974602099562,Q1 (best),150.75,Q1 best,5.63
1075,North,Residential,1536.15,1275.81,260.34,36950.84,141.9330106783437,Q1 (best),141.93,Q1 best,16.95
1076,East,Residential,1959.22,1742.9,216.32,93039.83,430.10276442307696,Q3,430.1,Q3,11.04
1077,South,Commercial,1591.91,1407.78,184.13,82016.85,445.42904469668173,Q3,445.43,Q3,11.57
1078,West,Residential,1980.72,1727.49,253.23,42846.17,169.19863365320066,Q1 (best),169.2,Q1 best,12.78
1079,Central,Commercial,2088.88,1778.04,310.84,91552.57,294.5327821387209,Q2,294.53,Q2,14.88
1080,West,Residential,2470.86,2104.33,366.53,88938.27,242.64936021608057,Q2,242.65,Q2,14.83
1081,South,Industrial,599.34,512.14,87.2,13835.17,158.66020642201835,Q1 (best),158.66,Q1 best,14.55
1082,East,Commercial,1838.94,1741.69,97.25,35301.19,362.99424164524424,Q3,362.99,Q3,5.29
1083,West,Industrial,1960.35,1891.0,69.35,69803.03,1006.5325162220621,Q4 (worst),1006.53,Q4 worst,3.54
1084,East,Commercial,595.82,480.09,115.73,61026.15,527.3148708200121,Q3,527.31,Q3,19.42
1085,Central,Commercial,1982.72,1719.56,263.16,36468.77,138.5802173582611,Q1 (best),138.58,Q1 best,13.27
1086,South,Commercial,778.19,703.48,74.71,42009.39,562.2994244411726,Q3,562.3,Q3,9.6
1087,North,Industrial,2318.82,2060.52,258.3,68748.47,266.15745257452573,Q2,266.16,Q2,11.14
1088,East,Industrial,1277.31,1045.36,231.95,42266.77,182.2236257814184,Q2,182.22,Q2,18.16
1089,South,Commercial,1439.45,1382.44,57.01,17142.6,300.6946149798281,Q2,300.69,Q2,3.96
1090,North,Industrial,922.47,801.96,120.51,56885.26,472.03767322213923,Q3,472.04,Q3,13.06
1091,West,Commercial,688.98,598.37,90.61,54743.84,604.169959165655,Q3,604.17,Q3,13.15
1092,North,Commercial,1872.15,1595.21,276.94,33929.61,122.5161045713873,Q1 (best),122.52,Q1 best,14.79
1093,North,Residential,2307.37,2047.43,259.94,15619.54,60.08902054320228,Q1 (best),60.09,Q1 best,11.27
1094,Central,Industrial,1858.35,1802.24,56.11,19506.62,347.6496168240955,Q3,347.65,Q3,3.02
1095,Central,Industrial,1483.75,1409.11,74.64,9898.03,132.6102625937835,Q1 (best),132.61,Q1 best,5.03
1096,North,Industrial,735.95,708.42,27.53,33725.48,1225.04467853251,Q4 (worst),1225.04,Q4 worst,3.74
1097,South,Commercial,1272.04,1098.34,173.7,25982.72,149.58388025331033,Q1 (best),149.58,Q1 best,13.66
1098,East,Residential,1542.75,1422.68,120.07,91999.11,766.2122928291831,Q4 (worst),766.21,Q4 worst,7.78
1099,West,Industrial,1809.58,1457.41,352.17,13590.71,38.59133373086861,Q1 (best),38.59,Q1 best,19.46
1100,Central,Industrial,2321.52,1956.01,365.51,78753.28,215.46135536647424,Q2,215.46,Q2,15.74
1101,East,Industrial,1093.55,952.24,141.31,66534.12,470.8380157101408,Q3,470.84,Q3,12.92
1102,West,Industrial,2223.72,1963.18,260.54,42216.58,162.03492745835572,Q1 (best),162.03,Q1 best,11.72
1103,East,Industrial,2368.23,1990.34,377.89,5203.47,13.769800735663818,Q1 (best),13.77,Q1 best,15.96
1104,East,Industrial,2002.32,1953.34,48.98,44589.15,910.3542262147816,Q4 (worst),910.35,Q4 worst,2.45
1105,East,Residential,1994.14,1781.37,212.77,91792.32,431.4157071015651,Q3,431.42,Q3,10.67
1106,West,Residential,870.11,796.35,73.76,89318.39,1210.9326193058566,Q4 (worst),1210.93,Q4 worst,8.48
1107,East,Industrial,2301.04,2236.76,64.28,86096.48,1339.397635345364,Q4 (worst),1339.4,Q4 worst,2.79
1108,East,Industrial,1894.75,1677.12,217.63,40655.64,186.8108257133667,Q2,186.81,Q2,11.49
1109,East,Residential,1843.5,1639.91,203.59,38717.53,190.1740262291861,Q2,190.17,Q2,11.04
1110,East,Commercial,1923.56,1684.68,238.88,51951.5,217.47948760884125,Q2,217.48,Q2,12.42
1111,East,Commercial,2372.21,2059.34,312.87,87829.15,280.720906446767,Q2,280.72,Q2,13.19
1112,South,Residential,2495.79,2369.47,126.32,83167.74,658.3893286890437,Q4 (worst),658.39,Q4 worst,5.06
1113,West,Commercial,1466.57,1427.98,38.59,66361.5,1719.6553511272348,Q4 (worst),1719.66,Q4 worst,2.63
1114,South,Commercial,2237.9,2117.9,120.0,51334.95,427.79125,Q3,427.79,Q3,5.36
1115,West,Industrial,1692.37,1609.69,82.68,17251.7,208.65626511852926,Q2,208.66,Q2,4.89
1116,North,Commercial,2110.99,1855.24,255.75,65913.68,257.72699902248286,Q2,257.73,Q2,12.12
1117,North,Industrial,863.38,717.65,145.73,78600.91,539.3598435462843,Q3,539.36,Q3,16.88
1118,South,Commercial,1178.26,1074.85,103.41,36598.23,353.91383812010446,Q3,353.91,Q3,8.78
1119,North,Commercial,1938.52,1621.83,316.69,49337.03,155.78966812971674,Q1 (best),155.79,Q1 best,16.34
1120,Central,Industrial,1568.45,1466.57,101.88,76803.01,753.8575775422065,Q4 (worst),753.86,Q4 worst,6.5
1121,West,Industrial,845.64,790.38,55.26,82065.04,1485.0712993123416,Q4 (worst),1485.07,Q4 worst,6.53
1122,North,Industrial,2463.58,2084.69,378.89,95560.45,252.2115917548629,Q2,252.21,Q2,15.38
1123,East,Industrial,807.12,790.83,16.29,39406.84,2419.0816451810924,Q4 (worst),2419.08,Q4 worst,2.02
1124,Central,Industrial,2265.78,1953.67,312.11,92315.55,295.77889205728746,Q2,295.78,Q2,13.77
1125,South,Residential,2101.52,1837.21,264.31,13204.56,49.95860920888351,Q1 (best),49.96,Q1 best,12.58
1126,North,Industrial,1214.67,1024.54,190.13,34996.97,184.0686372481986,Q2,184.07,Q2,15.65
1127,East,Residential,2343.7,2159.69,184.01,69795.37,379.30204880169555,Q3,379.3,Q3,7.85
1128,Central,Industrial,1568.72,1448.04,120.68,20831.3,172.61600928074245,Q2,172.62,Q2,7.69
1129,South,Industrial,676.65,586.21,90.44,80843.11,893.8866651923928,Q4 (worst),893.89,Q4 worst,13.37
1130,West,Industrial,2189.91,1776.69,413.22,24211.18,58.5915008954068,Q1 (best),58.59,Q1 best,18.87
1131,West,Industrial,772.38,718.34,54.04,23919.69,442.62934863064396,Q3,442.63,Q3,7.0
1132,Central,Industrial,885.59,720.47,165.12,30331.31,183.69252664728683,Q2,183.69,Q2,18.65
1133,South,Industrial,1708.37,1449.81,258.56,91859.66,355.2740563118812,Q3,355.27,Q3,15.13
1134,South,Residential,1041.17,982.04,59.13,16502.56,279.0894638931169,Q2,279.09,Q2,5.68
1135,West,Commercial,1888.89,1796.7,92.19,68561.09,743.6933506887949,Q4 (worst),743.69,Q4 worst,4.88
1136,Central,Industrial,1648.5,1563.18,85.32,35611.39,417.38619315518054,Q3,417.39,Q3,5.18
1137,East,Commercial,1851.54,1693.67,157.87,90847.84,575.4598087033635,Q3,575.46,Q3,8.53
1138,Central,Residential,2382.18,2136.88,245.3,72044.03,293.6976355483082,Q2,293.7,Q2,10.3
1139,Central,Commercial,2331.35,2281.52,49.83,51885.14,1041.243026289384,Q4 (worst),1041.24,Q4 worst,2.14
1140,East,Commercial,1677.78,1617.51,60.27,72752.62,1207.111664177866,Q4 (worst),1207.11,Q4 worst,3.59
1141,East,Industrial,1270.2,1209.12,61.08,7248.09,118.6655206286837,Q1 (best),118.67,Q1 best,4.81
1142,East,Commercial,1421.29,1335.72,85.57,65536.74,765.8845389739396,Q4 (worst),765.88,Q4 worst,6.02
1143,East,Commercial,1408.15,1238.37,169.78,48579.0,286.1291082577453,Q2,286.13,Q2,12.06
1144,East,Commercial,1327.71,1179.52,148.19,79192.35,534.3973952358459,Q3,534.4,Q3,11.16
1145,Central,Industrial,648.3,535.61,112.69,83825.97,743.8634306504571,Q4 (worst),743.86,Q4 worst,17.38
1146,West,Commercial,1171.52,1142.13,29.39,76438.61,2600.8373596461383,Q4 (worst),2600.84,Q4 worst,2.51
1147,Central,Industrial,1121.55,1043.21,78.34,9095.52,116.1031401582844,Q1 (best),116.1,Q1 best,6.98
1148,South,Residential,2026.37,1688.84,337.53,95074.37,281.67679909933935,Q2,281.68,Q2,16.66
1149,South,Commercial,572.85,525.6,47.25,5445.78,115.25460317460318,Q1 (best),115.25,Q1 best,8.25
1150,North,Commercial,2461.68,2090.12,371.56,81370.1,218.9958553127355,Q2,219.0,Q2,15.09
1151,North,Commercial,1234.65,1198.05,36.6,49557.58,1354.0322404371584,Q4 (worst),1354.03,Q4 worst,2.96
1152,South,Residential,1267.16,1102.73,164.43,93651.68,569.5534878063613,Q3,569.55,Q3,12.98
1153,Central,Industrial,1689.79,1455.28,234.51,37826.77,161.3013091126178,Q1 (best),161.3,Q1 best,13.88
1154,Central,Residential,1708.32,1433.38,274.94,73538.75,267.4719938895759,Q2,267.47,Q2,16.09
1155,West,Commercial,558.72,472.14,86.58,53325.48,615.90990990991,Q3,615.91,Q3,15.5
1156,West,Commercial,744.41,692.74,51.67,92728.37,1794.6268627830461,Q4 (worst),1794.63,Q4 worst,6.94
1157,East,Industrial,2298.39,2006.41,291.98,42511.95,145.5988423864648,Q1 (best),145.6,Q1 best,12.7
1158,East,Residential,1849.96,1487.26,362.7,15066.08,41.53868210642404,Q1 (best),41.54,Q1 best,19.61
1159,East,Commercial,2134.26,1721.78,412.48,96492.77,233.93320888285493,Q2,233.93,Q2,19.33
1160,West,Residential,1037.11,925.57,111.54,67852.08,608.3206024744486,Q3,608.32,Q3,10.75
1161,Central,Residential,1221.33,1035.93,185.4,54998.12,296.6457389428263,Q2,296.65,Q2,15.18
1162,Central,Residential,1680.14,1616.76,63.38,71256.3,1124.2710634269486,Q4 (worst),1124.27,Q4 worst,3.77
1163,South,Industrial,1343.25,1277.82,65.43,96235.17,1470.8110958276018,Q4 (worst),1470.81,Q4 worst,4.87
1164,North,Industrial,2483.38,2039.4,443.98,86474.69,194.77158881030678,Q2,194.77,Q2,17.88
1165,South,Residential,1778.75,1674.62,104.13,51956.69,498.9598578699703,Q3,498.96,Q3,5.85
1166,West,Industrial,2257.45,1968.05,289.4,43420.85,150.03749136143747,Q1 (best),150.04,Q1 best,12.82
1167,West,Commercial,1619.78,1572.2,47.58,71444.23,1501.5601092896175,Q4 (worst),1501.56,Q4 worst,2.94
1168,North,Commercial,810.95,719.52,91.43,79399.61,868.4196653177294,Q4 (worst),868.42,Q4 worst,11.27
1169,South,Industrial,1481.76,1439.0,42.76,46854.5,1095.7553788587466,Q4 (worst),1095.76,Q4 worst,2.89
1170,West,Industrial,1878.84,1621.31,257.53,50434.81,195.84052343416303,Q2,195.84,Q2,13.71
1171,North,Industrial,1097.46,886.34,211.12,98053.37,464.44377605153466,Q3,464.44,Q3,19.24
1172,Central,Industrial,550.78,486.28,64.5,58451.18,906.2198449612404,Q4 (worst),906.22,Q4 worst,11.71
1173,South,Residential,735.6,714.73,20.87,88830.83,4256.388596070915,Q4 (worst),4256.39,Q4 worst,2.84
1174,South,Commercial,2124.58,1930.99,193.59,20782.85,107.35497701327547,Q1 (best),107.35,Q1 best,9.11
1175,South,Residential,1992.0,1673.18,318.82,86916.98,272.62085189134933,Q2,272.62,Q2,16.01
1176,South,Commercial,1731.62,1637.86,93.76,24831.56,264.84172354948805,Q2,264.84,Q2,5.41
1177,North,Commercial,2131.65,1836.58,295.07,79054.18,267.91669773274134,Q2,267.92,Q2,13.84
1178,Central,Commercial,1133.24,981.51,151.73,45587.48,300.45132801687214,Q2,300.45,Q2,13.39
1179,East,Industrial,2191.71,2097.55,94.16,63810.84,677.6852166525064,Q4 (worst),677.69,Q4 worst,4.3
1180,Central,Industrial,1586.21,1494.66,91.55,63883.84,697.802730748225,Q4 (worst),697.8,Q4 worst,5.77
1181,South,Industrial,2300.82,2204.07,96.75,63839.06,659.8352454780362,Q4 (worst),659.84,Q4 worst,4.21
1182,Central,Commercial,1638.27,1380.35,257.92,28880.45,111.97444944168734,Q1 (best),111.97,Q1 best,15.74
1183,East,Residential,764.0,697.14,66.86,13342.33,199.55623691295244,Q2,199.56,Q2,8.75
1184,South,Industrial,2433.8,2016.93,416.87,58360.21,139.9961858612997,Q1 (best),140.0,Q1 best,17.13
1185,North,Residential,1230.78,1063.24,167.54,7921.52,47.281365644025314,Q1 (best),47.28,Q1 best,13.61
1186,West,Commercial,1517.6,1219.18,298.42,69882.74,234.17579250720462,Q2,234.18,Q2,19.66
1187,West,Commercial,1845.0,1727.84,117.16,34677.21,295.98164902697164,Q2,295.98,Q2,6.35
1188,East,Commercial,1663.67,1345.9,317.77,47955.82,150.91361676684394,Q1 (best),150.91,Q1 best,19.1
1189,Central,Industrial,1505.13,1362.4,142.73,14887.91,104.30820430182864,Q1 (best),104.31,Q1 best,9.48
1190,North,Commercial,555.39,522.03,33.36,31417.87,941.7826738609112,Q4 (worst),941.78,Q4 worst,6.01
1191,East,Residential,998.9,927.46,71.44,81960.27,1147.2602183650617,Q4 (worst),1147.26,Q4 worst,7.15
1192,Central,Residential,2143.3,1801.9,341.4,81910.21,239.9244581136497,Q2,239.92,Q2,15.93
1193,South,Industrial,1995.24,1920.15,75.09,60039.34,799.5650552670128,Q4 (worst),799.57,Q4 worst,3.76
1194,Central,Industrial,1345.61,1183.06,162.55,34979.02,215.1892956013534,Q2,215.19,Q2,12.08
1195,East,Industrial,1504.82,1296.55,208.27,94025.58,451.4600278484659,Q3,451.46,Q3,13.84
1196,North,Commercial,2291.92,1914.4,377.52,55937.36,148.1705869887688,Q1 (best),148.17,Q1 best,16.47
1197,Central,Residential,996.49,913.96,82.53,21751.35,263.55688840421664,Q2,263.56,Q2,8.28
1198,Central,Residential,1639.68,1542.92,96.76,13676.7,141.34663083918974,Q1 (best),141.35,Q1 best,5.9
1199,West,Industrial,877.47,819.5,57.97,83627.36,1442.5972054510955,Q4 (worst),1442.6,Q4 worst,6.61
1200,South,Residential,1331.34,1139.25,192.09,58670.58,305.4327658909886,Q2,305.43,Q2,14.43
1201,East,Residential,1412.02,1185.65,226.37,49841.48,220.17705526350665,Q2,220.18,Q2,16.03
1202,West,Residential,1490.5,1351.58,138.92,86462.96,622.3938957673482,Q3,622.39,Q3,9.32
1203,East,Residential,2139.07,1735.05,404.02,59952.61,148.3902034552745,Q1 (best),148.39,Q1 best,18.89
1204,South,Residential,1766.88,1589.85,177.03,20130.58,113.71281703666047,Q1 (best),113.71,Q1 best,10.02
1205,East,Residential,1723.9,1599.48,124.42,54240.84,435.9495257997106,Q3,435.95,Q3,7.22
1206,North,Industrial,1344.04,1294.17,49.87,93169.14,1868.2402245839182,Q4 (worst),1868.24,Q4 worst,3.71
1207,South,Commercial,2153.79,1797.35,356.44,70855.92,198.78779037145102,Q2,198.79,Q2,16.55
1208,West,Residential,1663.16,1593.75,69.41,6435.8,92.72150986889498,Q1 (best),92.72,Q1 best,4.17
1209,North,Residential,505.93,437.85,68.08,67861.89,996.7962690951822,Q4 (worst),996.8,Q4 worst,13.46
1210,North,Commercial,611.3,514.63,96.67,62693.04,648.5263266783904,Q4 (worst),648.53,Q4 worst,15.81
1211,Central,Industrial,1097.99,894.73,203.26,52338.98,257.4976876906426,Q2,257.5,Q2,18.51
1212,Central,Industrial,870.1,744.0,126.1,93481.9,741.3314829500397,Q4 (worst),741.33,Q4 worst,14.49
1213,Central,Industrial,2267.4,1913.74,353.66,88741.16,250.92224170106883,Q2,250.92,Q2,15.6
1214,East,Industrial,1026.08,973.88,52.2,6829.83,130.83965517241379,Q1 (best),130.84,Q1 best,5.09
1215,East,Commercial,1277.79,1106.12,171.67,23238.52,135.36739092444807,Q1 (best),135.37,Q1 best,13.43
1216,East,Commercial,2276.6,2130.58,146.02,62766.0,429.84522668127653,Q3,429.85,Q3,6.41
1217,East,Industrial,2007.76,1654.29,353.47,29757.54,84.18688997651851,Q1 (best),84.19,Q1 best,17.61
1218,East,Commercial,1734.75,1519.39,215.36,82453.14,382.86190564635956,Q3,382.86,Q3,12.41
1219,South,Commercial,1011.0,831.9,179.1,24017.68,134.10206588498048,Q1 (best),134.1,Q1 best,17.72
1220,North,Industrial,752.02,601.71,150.31,61815.7,411.2547402035792,Q3,411.25,Q3,19.99
1221,South,Industrial,2315.6,2211.88,103.72,92532.34,892.1359429232549,Q4 (worst),892.14,Q4 worst,4.48
1222,East,Industrial,2176.22,1756.48,419.74,35811.6,85.31853051889264,Q1 (best),85.32,Q1 best,19.29
1223,North,Industrial,2117.42,2023.15,94.27,7522.7,79.79951203988544,Q1 (best),79.8,Q1 best,4.45
1224,South,Residential,1539.62,1479.93,59.69,5609.16,93.97151951750712,Q1 (best),93.97,Q1 best,3.88
1225,Central,Residential,1461.94,1399.39,62.55,9743.39,155.76962430055954,Q1 (best),155.77,Q1 best,4.28
1226,East,Residential,737.98,606.47,131.51,59252.41,450.5544065090108,Q3,450.55,Q3,17.82
1227,North,Industrial,557.53,512.3,45.23,80445.35,1778.5839044881718,Q4 (worst),1778.58,Q4 worst,8.11
1228,East,Residential,1492.76,1316.48,176.28,7948.15,45.08821193555707,Q1 (best),45.09,Q1 best,11.81
1229,South,Residential,1999.44,1673.47,325.97,92354.37,283.321686044728,Q2,283.32,Q2,16.3
1230,North,Industrial,911.28,778.47,132.81,81655.11,614.8265190874181,Q3,614.83,Q3,14.57
1231,South,Industrial,1606.42,1293.99,312.43,19671.97,62.96440802739814,Q1 (best),62.96,Q1 best,19.45
1232,Central,Residential,648.42,539.88,108.54,7611.74,70.12843191450156,Q1 (best),70.13,Q1 best,16.74
1233,West,Commercial,1950.17,1906.9,43.27,73563.25,1700.0982204760803,Q4 (worst),1700.1,Q4 worst,2.22
1234,East,Residential,2331.43,2170.36,161.07,66163.78,410.7765567765568,Q3,410.78,Q3,6.91
1235,West,Industrial,1726.56,1687.3,39.26,59652.86,1519.4309730005095,Q4 (worst),1519.43,Q4 worst,2.27
1236,West,Residential,1546.87,1410.89,135.98,25734.55,189.25246359758788,Q2,189.25,Q2,8.79
1237,East,Commercial,1793.41,1719.73,73.68,92692.17,1258.0370521172638,Q4 (worst),1258.04,Q4 worst,4.11
1238,South,Commercial,1448.99,1399.13,49.86,27562.82,552.8042519053349,Q3,552.8,Q3,3.44
1239,East,Industrial,2281.52,2129.95,151.57,29721.49,196.09084911262124,Q2,196.09,Q2,6.64
1240,North,Industrial,1229.16,1072.92,156.24,71123.26,455.2179979518689,Q3,455.22,Q3,12.71
1241,North,Residential,1364.26,1193.41,170.85,79670.65,466.3192859233245,Q3,466.32,Q3,12.52
1242,East,Commercial,1886.23,1635.86,250.37,86872.03,346.9745975955586,Q3,346.97,Q3,13.27
1243,West,Industrial,523.51,438.98,84.53,39231.23,464.110138412398,Q3,464.11,Q3,16.15
1244,South,Commercial,1101.45,1065.95,35.5,20070.94,565.3785915492957,Q3,565.38,Q3,3.22
1245,Central,Residential,1921.93,1571.65,350.28,73036.96,208.51022039511253,Q2,208.51,Q2,18.23
1246,North,Commercial,1733.46,1469.19,264.27,50025.93,189.29855829265526,Q2,189.3,Q2,15.25
1247,Central,Residential,781.34,760.45,20.89,25952.85,1242.3575873623743,Q4 (worst),1242.36,Q4 worst,2.67
1248,Central,Commercial,1400.97,1302.94,98.03,73747.07,752.2908293379578,Q4 (worst),752.29,Q4 worst,7.0
1249,West,Industrial,1122.51,1062.45,60.06,84768.56,1411.3979353979353,Q4 (worst),1411.4,Q4 worst,5.35
1250,North,Industrial,2273.62,2006.38,267.24,18218.18,68.17160604699895,Q1 (best),68.17,Q1 best,11.75
1251,South,Commercial,1479.66,1290.53,189.13,90833.22,480.26870406598636,Q3,480.27,Q3,12.78
1252,East,Residential,1168.19,1106.38,61.81,36759.23,594.7133149975732,Q3,594.71,Q3,5.29
1253,West,Industrial,935.86,876.48,59.38,33531.97,564.7014146177164,Q3,564.7,Q3,6.34
1254,West,Commercial,720.7,593.94,126.76,44525.21,351.25599558220256,Q3,351.26,Q3,17.59
1255,East,Commercial,1416.73,1326.33,90.4,60375.79,667.8737831858407,Q4 (worst),667.87,Q4 worst,6.38
1256,West,Residential,899.9,780.75,119.15,32529.7,273.0146873688628,Q2,273.01,Q2,13.24
1257,East,Residential,1233.2,1079.88,153.32,92337.12,602.2509783459432,Q3,602.25,Q3,12.43
1258,West,Industrial,1064.96,894.76,170.2,41488.03,243.76045828437134,Q2,243.76,Q2,15.98
1259,South,Residential,627.92,538.41,89.51,84533.92,944.4075522288011,Q4 (worst),944.41,Q4 worst,14.26
1260,North,Commercial,770.39,650.48,119.91,97522.96,813.3013093153199,Q4 (worst),813.3,Q4 worst,15.56
1261,East,Residential,1252.82,1148.92,103.9,8456.9,81.3946102021174,Q1 (best),81.39,Q1 best,8.29
1262,East,Residential,2258.47,1812.62,445.85,43019.27,96.48821352472804,Q1 (best),96.49,Q1 best,19.74
1263,North,Industrial,868.14,810.61,57.53,13985.99,243.1077698592039,Q2,243.11,Q2,6.63
1264,Central,Industrial,2496.29,2214.38,281.91,11895.51,42.19612642332659,Q1 (best),42.2,Q1 best,11.29
1265,West,Commercial,2351.94,2169.03,182.91,62794.94,343.3105899076049,Q3,343.31,Q3,7.78
1266,North,Commercial,1238.06,1090.15,147.91,50682.74,342.6593198566696,Q3,342.66,Q3,11.95
1267,West,Commercial,2194.04,1857.43,336.61,27178.99,80.74326371765545,Q1 (best),80.74,Q1 best,15.34
1268,North,Commercial,2130.72,2000.7,130.02,44222.7,340.122288878634,Q3,340.12,Q3,6.1
1269,North,Residential,2180.57,2034.44,146.13,16274.01,111.36665982344488,Q1 (best),111.37,Q1 best,6.7
1270,West,Commercial,1256.97,1013.9,243.07,81404.98,334.9034434525034,Q3,334.9,Q3,19.34
1271,South,Industrial,1973.76,1821.8,151.96,43691.07,287.516912345354,Q2,287.52,Q2,7.7
1272,South,Residential,713.34,631.19,82.15,19411.41,236.29227023737064,Q2,236.29,Q2,11.52
1273,Central,Industrial,1614.17,1334.94,279.23,66600.95,238.51645596819824,Q2,238.52,Q2,17.3
1274,South,Industrial,703.44,659.25,44.19,28995.86,656.163385381308,Q4 (worst),656.16,Q4 worst,6.28
1275,South,Industrial,531.98,475.69,56.29,70073.51,1244.866050808314,Q4 (worst),1244.87,Q4 worst,10.58
1276,East,Commercial,1734.67,1403.42,331.25,72775.88,219.70076981132078,Q2,219.7,Q2,19.1
1277,East,Commercial,1027.32,997.53,29.79,51855.26,1740.693521315878,Q4 (worst),1740.69,Q4 worst,2.9
1278,North,Commercial,1229.48,1154.84,74.64,93132.32,1247.753483386924,Q4 (worst),1247.75,Q4 worst,6.07
1279,North,Industrial,606.64,572.56,34.08,62813.81,1843.1282276995305,Q4 (worst),1843.13,Q4 worst,5.62
1280,Central,Residential,2182.59,2113.55,69.04,22418.92,324.7236384704519,Q2,324.72,Q2,3.16
1281,West,Industrial,1056.38,916.2,140.18,30133.83,214.965258952775,Q2,214.97,Q2,13.27
1282,East,Industrial,2386.46,2241.66,144.8,33092.22,228.5374309392265,Q2,228.54,Q2,6.07
1283,North,Commercial,1580.42,1452.51,127.91,68643.62,536.6556172308655,Q3,536.66,Q3,8.09
1284,Central,Residential,1697.01,1517.31,179.7,90896.56,505.82392877017253,Q3,505.82,Q3,10.59
1285,East,Industrial,1833.01,1502.64,330.37,97654.75,295.5920634440173,Q2,295.59,Q2,18.02
1286,West,Industrial,1866.79,1744.72,122.07,44370.35,363.4828377160646,Q3,363.48,Q3,6.54
1287,East,Industrial,1287.74,1184.6,103.14,45435.74,440.52491758774477,Q3,440.52,Q3,8.01
1288,North,Industrial,1198.13,1042.93,155.2,95645.23,616.2708118556701,Q3,616.27,Q3,12.95
1289,Central,Commercial,1415.63,1362.29,53.34,56693.9,1062.87776527934,Q4 (worst),1062.88,Q4 worst,3.77
1290,West,Residential,585.67,495.97,89.7,7647.72,85.25886287625418,Q1 (best),85.26,Q1 best,15.32
1291,North,Residential,987.21,925.32,61.89,69119.87,1116.8180643076425,Q4 (worst),1116.82,Q4 worst,6.27
1292,North,Commercial,2345.94,2267.88,78.06,59851.76,766.7404560594415,Q4 (worst),766.74,Q4 worst,3.33
1293,Central,Industrial,1464.06,1244.42,219.64,41330.25,188.17269167729012,Q2,188.17,Q2,15.0
1294,East,Commercial,1003.08,869.79,133.29,76063.01,570.6580388626304,Q3,570.66,Q3,13.29
1295,West,Residential,1498.42,1248.48,249.94,35546.05,142.21833239977596,Q1 (best),142.22,Q1 best,16.68
1296,South,Residential,1750.13,1495.58,254.55,70589.68,277.31164800628557,Q2,277.31,Q2,14.54
1297,Central,Industrial,501.75,443.15,58.6,93151.07,1589.6087030716724,Q4 (worst),1589.61,Q4 worst,11.68
1298,West,Residential,859.82,708.58,151.24,77730.49,513.9545755091245,Q3,513.95,Q3,17.59
1299,West,Residential,1628.76,1472.67,156.09,86759.0,555.8267666090076,Q3,555.83,Q3,9.58
1300,North,Residential,2317.45,1906.96,410.49,83785.54,204.11103802772294,Q2,204.11,Q2,17.71
1301,West,Residential,2066.57,1676.87,389.7,9505.14,24.39091608929946,Q1 (best),24.39,Q1 best,18.86
1302,North,Residential,1035.68,927.92,107.76,88375.23,820.1116369710467,Q4 (worst),820.11,Q4 worst,10.4
1303,South,Industrial,2376.28,2080.37,295.91,32307.16,109.17900713054644,Q1 (best),109.18,Q1 best,12.45
1304,South,Residential,1636.95,1375.24,261.71,35800.25,136.7935883229529,Q1 (best),136.79,Q1 best,15.99
1305,Central,Residential,2312.36,2097.97,214.39,45552.37,212.47432249638513,Q2,212.47,Q2,9.27
1306,East,Residential,1590.26,1291.19,299.07,60658.62,202.82415488012842,Q2,202.82,Q2,18.81
1307,West,Residential,799.2,698.47,100.73,16952.9,168.30040702869056,Q1 (best),168.3,Q1 best,12.6
1308,North,Residential,1138.96,933.41,205.55,77868.52,378.83006567745076,Q3,378.83,Q3,18.05
1309,East,Commercial,2430.39,2213.21,217.18,68130.59,313.70563587807345,Q2,313.71,Q2,8.94
1310,West,Industrial,2128.33,2028.51,99.82,23983.75,240.26998597475458,Q2,240.27,Q2,4.69
1311,East,Industrial,1192.11,1039.12,152.99,57755.18,377.509510425518,Q3,377.51,Q3,12.83
1312,East,Residential,1071.44,983.27,88.17,87019.36,986.9497561528865,Q4 (worst),986.95,Q4 worst,8.23
1313,North,Residential,2203.61,2044.63,158.98,21312.07,134.05503836960625,Q1 (best),134.06,Q1 best,7.21
1314,Central,Residential,1608.08,1575.62,32.46,52045.96,1603.3875539125077,Q4 (worst),1603.39,Q4 worst,2.02
1315,South,Industrial,1214.64,993.3,221.34,69992.91,316.2235023041475,Q2,316.22,Q2,18.22
1316,West,Residential,1837.43,1776.35,61.08,46991.77,769.3479043876882,Q4 (worst),769.35,Q4 worst,3.32
1317,Central,Industrial,2161.31,2003.64,157.67,24393.87,154.7147206190144,Q1 (best),154.71,Q1 best,7.3
1318,Central,Industrial,1328.39,1083.23,245.16,91261.36,372.25224343286015,Q3,372.25,Q3,18.46
1319,North,Residential,1200.08,1098.04,102.04,78759.28,771.8471187769502,Q4 (worst),771.85,Q4 worst,8.5
1320,East,Commercial,843.67,723.87,119.8,16885.37,140.94632721202004,Q1 (best),140.95,Q1 best,14.2
1321,West,Industrial,2240.74,2031.12,209.62,73562.88,350.9344528193875,Q3,350.93,Q3,9.35
1322,West,Industrial,1506.86,1208.09,298.77,65818.84,220.2993607122536,Q2,220.3,Q2,19.83
1323,Central,Industrial,1432.98,1236.28,196.7,52759.66,268.22399593289276,Q2,268.22,Q2,13.73
1324,Central,Residential,839.9,745.35,94.55,27018.47,285.7585404547859,Q2,285.76,Q2,11.26
1325,Central,Industrial,1495.19,1391.88,103.31,95461.17,924.0264253218469,Q4 (worst),924.03,Q4 worst,6.91
1326,South,Industrial,1011.78,961.85,49.93,24444.36,489.5726016422992,Q3,489.57,Q3,4.93
1327,West,Commercial,2142.46,2074.09,68.37,66592.86,974.0070206230803,Q4 (worst),974.01,Q4 worst,3.19
1328,West,Commercial,664.67,535.14,129.53,22656.2,174.9108314676137,Q2,174.91,Q2,19.49
1329,West,Industrial,1342.74,1302.05,40.69,56286.75,1383.3067092651759,Q4 (worst),1383.31,Q4 worst,3.03
1330,North,Commercial,1688.53,1625.7,62.83,64410.46,1025.1545440076397,Q4 (worst),1025.15,Q4 worst,3.72
1331,South,Residential,2279.06,1948.76,330.3,68353.19,206.942749016046,Q2,206.94,Q2,14.49
1332,South,Residential,1868.59,1568.94,299.65,78316.33,261.3593525780077,Q2,261.36,Q2,16.04
1333,East,Commercial,617.0,596.3,20.7,67390.64,3255.5864734299516,Q4 (worst),3255.59,Q4 worst,3.35
1334,West,Residential,1697.31,1568.69,128.62,22824.36,177.45576115689627,Q2,177.46,Q2,7.58
1335,East,Residential,2291.1,1894.81,396.29,44505.14,112.30447399631582,Q1 (best),112.3,Q1 best,17.3
1336,North,Residential,2131.85,1897.7,234.15,7985.55,34.104420243433694,Q1 (best),34.1,Q1 best,10.98
1337,West,Industrial,1336.67,1095.06,241.61,46224.25,191.31761930383675,Q2,191.32,Q2,18.08
1338,South,Commercial,901.58,839.88,61.7,78461.34,1271.6586709886546,Q4 (worst),1271.66,Q4 worst,6.84
1339,West,Residential,2027.52,1791.59,235.93,24205.26,102.5950917645064,Q1 (best),102.6,Q1 best,11.64
1340,South,Industrial,723.18,689.51,33.67,53542.69,1590.2194832194832,Q4 (worst),1590.22,Q4 worst,4.66
1341,Central,Commercial,2224.04,1995.65,228.39,52747.76,230.9547703489645,Q2,230.95,Q2,10.27
1342,South,Residential,800.59,705.95,94.64,22198.92,234.56170752324596,Q2,234.56,Q2,11.82
1343,North,Residential,2358.01,2217.59,140.42,17241.15,122.78272325879506,Q1 (best),122.78,Q1 best,5.96
1344,West,Residential,1377.32,1178.08,199.24,43985.83,220.76806866091147,Q2,220.77,Q2,14.47
1345,South,Residential,965.4,801.44,163.96,18401.39,112.2309709685289,Q1 (best),112.23,Q1 best,16.98
1346,East,Industrial,1640.43,1598.79,41.64,83759.43,2011.5136887608066,Q4 (worst),2011.51,Q4 worst,2.54
1347,North,Residential,776.8,729.05,47.75,76851.8,1609.461780104712,Q4 (worst),1609.46,Q4 worst,6.15
1348,North,Residential,1192.87,955.39,237.48,36592.48,154.0865757116389,Q1 (best),154.09,Q1 best,19.91
1349,North,Residential,521.91,417.95,103.96,56276.43,541.3277222008466,Q3,541.33,Q3,19.92
1350,South,Industrial,1584.95,1403.55,181.4,57618.98,317.6349503858875,Q2,317.63,Q2,11.45
1351,Central,Residential,2075.59,1909.44,166.15,14155.29,85.19584712609088,Q1 (best),85.2,Q1 best,8.0
1352,West,Commercial,1258.63,1095.65,162.98,95682.32,587.080132531599,Q3,587.08,Q3,12.95
1353,North,Residential,1762.77,1645.82,116.95,48983.88,418.84463445917055,Q3,418.84,Q3,6.63
1354,East,Residential,517.69,457.97,59.72,31970.35,535.3374079035499,Q3,535.34,Q3,11.54
1355,West,Industrial,937.36,824.91,112.45,52324.16,465.3104490884838,Q3,465.31,Q3,12.0
1356,Central,Commercial,1456.01,1337.46,118.55,48315.91,407.557233234922,Q3,407.56,Q3,8.14
1357,Central,Industrial,978.78,956.03,22.75,76493.33,3362.344175824176,Q4 (worst),3362.34,Q4 worst,2.32
1358,West,Residential,1654.94,1513.3,141.64,71842.76,507.2208415701779,Q3,507.22,Q3,8.56
1359,South,Commercial,1706.47,1601.98,104.49,98292.69,940.6899224806202,Q4 (worst),940.69,Q4 worst,6.12
1360,Central,Industrial,1047.36,911.87,135.49,24446.33,180.4290353531626,Q2,180.43,Q2,12.94
1361,North,Industrial,1824.08,1749.02,75.06,69435.2,925.0626165734079,Q4 (worst),925.06,Q4 worst,4.11
1362,West,Residential,1167.26,984.66,182.6,77375.18,423.7414019715224,Q3,423.74,Q3,15.64
1363,North,Industrial,1590.72,1449.6,141.12,89176.3,631.9182256235828,Q3,631.92,Q3,8.87
1364,Central,Commercial,1332.06,1281.13,50.93,9507.57,186.67916748478302,Q2,186.68,Q2,3.82
1365,West,Residential,1348.61,1140.14,208.47,7953.91,38.15373914711949,Q1 (best),38.15,Q1 best,15.46
1366,East,Residential,2032.36,1791.3,241.06,52582.36,218.12976022566997,Q2,218.13,Q2,11.86
1367,North,Residential,884.82,731.68,153.14,39388.99,257.20902442209746,Q2,257.21,Q2,17.31
1368,North,Industrial,1383.91,1245.55,138.36,53345.08,385.5527609135588,Q3,385.55,Q3,10.0
1369,Central,Residential,863.02,742.29,120.73,36590.96,303.08092437670837,Q2,303.08,Q2,13.99
1370,Central,Residential,1710.9,1407.25,303.65,24112.97,79.41040671826117,Q1 (best),79.41,Q1 best,17.75
1371,East,Commercial,992.45,906.57,85.88,27772.47,323.3869352585003,Q2,323.39,Q2,8.65
1372,East,Industrial,1418.05,1251.99,166.06,60567.02,364.7297362399133,Q3,364.73,Q3,11.71
1373,South,Residential,1512.96,1347.27,165.69,50674.57,305.83964029211177,Q2,305.84,Q2,10.95
1374,East,Residential,1234.36,1166.19,68.17,47617.84,698.5160627842158,Q4 (worst),698.52,Q4 worst,5.52
1375,Central,Residential,752.31,648.28,104.03,60202.65,578.7047005671441,Q3,578.7,Q3,13.83
1376,Central,Industrial,2157.4,1812.01,345.39,78886.36,228.39792698109386,Q2,228.4,Q2,16.01
1377,North,Industrial,2332.36,1931.22,401.14,34458.74,85.90202921673232,Q1 (best),85.9,Q1 best,17.2
1378,East,Commercial,1467.12,1211.54,255.58,53383.25,208.87099929571954,Q2,208.87,Q2,17.42
1379,South,Industrial,1677.82,1611.16,66.66,39700.8,595.5715571557156,Q3,595.57,Q3,3.97
1380,East,Industrial,2004.75,1761.73,243.02,51342.85,211.2700600773599,Q2,211.27,Q2,12.12
1381,South,Commercial,537.73,515.29,22.44,41491.52,1848.9982174688055,Q4 (worst),1849.0,Q4 worst,4.17
1382,North,Commercial,516.88,466.78,50.1,64147.3,1280.385229540918,Q4 (worst),1280.39,Q4 worst,9.69
1383,North,Residential,1669.96,1479.94,190.02,11773.63,61.95995158404378,Q1 (best),61.96,Q1 best,11.38
1384,Central,Commercial,1047.34,991.01,56.33,14098.91,250.29131901295935,Q2,250.29,Q2,5.38
1385,North,Residential,644.0,601.74,42.26,12230.65,289.4143398012305,Q2,289.41,Q2,6.56
1386,South,Residential,1283.43,1063.15,220.28,32701.81,148.45564735790813,Q1 (best),148.46,Q1 best,17.16
1387,North,Residential,1204.59,963.96,240.63,66643.26,276.9532477247226,Q2,276.95,Q2,19.98
1388,South,Commercial,1467.59,1293.44,174.15,58214.0,334.27505024404246,Q3,334.28,Q3,11.87
1389,Central,Industrial,947.4,814.81,132.59,67600.4,509.84538803831356,Q3,509.85,Q3,14.0
1390,South,Residential,2474.57,2279.08,195.49,53895.65,275.69517622384774,Q2,275.7,Q2,7.9
1391,Central,Industrial,1080.23,909.16,171.07,22034.62,128.80469983047874,Q1 (best),128.8,Q1 best,15.84
1392,South,Industrial,1337.9,1270.96,66.94,62593.92,935.0749925306244,Q4 (worst),935.07,Q4 worst,5.0
1393,East,Industrial,1366.67,1144.72,221.95,82303.03,370.8178869114666,Q3,370.82,Q3,16.24
1394,West,Commercial,2312.36,1946.45,365.91,89615.87,244.91232816812874,Q2,244.91,Q2,15.82
1395,East,Commercial,864.79,765.3,99.49,77722.09,781.2050457332396,Q4 (worst),781.21,Q4 worst,11.5
1396,East,Commercial,1738.93,1493.32,245.61,92824.55,377.9347339277717,Q3,377.93,Q3,14.12
1397,North,Commercial,1694.87,1642.74,52.13,49358.46,946.8340686744676,Q4 (worst),946.83,Q4 worst,3.08
1398,East,Residential,2420.4,1999.82,420.58,25505.99,60.64480003804271,Q1 (best),60.64,Q1 best,17.38
1399,East,Commercial,1169.32,1031.01,138.31,40031.18,289.43084375677824,Q2,289.43,Q2,11.83
1400,Central,Industrial,1809.97,1599.63,210.34,21865.32,103.95226775696491,Q1 (best),103.95,Q1 best,11.62
1401,West,Commercial,1631.95,1366.84,265.11,85570.83,322.77481045603713,Q2,322.77,Q2,16.24
1402,East,Residential,2103.23,1695.01,408.22,86931.67,212.95299103424622,Q2,212.95,Q2,19.41
1403,North,Commercial,1649.04,1437.11,211.93,88217.72,416.25876468645305,Q3,416.26,Q3,12.85
1404,South,Industrial,1432.39,1354.77,77.62,22930.87,295.42476165936614,Q2,295.42,Q2,5.42
1405,East,Residential,2097.57,1919.78,177.79,39232.77,220.66916024523314,Q2,220.67,Q2,8.48
1406,South,Industrial,2033.5,1959.65,73.85,33460.13,453.0823290453622,Q3,453.08,Q3,3.63
1407,Central,Commercial,1114.72,954.63,160.09,66777.86,417.1269910675245,Q3,417.13,Q3,14.36
1408,South,Residential,2385.6,2189.69,195.91,93685.16,478.2050941758971,Q3,478.21,Q3,8.21
1409,North,Commercial,1525.31,1393.62,131.69,67098.1,509.51552889361386,Q3,509.52,Q3,8.63
1410,Central,Industrial,2378.91,2309.25,69.66,15121.66,217.07809359747344,Q2,217.08,Q2,2.93
1411,Central,Industrial,796.57,704.18,92.39,82360.39,891.4426886026627,Q4 (worst),891.44,Q4 worst,11.6
1412,East,Residential,815.49,761.12,54.37,55955.78,1029.1664520875484,Q4 (worst),1029.17,Q4 worst,6.67
1413,South,Commercial,1303.38,1221.47,81.91,88148.34,1076.160908314003,Q4 (worst),1076.16,Q4 worst,6.28
1414,East,Commercial,1159.21,1108.8,50.41,81016.92,1607.1596905375918,Q4 (worst),1607.16,Q4 worst,4.35
1415,South,Industrial,1009.68,953.99,55.69,91366.25,1640.6221942898187,Q4 (worst),1640.62,Q4 worst,5.52
1416,West,Residential,1864.08,1711.04,153.04,93929.32,613.7566649242029,Q3,613.76,Q3,8.21
1417,North,Residential,744.94,660.65,84.29,90415.55,1072.6723217463518,Q4 (worst),1072.67,Q4 worst,11.32
1418,Central,Industrial,1159.68,975.1,184.58,54251.84,293.92046808971713,Q2,293.92,Q2,15.92
1419,East,Commercial,2003.02,1954.95,48.07,71459.16,1486.5645933014355,Q4 (worst),1486.56,Q4 worst,2.4
1420,West,Commercial,2229.42,1865.1,364.32,85708.37,235.25573671497582,Q2,235.26,Q2,16.34
1421,West,Industrial,2154.2,1990.41,163.79,32022.09,195.50699065877038,Q2,195.51,Q2,7.6
1422,West,Commercial,702.17,635.82,66.35,44064.66,664.1244913338359,Q4 (worst),664.12,Q4 worst,9.45
1423,West,Commercial,1591.54,1444.36,147.18,88633.11,602.208927843457,Q3,602.21,Q3,9.25
1424,North,Industrial,922.06,794.78,127.28,63285.41,497.21409490886236,Q3,497.21,Q3,13.8
1425,South,Commercial,642.26,586.58,55.68,86301.83,1549.9610272988507,Q4 (worst),1549.96,Q4 worst,8.67
1426,West,Industrial,2211.11,1925.11,286.0,56466.55,197.43548951048953,Q2,197.44,Q2,12.93
1427,West,Commercial,2161.18,1949.42,211.76,79402.6,374.9650547789951,Q3,374.97,Q3,9.8
1428,West,Commercial,1436.26,1159.65,276.61,13929.84,50.35913379848885,Q1 (best),50.36,Q1 best,19.26
1429,South,Residential,1909.07,1596.64,312.43,74497.24,238.44457958582723,Q2,238.44,Q2,16.37
1430,East,Residential,1372.15,1335.79,36.36,51640.55,1420.2571507150717,Q4 (worst),1420.26,Q4 worst,2.65
1431,North,Commercial,2267.66,1916.95,350.71,41732.22,118.99352741581365,Q1 (best),118.99,Q1 best,15.47
1432,Central,Industrial,567.51,486.91,80.6,32498.29,403.20459057071963,Q3,403.2,Q3,14.2
1433,South,Commercial,1139.4,1001.94,137.46,74542.83,542.2874290702749,Q3,542.29,Q3,12.06
1434,South,Residential,934.81,828.15,106.66,21898.16,205.3080817551097,Q2,205.31,Q2,11.41
1435,South,Industrial,2418.76,2071.56,347.2,7590.61,21.86235599078341,Q1 (best),21.86,Q1 best,14.35
1436,West,Industrial,1528.68,1309.45,219.23,78839.01,359.61779865894266,Q3,359.62,Q3,14.34
1437,Central,Industrial,1625.23,1386.55,238.68,20459.25,85.71832579185521,Q1 (best),85.72,Q1 best,14.69
1438,North,Industrial,737.26,644.16,93.1,88848.09,954.3296455424276,Q4 (worst),954.33,Q4 worst,12.63
1439,South,Residential,1750.62,1485.42,265.2,22251.84,83.90588235294118,Q1 (best),83.91,Q1 best,15.15
1440,West,Residential,2196.01,1863.8,332.21,5430.63,16.346979320309444,Q1 (best),16.35,Q1 best,15.13
1441,North,Commercial,1741.03,1588.52,152.51,86190.91,565.1492361156646,Q3,565.15,Q3,8.76
1442,North,Industrial,1934.32,1864.99,69.33,63831.37,920.6890235107458,Q4 (worst),920.69,Q4 worst,3.58
1443,West,Industrial,2304.14,1843.79,460.35,58278.98,126.59711089388509,Q1 (best),126.6,Q1 best,19.98
1444,East,Commercial,1800.39,1534.09,266.3,21717.86,81.55411190386782,Q1 (best),81.55,Q1 best,14.79
1445,South,Commercial,710.51,646.75,63.76,59315.26,930.2895232120452,Q4 (worst),930.29,Q4 worst,8.97
1446,Central,Industrial,2373.86,2100.92,272.94,64960.0,238.0010258664908,Q2,238.0,Q2,11.5
1447,East,Residential,877.65,709.56,168.09,36689.29,218.27169968469272,Q2,218.27,Q2,19.15
1448,South,Residential,1750.46,1474.4,276.06,51623.57,187.00126784032457,Q2,187.0,Q2,15.77
1449,Central,Residential,1406.42,1306.4,100.02,82125.45,821.0902819436113,Q4 (worst),821.09,Q4 worst,7.11
1450,Central,Commercial,1969.29,1605.6,363.69,64287.8,176.76537710687674,Q2,176.77,Q2,18.47
1451,North,Industrial,941.09,847.78,93.31,34584.8,370.64408959382706,Q3,370.64,Q3,9.92
1452,East,Commercial,1205.51,1051.82,153.69,80012.76,520.6113605309389,Q3,520.61,Q3,12.75
1453,West,Industrial,519.72,498.43,21.29,94375.94,4432.87646782527,Q4 (worst),4432.88,Q4 worst,4.1
1454,East,Commercial,1361.57,1159.14,202.43,87605.51,432.7694017685125,Q3,432.77,Q3,14.87
1455,South,Commercial,1185.2,1148.07,37.13,13507.05,363.77726905467273,Q3,363.78,Q3,3.13
1456,East,Residential,1420.25,1256.99,163.26,8176.63,50.08348646331006,Q1 (best),50.08,Q1 best,11.5
1457,East,Industrial,1656.18,1351.12,305.06,61576.37,201.85002950239297,Q2,201.85,Q2,18.42
1458,West,Commercial,1207.31,1123.61,83.7,30499.61,364.39199522102746,Q3,364.39,Q3,6.93
1459,Central,Commercial,1757.34,1493.62,263.72,61023.45,231.39485059912025,Q2,231.39,Q2,15.01
1460,East,Residential,1104.36,909.0,195.36,38700.67,198.09925266175264,Q2,198.1,Q2,17.69
1461,West,Residential,1868.05,1606.37,261.68,88083.65,336.60826199938856,Q3,336.61,Q3,14.01
1462,Central,Commercial,1175.01,974.05,200.96,30105.27,149.80727507961782,Q1 (best),149.81,Q1 best,17.1
1463,East,Commercial,1382.21,1163.42,218.79,14242.18,65.09520544814663,Q1 (best),65.1,Q1 best,15.83
1464,North,Commercial,2433.05,2214.56,218.49,13019.82,59.59000411918165,Q1 (best),59.59,Q1 best,8.98
1465,Central,Industrial,2289.59,2141.39,148.2,58161.03,392.4495951417004,Q3,392.45,Q3,6.47
1466,North,Industrial,1369.76,1125.27,244.49,61957.15,253.41384105689394,Q2,253.41,Q2,17.85
1467,West,Residential,1632.93,1536.93,96.0,28670.69,298.6530208333333,Q2,298.65,Q2,5.88
1468,East,Industrial,1297.58,1123.74,173.84,13985.35,80.44955131155085,Q1 (best),80.45,Q1 best,13.4
1469,West,Residential,2462.87,2285.86,177.01,62679.46,354.1012372182363,Q3,354.1,Q3,7.19
1470,North,Commercial,1937.09,1838.01,99.08,77647.08,783.6806620912395,Q4 (worst),783.68,Q4 worst,5.11
1471,West,Industrial,1961.76,1632.0,329.76,12541.7,38.032811741872884,Q1 (best),38.03,Q1 best,16.81
1472,North,Industrial,703.58,579.25,124.33,92299.85,742.3779457894315,Q4 (worst),742.38,Q4 worst,17.67
1473,Central,Residential,2085.62,1862.87,222.75,6269.16,28.144377104377103,Q1 (best),28.14,Q1 best,10.68
1474,East,Industrial,942.0,874.04,67.96,89232.94,1313.021483225427,Q4 (worst),1313.02,Q4 worst,7.21
1475,South,Commercial,616.81,592.14,24.67,47028.88,1906.3186055938384,Q4 (worst),1906.32,Q4 worst,4.0
1476,Central,Commercial,959.44,919.98,39.46,79645.6,2018.3882412569692,Q4 (worst),2018.39,Q4 worst,4.11
1477,West,Industrial,715.52,659.72,55.8,24223.74,434.11720430107533,Q3,434.12,Q3,7.8
1478,East,Industrial,920.38,766.49,153.89,72048.03,468.1787640522451,Q3,468.18,Q3,16.72
1479,South,Industrial,2066.87,1699.44,367.43,90803.89,247.1324878208094,Q2,247.13,Q2,17.78
1480,North,Industrial,1624.49,1312.24,312.25,88250.63,282.62811849479584,Q2,282.63,Q2,19.22
1481,West,Commercial,1402.48,1358.83,43.65,81449.19,1865.9608247422682,Q4 (worst),1865.96,Q4 worst,3.11
1482,Central,Industrial,2319.02,2134.13,184.89,9270.38,50.13997512034182,Q1 (best),50.14,Q1 best,7.97
1483,Central,Residential,2093.96,1683.05,410.91,27271.21,66.367842106544,Q1 (best),66.37,Q1 best,19.62
1484,Central,Commercial,2458.31,1991.57,466.74,96843.67,207.48954450014998,Q2,207.49,Q2,18.99
1485,North,Residential,1072.49,971.82,100.67,75513.3,750.1072812158538,Q4 (worst),750.11,Q4 worst,9.39
1486,Central,Residential,1747.1,1483.34,263.76,67415.11,255.5926220806794,Q2,255.59,Q2,15.1
1487,East,Commercial,2477.72,2425.38,52.34,98722.71,1886.1809323653038,Q4 (worst),1886.18,Q4 worst,2.11
1488,East,Residential,501.4,423.26,78.14,40225.02,514.7814179677501,Q3,514.78,Q3,15.58
1489,East,Residential,570.26,482.11,88.15,27143.04,307.9187748156551,Q2,307.92,Q2,15.46
1490,North,Industrial,1222.96,981.9,241.06,40753.82,169.06089770181697,Q1 (best),169.06,Q1 best,19.71
1491,South,Residential,1270.8,1149.84,120.96,93867.49,776.020916005291,Q4 (worst),776.02,Q4 worst,9.52
1492,North,Residential,1825.76,1585.92,239.84,55282.85,230.49887424949966,Q2,230.5,Q2,13.14
1493,Central,Industrial,2401.4,1963.5,437.9,46363.31,105.87647864809317,Q1 (best),105.88,Q1 best,18.24
1494,South,Residential,846.42,816.27,30.15,21560.34,715.1024875621891,Q4 (worst),715.1,Q4 worst,3.56
1495,West,Residential,2311.87,1995.65,316.22,91046.53,287.92147871734863,Q2,287.92,Q2,13.68
1496,West,Industrial,1115.59,999.22,116.37,32252.27,277.15278851937785,Q2,277.15,Q2,10.43
1497,South,Residential,1057.93,872.53,185.4,6927.02,37.36256742179072,Q1 (best),37.36,Q1 best,17.52
1498,East,Residential,1831.91,1672.38,159.53,97478.9,611.0380492697298,Q3,611.04,Q3,8.71
1499,South,Commercial,1871.26,1641.2,230.06,80479.74,349.82065548117885,Q3,349.82,Q3,12.29
1500,Central,Industrial,1283.59,1193.63,89.96,62311.2,692.6545131169408,Q4 (worst),692.65,Q4 worst,7.01
1501,North,Commercial,2089.5,1875.04,214.46,71033.57,331.2206005781964,Q3,331.22,Q3,10.26
1502,Central,Commercial,1160.94,999.61,161.33,5888.22,36.49798549556809,Q1 (best),36.5,Q1 best,13.9
1503,Central,Residential,2282.21,1850.5,431.71,77260.63,178.9641889231197,Q2,178.96,Q2,18.92
1504,East,Industrial,1873.31,1822.45,50.86,6096.31,119.86453008257963,Q1 (best),119.86,Q1 best,2.71
1505,North,Commercial,1403.44,1328.02,75.42,41248.77,546.9208432776451,Q3,546.92,Q3,5.37
1506,Central,Industrial,684.03,642.47,41.56,53440.6,1285.866217516843,Q4 (worst),1285.87,Q4 worst,6.08
1507,East,Industrial,1392.9,1298.43,94.47,73696.37,780.1034190748385,Q4 (worst),780.1,Q4 worst,6.78
1508,South,Industrial,749.43,682.12,67.31,29227.38,434.2204724409449,Q3,434.22,Q3,8.98
1509,Central,Residential,1585.9,1437.42,148.48,18213.06,122.66338900862071,Q1 (best),122.66,Q1 best,9.36
1510,South,Industrial,1488.81,1307.33,181.48,95053.93,523.7708287414591,Q3,523.77,Q3,12.19
1511,West,Industrial,1485.9,1331.88,154.02,33456.69,217.22302298402806,Q2,217.22,Q2,10.37
1512,North,Residential,1632.85,1381.96,250.89,92856.74,370.1093706405198,Q3,370.11,Q3,15.37
1513,South,Residential,1329.83,1190.79,139.04,53118.21,382.0354574223245,Q3,382.04,Q3,10.46
1514,Central,Industrial,2340.15,1884.89,455.26,38001.46,83.47199402539208,Q1 (best),83.47,Q1 best,19.45
1515,East,Commercial,2478.41,2104.9,373.51,66313.14,177.54046745736392,Q2,177.54,Q2,15.07
1516,South,Residential,2245.53,1890.32,355.21,43292.01,121.87722755553054,Q1 (best),121.88,Q1 best,15.82
1517,South,Residential,574.74,516.23,58.51,74465.58,1272.6983421637328,Q4 (worst),1272.7,Q4 worst,10.18
1518,North,Residential,530.7,512.45,18.25,90818.6,4976.361643835617,Q4 (worst),4976.36,Q4 worst,3.44
1519,West,Commercial,1417.65,1226.64,191.01,84974.72,444.87053033872576,Q3,444.87,Q3,13.47
1520,East,Commercial,1019.05,945.97,73.08,56998.56,779.9474548440065,Q4 (worst),779.95,Q4 worst,7.17
1521,Central,Residential,1718.4,1623.48,94.92,39626.88,417.4766118836915,Q3,417.48,Q3,5.52
1522,West,Industrial,1189.18,976.49,212.69,95666.51,449.79317316281913,Q3,449.79,Q3,17.89
1523,East,Commercial,2132.03,1937.45,194.58,93556.35,480.8117483811286,Q3,480.81,Q3,9.13
1524,West,Industrial,1090.88,962.03,128.85,12856.87,99.78168412883198,Q1 (best),99.78,Q1 best,11.81
1525,West,Residential,2140.08,1856.9,283.18,57044.25,201.44166254679,Q2,201.44,Q2,13.23
1526,Central,Residential,1492.4,1301.82,190.58,10402.01,54.58080596075139,Q1 (best),54.58,Q1 best,12.77
1527,West,Commercial,2487.19,2427.61,59.58,84387.3,1416.3695871097684,Q4 (worst),1416.37,Q4 worst,2.4
1528,East,Industrial,1564.56,1295.3,269.26,6622.08,24.59362697764243,Q1 (best),24.59,Q1 best,17.21
1529,North,Commercial,1032.69,953.67,79.02,40785.2,516.1376866616047,Q3,516.14,Q3,7.65
1530,South,Industrial,1143.83,1061.49,82.34,90428.37,1098.2313577847947,Q4 (worst),1098.23,Q4 worst,7.2
1531,Central,Commercial,861.51,795.21,66.3,69259.09,1044.6318250377074,Q4 (worst),1044.63,Q4 worst,7.7
1532,North,Commercial,1095.95,888.27,207.68,57189.83,275.3747592449923,Q2,275.37,Q2,18.95
1533,West,Industrial,755.0,692.23,62.77,69489.96,1107.056874303011,Q4 (worst),1107.06,Q4 worst,8.31
1534,North,Residential,1270.61,1178.21,92.4,8710.74,94.27207792207791,Q1 (best),94.27,Q1 best,7.27
1535,South,Commercial,1240.15,1171.0,69.15,87703.67,1268.310484454085,Q4 (worst),1268.31,Q4 worst,5.58
1536,West,Industrial,931.87,812.3,119.57,90164.14,754.0699172033119,Q4 (worst),754.07,Q4 worst,12.83
1537,West,Residential,847.75,738.03,109.72,8605.87,78.43483412322276,Q1 (best),78.43,Q1 best,12.94
1538,Central,Commercial,2142.29,1937.63,204.66,90207.39,440.7670771034887,Q3,440.77,Q3,9.55
1539,West,Residential,990.47,828.87,161.6,75467.02,466.9988861386139,Q3,467.0,Q3,16.32
1540,Central,Commercial,905.64,834.7,70.94,10747.31,151.49859035804906,Q1 (best),151.5,Q1 best,7.83
1541,East,Industrial,1357.04,1320.37,36.67,35813.07,976.6313062448868,Q4 (worst),976.63,Q4 worst,2.7
1542,Central,Commercial,1529.13,1244.31,284.82,39234.45,137.75173793975142,Q1 (best),137.75,Q1 best,18.63
1543,West,Residential,1519.3,1365.7,153.6,84092.64,547.478125,Q3,547.48,Q3,10.11
1544,West,Residential,787.99,761.46,26.53,12493.33,470.9133056916698,Q3,470.91,Q3,3.37
1545,South,Industrial,773.27,668.44,104.83,34268.45,326.8954497758275,Q2,326.9,Q2,13.56
1546,South,Commercial,578.29,493.81,84.48,16998.58,201.2142518939394,Q2,201.21,Q2,14.61
1547,South,Commercial,872.81,806.05,66.76,35486.19,531.5486818454165,Q3,531.55,Q3,7.65
1548,West,Residential,2044.43,1664.0,380.43,64192.43,168.7365086875378,Q1 (best),168.74,Q1 best,18.61
1549,East,Commercial,1350.58,1134.43,216.15,82741.77,382.79791811242194,Q3,382.8,Q3,16.0
1550,North,Residential,2191.66,1828.79,362.87,51330.13,141.45597596935542,Q1 (best),141.46,Q1 best,16.56
1551,West,Industrial,920.64,786.84,133.8,64966.16,485.5467862481315,Q3,485.55,Q3,14.53
1552,West,Industrial,2343.91,2048.55,295.36,12712.88,43.0419826652221,Q1 (best),43.04,Q1 best,12.6
1553,North,Residential,1602.33,1356.09,246.24,80274.8,326.0022742040286,Q2,326.0,Q2,15.37
1554,Central,Residential,1241.48,1020.93,220.55,90388.7,409.833144411698,Q3,409.83,Q3,17.77
1555,West,Industrial,2088.41,1964.46,123.95,79470.96,641.1533682936669,Q3,641.15,Q3,5.94
1556,North,Industrial,1012.66,914.92,97.74,63044.51,645.0226110087989,Q3,645.02,Q3,9.65
1557,West,Residential,2017.88,1685.31,332.57,38405.74,115.48167303124154,Q1 (best),115.48,Q1 best,16.48
1558,Central,Industrial,1578.28,1333.2,245.08,98811.45,403.1803900767096,Q3,403.18,Q3,15.53
1559,West,Industrial,756.01,650.09,105.92,7959.45,75.14586480362537,Q1 (best),75.15,Q1 best,14.01
1560,West,Commercial,543.23,520.52,22.71,87194.97,3839.496697490092,Q4 (worst),3839.5,Q4 worst,4.18
1561,East,Commercial,538.04,438.59,99.45,85275.3,857.4690799396682,Q4 (worst),857.47,Q4 worst,18.48
1562,East,Industrial,793.2,731.75,61.45,26005.85,423.2034174125305,Q3,423.2,Q3,7.75
1563,South,Residential,1835.02,1776.74,58.28,91115.6,1563.4111187371311,Q4 (worst),1563.41,Q4 worst,3.18
1564,East,Commercial,650.14,622.89,27.25,11801.59,433.085871559633,Q3,433.09,Q3,4.19
1565,West,Commercial,2379.64,1951.63,428.01,56975.75,133.11780098595827,Q1 (best),133.12,Q1 best,17.99
1566,North,Commercial,623.22,535.18,88.04,37927.8,430.8019082235348,Q3,430.8,Q3,14.13
1567,North,Residential,1872.42,1762.97,109.45,39676.35,362.50662402923706,Q3,362.51,Q3,5.85
1568,West,Residential,2200.51,2051.79,148.72,84297.68,566.8214093598708,Q3,566.82,Q3,6.76
1569,Central,Industrial,564.78,517.24,47.54,70218.24,1477.0349179638201,Q4 (worst),1477.03,Q4 worst,8.42
1570,Central,Commercial,2012.46,1718.92,293.54,16361.55,55.73874088710226,Q1 (best),55.74,Q1 best,14.59
1571,North,Residential,1673.96,1356.51,317.45,30496.99,96.06864073082376,Q1 (best),96.07,Q1 best,18.96
1572,East,Industrial,2253.95,2010.55,243.4,28928.43,118.8513968775678,Q1 (best),118.85,Q1 best,10.8
1573,West,Industrial,1577.69,1514.94,62.75,47039.05,749.6262948207171,Q4 (worst),749.63,Q4 worst,3.98
1574,Central,Industrial,971.39,927.33,44.06,72664.07,1649.2072174307764,Q4 (worst),1649.21,Q4 worst,4.54
1575,South,Residential,1001.09,974.2,26.89,14543.59,540.8549646708814,Q3,540.85,Q3,2.69
1576,Central,Residential,1563.78,1479.62,84.16,19899.97,236.45401615969584,Q2,236.45,Q2,5.38
1577,South,Residential,1351.37,1157.53,193.84,57906.11,298.73147957078004,Q2,298.73,Q2,14.34
1578,North,Industrial,1794.73,1694.25,100.48,93969.9,935.2099920382165,Q4 (worst),935.21,Q4 worst,5.6
1579,North,Residential,1650.91,1580.91,70.0,47428.78,677.554,Q4 (worst),677.55,Q4 worst,4.24
1580,South,Industrial,2011.62,1832.72,178.9,69751.48,389.890888764673,Q3,389.89,Q3,8.89
1581,West,Commercial,1450.86,1373.56,77.3,7347.88,95.05666235446314,Q1 (best),95.06,Q1 best,5.33
1582,East,Commercial,1520.63,1254.33,266.3,35052.47,131.6277506571536,Q1 (best),131.63,Q1 best,17.51
1583,West,Residential,895.1,804.14,90.96,88611.33,974.1790897097626,Q4 (worst),974.18,Q4 worst,10.16
1584,South,Commercial,1122.19,993.04,129.15,39763.11,307.88315911730547,Q2,307.88,Q2,11.51
1585,North,Residential,1022.37,909.37,113.0,79291.74,701.6968141592921,Q4 (worst),701.7,Q4 worst,11.05
1586,Central,Industrial,660.22,594.79,65.43,83927.58,1282.7079321412195,Q4 (worst),1282.71,Q4 worst,9.91
1587,East,Commercial,1087.81,958.5,129.31,62597.05,484.0851442270513,Q3,484.09,Q3,11.89
1588,East,Industrial,1541.06,1262.89,278.17,60383.65,217.07463062156233,Q2,217.07,Q2,18.05
1589,West,Commercial,2469.5,2167.79,301.71,65444.87,216.91316164528854,Q2,216.91,Q2,12.22
1590,South,Commercial,1930.34,1834.4,95.94,98174.79,1023.2936210131331,Q4 (worst),1023.29,Q4 worst,4.97
1591,Central,Industrial,1605.06,1417.29,187.77,64931.96,345.805826276828,Q3,345.81,Q3,11.7
1592,East,Residential,2472.49,2416.17,56.32,67526.41,1198.977450284091,Q4 (worst),1198.98,Q4 worst,2.28
1593,Central,Commercial,1821.66,1653.22,168.44,6131.5,36.40168606031821,Q1 (best),36.4,Q1 best,9.25
1594,Central,Industrial,1088.92,910.12,178.8,24337.26,136.11442953020133,Q1 (best),136.11,Q1 best,16.42
1595,Central,Industrial,793.16,652.38,140.78,9934.02,70.56414263389686,Q1 (best),70.56,Q1 best,17.75
1596,North,Commercial,1796.47,1586.24,210.23,40705.5,193.62365028778007,Q2,193.62,Q2,11.7
1597,Central,Commercial,2192.0,2025.16,166.84,99034.14,593.5875089906497,Q3,593.59,Q3,7.61
1598,Central,Residential,1235.6,1184.81,50.79,81533.12,1605.2986808426856,Q4 (worst),1605.3,Q4 worst,4.11
1599,Central,Industrial,1007.15,937.55,69.6,48367.26,694.9318965517242,Q4 (worst),694.93,Q4 worst,6.91
1600,East,Industrial,1365.43,1227.75,137.68,62920.3,457.00392213829167,Q3,457.0,Q3,10.08
1601,West,Residential,1267.97,1088.67,179.3,78076.21,435.45013943112104,Q3,435.45,Q3,14.14
1602,Central,Industrial,1125.6,1092.94,32.66,12542.62,384.0361298224128,Q3,384.04,Q3,2.9
1603,North,Commercial,897.36,862.37,34.99,26172.62,748.0028579594169,Q4 (worst),748.0,Q4 worst,3.9
1604,East,Residential,1784.36,1686.54,97.82,66578.66,680.624207728481,Q4 (worst),680.62,Q4 worst,5.48
1605,Central,Commercial,2150.63,1731.46,419.17,18260.32,43.56304124818093,Q1 (best),43.56,Q1 best,19.49
1606,North,Residential,2065.5,1908.82,156.68,82568.95,526.9910007658922,Q3,526.99,Q3,7.59
1607,North,Industrial,1518.9,1404.98,113.92,82248.82,721.9875351123596,Q4 (worst),721.99,Q4 worst,7.5
1608,North,Industrial,732.57,610.16,122.41,92916.86,759.0626582795524,Q4 (worst),759.06,Q4 worst,16.71
1609,East,Commercial,1027.28,833.23,194.05,72476.92,373.49610925019323,Q3,373.5,Q3,18.89
1610,East,Commercial,2031.13,1704.87,326.26,32856.44,100.70630785263288,Q1 (best),100.71,Q1 best,16.06
1611,Central,Residential,1844.33,1783.89,60.44,91811.94,1519.0592322964924,Q4 (worst),1519.06,Q4 worst,3.28
1612,East,Residential,2445.48,2263.94,181.54,65936.86,363.20843891153464,Q3,363.21,Q3,7.42
1613,East,Residential,2040.92,1954.05,86.87,69862.1,804.2143432715552,Q4 (worst),804.21,Q4 worst,4.26
1614,North,Commercial,2272.86,1980.24,292.62,37720.82,128.90718337775954,Q1 (best),128.91,Q1 best,12.87
1615,Central,Commercial,1463.28,1410.52,52.76,88435.02,1676.175511751327,Q4 (worst),1676.18,Q4 worst,3.61
1616,West,Residential,1640.88,1338.94,301.94,28077.53,92.99042856196596,Q1 (best),92.99,Q1 best,18.4
1617,Central,Residential,709.53,669.44,40.09,30323.45,756.3843851334497,Q4 (worst),756.38,Q4 worst,5.65
1618,South,Industrial,609.95,555.76,54.19,58324.81,1076.3020852555821,Q4 (worst),1076.3,Q4 worst,8.88
1619,North,Residential,793.55,724.78,68.77,39641.47,576.4355096699143,Q3,576.44,Q3,8.67
1620,North,Commercial,1636.57,1384.56,252.01,95896.13,380.52509821038853,Q3,380.53,Q3,15.4
1621,North,Residential,837.26,800.18,37.08,69795.14,1882.2853290183389,Q4 (worst),1882.29,Q4 worst,4.43
1622,Central,Residential,1146.93,1057.48,89.45,18846.68,210.69513694801566,Q2,210.7,Q2,7.8
1623,South,Residential,2028.1,1798.32,229.78,86031.14,374.4065627991992,Q3,374.41,Q3,11.33
1624,Central,Commercial,959.33,777.53,181.8,95300.45,524.2048954895489,Q3,524.2,Q3,18.95
1625,Central,Industrial,1290.48,1253.07,37.41,84038.96,2246.430366212243,Q4 (worst),2246.43,Q4 worst,2.9
1626,West,Residential,1221.11,1107.9,113.21,47445.35,419.09151135058744,Q3,419.09,Q3,9.27
1627,Central,Residential,2115.54,1984.78,130.76,8196.71,62.68514836341389,Q1 (best),62.69,Q1 best,6.18
1628,North,Commercial,1971.13,1913.2,57.93,85200.26,1470.745037113758,Q4 (worst),1470.75,Q4 worst,2.94
1629,North,Commercial,1928.34,1819.38,108.96,32501.13,298.28496696035245,Q2,298.28,Q2,5.65
1630,East,Residential,2470.39,2151.95,318.44,41612.68,130.67667378470043,Q1 (best),130.68,Q1 best,12.89
1631,Central,Residential,923.79,814.61,109.18,12854.46,117.73639860780361,Q1 (best),117.74,Q1 best,11.82
1632,West,Residential,2176.16,1829.63,346.53,7614.27,21.972902778980178,Q1 (best),21.97,Q1 best,15.92
1633,South,Residential,1177.36,1023.68,153.68,29787.11,193.82554659031754,Q2,193.83,Q2,13.05
1634,East,Residential,1513.25,1361.98,151.27,15697.8,103.77338533747603,Q1 (best),103.77,Q1 best,10.0
1635,Central,Industrial,1204.97,980.5,224.47,23668.36,105.44108344099435,Q1 (best),105.44,Q1 best,18.63
1636,East,Residential,2039.45,1854.18,185.27,62873.22,339.35996113779885,Q3,339.36,Q3,9.08
1637,West,Residential,1530.3,1458.16,72.14,81941.57,1135.8687274743554,Q4 (worst),1135.87,Q4 worst,4.71
1638,North,Residential,1811.24,1582.73,228.51,7670.74,33.56850903680364,Q1 (best),33.57,Q1 best,12.62
1639,West,Commercial,1311.61,1246.67,64.94,96513.94,1486.2017246689252,Q4 (worst),1486.2,Q4 worst,4.95
1640,Central,Industrial,578.19,516.84,61.35,56961.8,928.4726976365118,Q4 (worst),928.47,Q4 worst,10.61
1641,South,Residential,824.16,789.77,34.39,39857.49,1158.9848793253852,Q4 (worst),1158.98,Q4 worst,4.17
1642,North,Commercial,770.85,621.75,149.1,90790.83,608.925754527163,Q3,608.93,Q3,19.34
1643,West,Industrial,2326.08,1925.46,400.62,16494.38,41.172133193549996,Q1 (best),41.17,Q1 best,17.22
1644,South,Industrial,1949.73,1689.68,260.05,60215.81,231.55473947317822,Q2,231.55,Q2,13.34
1645,North,Residential,1296.79,1181.71,115.08,87264.45,758.2937956204379,Q4 (worst),758.29,Q4 worst,8.87
1646,Central,Industrial,1073.43,1049.92,23.51,51621.82,2195.7388345384943,Q4 (worst),2195.74,Q4 worst,2.19
1647,North,Commercial,1066.47,933.84,132.63,14378.96,108.4140842946543,Q1 (best),108.41,Q1 best,12.44
1648,South,Industrial,1312.0,1172.09,139.91,17614.09,125.89586162533057,Q1 (best),125.9,Q1 best,10.66
1649,South,Industrial,1048.65,1013.97,34.68,18428.28,531.3806228373702,Q3,531.38,Q3,3.31
1650,West,Residential,2059.52,1876.15,183.37,72804.52,397.03615640508264,Q3,397.04,Q3,8.9
1651,North,Residential,2303.15,1972.06,331.09,56691.74,171.22758162433175,Q1 (best),171.23,Q1 best,14.38
1652,Central,Commercial,1658.52,1384.76,273.76,7532.27,27.514136469900645,Q1 (best),27.51,Q1 best,16.51
1653,East,Industrial,2399.34,1951.27,448.07,22651.51,50.55350726448992,Q1 (best),50.55,Q1 best,18.67
1654,North,Commercial,2063.71,2005.03,58.68,6177.69,105.27760736196318,Q1 (best),105.28,Q1 best,2.84
1655,South,Commercial,787.84,710.9,76.94,25263.27,328.35027293995324,Q2,328.35,Q2,9.77
1656,North,Residential,2130.47,1898.8,231.67,25360.64,109.46881339836837,Q1 (best),109.47,Q1 best,10.87
1657,North,Commercial,2115.98,2021.15,94.83,31726.6,334.56290203522093,Q3,334.56,Q3,4.48
1658,East,Commercial,2234.08,1803.49,430.59,63788.94,148.14310597087717,Q1 (best),148.14,Q1 best,19.27
1659,Central,Residential,2256.31,1853.58,402.73,40001.42,99.32565242221835,Q1 (best),99.33,Q1 best,17.85
1660,East,Commercial,1533.22,1437.49,95.73,26395.68,275.73049200877466,Q2,275.73,Q2,6.24
1661,West,Industrial,2141.65,1853.89,287.76,51870.33,180.2555254378649,Q2,180.26,Q2,13.44
1662,West,Residential,590.22,572.61,17.61,68762.45,3904.7387847813743,Q4 (worst),3904.74,Q4 worst,2.98
1663,South,Residential,1770.44,1506.07,264.37,85101.64,321.903544275069,Q2,321.9,Q2,14.93
1664,East,Residential,1095.14,924.24,170.9,9549.98,55.88051492100643,Q1 (best),55.88,Q1 best,15.61
1665,North,Industrial,1646.25,1583.2,63.05,36304.39,575.8031720856463,Q3,575.8,Q3,3.83
1666,West,Industrial,1287.92,1036.9,251.02,65213.1,259.7924468169867,Q2,259.79,Q2,19.49
1667,West,Industrial,2258.78,2107.91,150.87,62857.85,416.63584542984023,Q3,416.64,Q3,6.68
1668,Central,Commercial,714.67,632.25,82.42,72908.84,884.6013103615627,Q4 (worst),884.6,Q4 worst,11.53
1669,East,Commercial,1765.8,1549.3,216.5,27106.17,125.2017090069284,Q1 (best),125.2,Q1 best,12.26
1670,Central,Commercial,770.96,619.37,151.59,73355.26,483.9056666006992,Q3,483.91,Q3,19.66
1671,North,Residential,508.08,419.21,88.87,61951.69,697.104647237538,Q4 (worst),697.1,Q4 worst,17.49
1672,South,Commercial,1752.84,1610.83,142.01,77011.46,542.2960354904585,Q3,542.3,Q3,8.1
1673,North,Commercial,2003.44,1908.79,94.65,83814.96,885.5251980982567,Q4 (worst),885.53,Q4 worst,4.72
1674,South,Industrial,1801.71,1736.28,65.43,94668.76,1446.8708543481582,Q4 (worst),1446.87,Q4 worst,3.63
1675,Central,Industrial,1075.16,1025.07,50.09,96798.95,1932.500499101617,Q4 (worst),1932.5,Q4 worst,4.66
1676,North,Industrial,906.31,826.81,79.5,90871.94,1143.0432704402515,Q4 (worst),1143.04,Q4 worst,8.77
1677,East,Residential,1499.71,1344.89,154.82,99051.21,639.7830383671361,Q3,639.78,Q3,10.32
1678,South,Industrial,2322.67,2269.03,53.64,67981.19,1267.3599925428784,Q4 (worst),1267.36,Q4 worst,2.31
1679,Central,Residential,1912.83,1573.63,339.2,58477.46,172.39817216981132,Q2,172.4,Q2,17.73
1680,South,Commercial,1499.22,1241.02,258.2,59387.22,230.00472501936486,Q2,230.0,Q2,17.22
1681,West,Industrial,1439.57,1383.87,55.7,84881.24,1523.9001795332138,Q4 (worst),1523.9,Q4 worst,3.87
1682,East,Commercial,2227.57,1994.03,233.54,11906.3,50.98184465187976,Q1 (best),50.98,Q1 best,10.48
1683,West,Residential,1237.0,1147.81,89.19,44373.17,497.51283776208095,Q3,497.51,Q3,7.21
1684,West,Residential,736.72,671.35,65.37,18631.3,285.013002906532,Q2,285.01,Q2,8.87
1685,West,Industrial,1274.75,1024.81,249.94,92082.14,368.4169800752181,Q3,368.42,Q3,19.61
1686,West,Residential,2450.73,2290.01,160.72,45302.82,281.87419113987056,Q2,281.87,Q2,6.56
1687,South,Commercial,2212.56,1939.95,272.61,16660.63,61.11525622684421,Q1 (best),61.12,Q1 best,12.32
1688,East,Industrial,1632.39,1475.01,157.38,85679.72,544.4130130893379,Q3,544.41,Q3,9.64
1689,West,Commercial,2415.3,2273.82,141.48,84581.41,597.8329799264915,Q3,597.83,Q3,5.86
1690,West,Commercial,2196.22,2142.09,54.13,9209.59,170.138370589322,Q1 (best),170.14,Q1 best,2.46
1691,North,Industrial,975.25,783.05,192.2,38384.0,199.70863683662853,Q2,199.71,Q2,19.71
1692,North,Commercial,1138.45,989.71,148.74,49733.46,334.36506655909636,Q3,334.37,Q3,13.07
1693,South,Commercial,674.1,617.77,56.33,95342.08,1692.5631102432098,Q4 (worst),1692.56,Q4 worst,8.36
1694,North,Residential,2339.17,2056.11,283.06,39882.95,140.89927930474104,Q1 (best),140.9,Q1 best,12.1
1695,Central,Industrial,1900.23,1835.76,64.47,6335.1,98.26430898092137,Q1 (best),98.26,Q1 best,3.39
1696,East,Commercial,1312.28,1264.73,47.55,94173.48,1980.5148264984227,Q4 (worst),1980.51,Q4 worst,3.62
1697,West,Commercial,1683.44,1614.93,68.51,87116.32,1271.5854619763538,Q4 (worst),1271.59,Q4 worst,4.07
1698,West,Residential,2167.26,2034.43,132.83,82157.86,618.5188586915606,Q3,618.52,Q3,6.13
1699,Central,Industrial,1670.08,1502.95,167.13,92005.09,550.500149584156,Q3,550.5,Q3,10.01
1700,East,Residential,1019.97,934.21,85.76,27909.02,325.4316697761194,Q2,325.43,Q2,8.41
1701,North,Residential,844.92,716.56,128.36,78625.91,612.5421470863197,Q3,612.54,Q3,15.19
1702,West,Industrial,1118.02,970.19,147.83,92363.18,624.7932084150713,Q3,624.79,Q3,13.22
1703,West,Residential,802.94,734.28,68.66,86905.77,1265.740897174483,Q4 (worst),1265.74,Q4 worst,8.55
1704,West,Residential,855.23,721.56,133.67,32443.14,242.71070546869157,Q2,242.71,Q2,15.63
1705,North,Commercial,2257.78,1813.96,443.82,97817.06,220.39804425217432,Q2,220.4,Q2,19.66
1706,North,Residential,1122.78,1077.7,45.08,23284.42,516.5133096716947,Q3,516.51,Q3,4.02
1707,West,Residential,1369.55,1239.26,130.29,70759.75,543.0942512855937,Q3,543.09,Q3,9.51
1708,East,Commercial,2120.45,2052.85,67.6,9415.74,139.2860946745562,Q1 (best),139.29,Q1 best,3.19
1709,East,Residential,2488.52,1996.5,492.02,81062.28,164.75403438884598,Q1 (best),164.75,Q1 best,19.77
1710,North,Industrial,2445.0,2344.16,100.84,38063.39,377.4632090440301,Q3,377.46,Q3,4.12
1711,North,Residential,2210.91,1881.46,329.45,79131.35,240.19229018060406,Q2,240.19,Q2,14.9
1712,North,Residential,1650.77,1349.2,301.57,58721.98,194.7208939881288,Q2,194.72,Q2,18.27
1713,Central,Commercial,564.12,515.87,48.25,56009.69,1160.8225906735752,Q4 (worst),1160.82,Q4 worst,8.55
1714,North,Industrial,2103.72,1900.85,202.87,67401.33,332.23902006210875,Q3,332.24,Q3,9.64
1715,South,Commercial,1180.31,1035.24,145.07,63494.94,437.6848418005101,Q3,437.68,Q3,12.29
1716,South,Industrial,1939.74,1674.18,265.56,34135.26,128.540668775418,Q1 (best),128.54,Q1 best,13.69
1717,Central,Industrial,1115.02,922.63,192.39,29272.96,152.1542699724518,Q1 (best),152.15,Q1 best,17.25
1718,North,Residential,2181.18,1844.74,336.44,46768.25,139.00918440137914,Q1 (best),139.01,Q1 best,15.42
1719,South,Industrial,509.81,488.19,21.62,86780.18,4013.8843663274743,Q4 (worst),4013.88,Q4 worst,4.24
1720,West,Residential,1310.06,1177.99,132.07,27177.8,205.7832967365791,Q2,205.78,Q2,10.08
1721,North,Commercial,853.1,725.79,127.31,24818.4,194.94462336030165,Q2,194.94,Q2,14.92
1722,East,Residential,1086.93,1032.87,54.06,88402.85,1635.2728449870515,Q4 (worst),1635.27,Q4 worst,4.97
1723,Central,Residential,2396.54,2096.99,299.55,80693.5,269.38240694374895,Q2,269.38,Q2,12.5
1724,North,Residential,983.16,850.9,132.26,5007.64,37.86208982307576,Q1 (best),37.86,Q1 best,13.45
1725,West,Residential,1910.41,1796.73,113.68,19032.02,167.41748768472905,Q1 (best),167.42,Q1 best,5.95
1726,Central,Commercial,973.37,789.31,184.06,44307.44,240.72280778007172,Q2,240.72,Q2,18.91
1727,Central,Commercial,1090.82,1003.98,86.84,85859.98,988.7146476278213,Q4 (worst),988.71,Q4 worst,7.96
1728,West,Commercial,736.73,647.38,89.35,41895.83,468.8956911024063,Q3,468.9,Q3,12.13
1729,South,Industrial,765.65,701.88,63.77,6755.28,105.93194291986826,Q1 (best),105.93,Q1 best,8.33
1730,South,Industrial,1549.07,1373.34,175.73,25264.77,143.7703863882092,Q1 (best),143.77,Q1 best,11.34
1731,South,Residential,1015.94,979.54,36.4,48857.63,1342.2425824175823,Q4 (worst),1342.24,Q4 worst,3.58
1732,Central,Commercial,1910.08,1798.75,111.33,56518.92,507.6701697655618,Q3,507.67,Q3,5.83
1733,South,Commercial,625.59,609.62,15.97,13243.86,829.296180338134,Q4 (worst),829.3,Q4 worst,2.55
1734,West,Industrial,1042.88,906.04,136.84,45910.24,335.50306927798886,Q3,335.5,Q3,13.12
1735,West,Industrial,1862.17,1534.99,327.18,6540.2,19.98960816675836,Q1 (best),19.99,Q1 best,17.57
1736,Central,Commercial,532.2,472.13,60.07,15606.36,259.8028966206093,Q2,259.8,Q2,11.29
1737,Central,Commercial,2288.43,1878.41,410.02,45684.14,111.4192966196771,Q1 (best),111.42,Q1 best,17.92
1738,West,Industrial,1821.04,1678.36,142.68,69782.98,489.08732828707593,Q3,489.09,Q3,7.84
1739,Central,Residential,1012.82,863.26,149.56,54777.93,366.26056432201125,Q3,366.26,Q3,14.77
1740,North,Industrial,2335.08,2269.91,65.17,97851.86,1501.4862666871259,Q4 (worst),1501.49,Q4 worst,2.79
1741,North,Residential,572.57,471.5,101.07,73039.63,722.6637973681608,Q4 (worst),722.66,Q4 worst,17.65
1742,South,Commercial,1151.36,1001.75,149.61,49312.68,329.60818127130534,Q3,329.61,Q3,12.99
1743,North,Industrial,1506.49,1459.69,46.8,31316.21,669.1497863247863,Q4 (worst),669.15,Q4 worst,3.11
1744,East,Residential,1964.24,1625.46,338.78,98515.13,290.7938189975796,Q2,290.79,Q2,17.25
1745,North,Commercial,2465.08,2126.78,338.3,91286.77,269.83969849246233,Q2,269.84,Q2,13.72
1746,Central,Commercial,756.02,633.64,122.38,34839.37,284.68189246608927,Q2,284.68,Q2,16.19
1747,Central,Commercial,1052.09,898.74,153.35,61508.8,401.10074991848717,Q3,401.1,Q3,14.58
1748,North,Industrial,2212.66,1999.49,213.17,72245.01,338.90796078247405,Q3,338.91,Q3,9.63
1749,North,Residential,557.9,477.47,80.43,96051.8,1194.2285216958846,Q4 (worst),1194.23,Q4 worst,14.42
1750,West,Commercial,1829.44,1583.33,246.11,85978.9,349.3515094876274,Q3,349.35,Q3,13.45
1751,West,Commercial,603.54,528.7,74.84,49148.23,656.7107161945484,Q4 (worst),656.71,Q4 worst,12.4
1752,West,Industrial,1948.08,1839.6,108.48,77735.01,716.5837942477875,Q4 (worst),716.58,Q4 worst,5.57
1753,West,Industrial,1491.43,1232.44,258.99,55065.48,212.61624000926676,Q2,212.62,Q2,17.37
1754,East,Residential,777.97,659.95,118.02,99875.98,846.2631757329266,Q4 (worst),846.26,Q4 worst,15.17
1755,South,Commercial,2210.5,1953.0,257.5,7770.3,30.175922330097087,Q1 (best),30.18,Q1 best,11.65
1756,Central,Commercial,2499.97,2416.95,83.02,44021.75,530.2547578896651,Q3,530.25,Q3,3.32
1757,East,Industrial,1638.88,1582.66,56.22,99397.68,1768.0128068303095,Q4 (worst),1768.01,Q4 worst,3.43
1758,North,Commercial,1681.95,1494.81,187.14,21270.58,113.66132307363473,Q1 (best),113.66,Q1 best,11.13
1759,North,Commercial,1738.57,1494.92,243.65,55701.53,228.61288733839524,Q2,228.61,Q2,14.01
1760,South,Commercial,1266.39,1074.56,191.83,23007.31,119.93593285721732,Q1 (best),119.94,Q1 best,15.15
1761,South,Industrial,596.87,546.32,50.55,27552.31,545.0506429277943,Q3,545.05,Q3,8.47
1762,West,Residential,1744.61,1659.43,85.18,98722.13,1158.9825076308991,Q4 (worst),1158.98,Q4 worst,4.88
1763,South,Commercial,888.95,854.7,34.25,85750.5,2503.6642335766423,Q4 (worst),2503.66,Q4 worst,3.85
1764,South,Residential,1610.94,1464.5,146.44,72277.09,493.56111718109804,Q3,493.56,Q3,9.09
1765,South,Industrial,1699.13,1442.17,256.96,11048.96,42.99875466998755,Q1 (best),43.0,Q1 best,15.12
1766,South,Residential,1137.19,918.95,218.24,7528.04,34.49431818181818,Q1 (best),34.49,Q1 best,19.19
1767,West,Residential,578.26,512.04,66.22,95500.94,1442.176683781335,Q4 (worst),1442.18,Q4 worst,11.45
1768,South,Industrial,2389.1,2147.36,241.74,97304.51,402.51720857119216,Q3,402.52,Q3,10.12
1769,East,Residential,792.64,672.49,120.15,7040.63,58.5986683312526,Q1 (best),58.6,Q1 best,15.16
1770,West,Residential,1876.84,1501.87,374.97,76486.81,203.9811451582793,Q2,203.98,Q2,19.98
1771,North,Residential,2066.83,1863.48,203.35,47498.02,233.5776739611507,Q2,233.58,Q2,9.84
1772,East,Commercial,2137.46,1974.5,162.96,43962.47,269.77460726558667,Q2,269.77,Q2,7.62
1773,East,Residential,1262.98,1116.81,146.17,11475.4,78.50721762331533,Q1 (best),78.51,Q1 best,11.57
1774,South,Industrial,2423.21,2074.13,349.08,59491.39,170.42337000114588,Q1 (best),170.42,Q1 best,14.41
1775,West,Commercial,785.84,740.02,45.82,69506.1,1516.938018332606,Q4 (worst),1516.94,Q4 worst,5.83
1776,West,Industrial,1938.04,1767.6,170.44,56075.63,329.0051044355785,Q2,329.01,Q2,8.79
1777,East,Industrial,2446.59,1972.69,473.9,47990.48,101.26710276429628,Q1 (best),101.27,Q1 best,19.37
1778,Central,Commercial,2226.89,1874.2,352.69,25159.93,71.33723666676119,Q1 (best),71.34,Q1 best,15.84
1779,Central,Commercial,1620.37,1468.72,151.65,21665.15,142.8628420705572,Q1 (best),142.86,Q1 best,9.36
1780,Central,Industrial,2139.47,1768.87,370.6,35939.6,96.97679438747976,Q1 (best),96.98,Q1 best,17.32
1781,South,Industrial,1077.99,915.69,162.3,65341.19,402.5951324707332,Q3,402.6,Q3,15.06
1782,West,Commercial,941.05,814.4,126.65,17896.59,141.30746150809316,Q1 (best),141.31,Q1 best,13.46
1783,West,Industrial,589.1,574.15,14.95,25415.43,1700.0287625418061,Q4 (worst),1700.03,Q4 worst,2.54
1784,East,Commercial,1976.54,1701.86,274.68,67141.15,244.43406873452741,Q2,244.43,Q2,13.9
1785,North,Commercial,1211.93,1051.97,159.96,63482.95,396.86765441360336,Q3,396.87,Q3,13.2
1786,North,Residential,1673.61,1506.27,167.34,27211.9,162.61443767180592,Q1 (best),162.61,Q1 best,10.0
1787,East,Residential,2014.32,1847.77,166.55,88284.86,530.0802161513059,Q3,530.08,Q3,8.27
1788,North,Residential,2091.45,1815.92,275.53,29304.82,106.35800094363591,Q1 (best),106.36,Q1 best,13.17
1789,South,Residential,1787.93,1435.26,352.67,73840.03,209.37428757762214,Q2,209.37,Q2,19.73
1790,North,Commercial,1328.47,1269.99,58.48,61086.25,1044.5665184678523,Q4 (worst),1044.57,Q4 worst,4.4
1791,North,Industrial,1784.58,1669.41,115.17,19280.1,167.40557436832506,Q1 (best),167.41,Q1 best,6.45
1792,West,Commercial,1610.1,1557.48,52.62,10099.25,191.92797415431397,Q2,191.93,Q2,3.27
1793,North,Industrial,2015.71,1874.52,141.19,62351.64,441.6151285501806,Q3,441.62,Q3,7.0
1794,South,Industrial,2275.21,1940.29,334.92,55804.3,166.6197898005494,Q1 (best),166.62,Q1 best,14.72
1795,North,Commercial,1521.24,1393.83,127.41,91735.43,720.0018051958244,Q4 (worst),720.0,Q4 worst,8.38
1796,Central,Residential,1464.35,1374.2,90.15,14333.82,158.9996672212978,Q1 (best),159.0,Q1 best,6.16
1797,North,Industrial,2380.79,1983.99,396.8,11426.36,28.796270161290323,Q1 (best),28.8,Q1 best,16.67
1798,North,Industrial,2385.7,2099.69,286.01,97602.57,341.2557952519143,Q3,341.26,Q3,11.99
1799,East,Residential,1775.49,1423.82,351.67,65504.74,186.26763727358033,Q2,186.27,Q2,19.81
1800,South,Industrial,827.07,679.72,147.35,31504.16,213.8049541907024,Q2,213.8,Q2,17.82
1801,West,Commercial,1161.47,1005.36,156.11,75873.08,486.0231887771443,Q3,486.02,Q3,13.44
1802,Central,Residential,2057.93,1891.11,166.82,31179.99,186.90798465411822,Q2,186.91,Q2,8.11
1803,East,Commercial,1905.27,1536.5,368.77,57325.86,155.4515280527158,Q1 (best),155.45,Q1 best,19.36
1804,Central,Residential,1543.77,1482.02,61.75,10033.41,162.48437246963562,Q1 (best),162.48,Q1 best,4.0
1805,Central,Residential,975.08,857.44,117.64,70579.09,599.9582624957498,Q3,599.96,Q3,12.06
1806,West,Industrial,769.74,644.42,125.32,85456.07,681.9028886051708,Q4 (worst),681.9,Q4 worst,16.28
1807,Central,Commercial,1259.98,1155.47,104.51,9541.43,91.29681370203808,Q1 (best),91.3,Q1 best,8.29
1808,South,Industrial,1932.06,1671.61,260.45,18864.53,72.4305240929161,Q1 (best),72.43,Q1 best,13.48
1809,West,Industrial,2399.85,2261.71,138.14,38625.98,279.6147386709136,Q2,279.61,Q2,5.76
1810,West,Industrial,1742.87,1684.94,57.93,59785.35,1032.027446918695,Q4 (worst),1032.03,Q4 worst,3.32
1811,West,Industrial,2298.51,2233.49,65.02,26840.43,412.80267609966165,Q3,412.8,Q3,2.83
1812,East,Commercial,1797.4,1679.58,117.82,82798.66,702.7555593277882,Q4 (worst),702.76,Q4 worst,6.56
1813,West,Industrial,1239.95,1210.28,29.67,45510.27,1533.8816986855406,Q4 (worst),1533.88,Q4 worst,2.39
1814,South,Commercial,610.71,565.37,45.34,57734.75,1273.3734009704453,Q4 (worst),1273.37,Q4 worst,7.42
1815,Central,Commercial,1260.77,1072.46,188.31,93336.9,495.6555679464712,Q3,495.66,Q3,14.94
1816,West,Industrial,1209.0,1126.97,82.03,21977.53,267.9206387906863,Q2,267.92,Q2,6.78
1817,West,Residential,1567.06,1381.42,185.64,91451.2,492.6265890971774,Q3,492.63,Q3,11.85
1818,South,Commercial,1465.5,1425.47,40.03,31618.32,789.8656007994005,Q4 (worst),789.87,Q4 worst,2.73
1819,West,Commercial,918.74,834.22,84.52,43822.63,518.4882867960246,Q3,518.49,Q3,9.2
1820,East,Industrial,1731.36,1608.88,122.48,49822.48,406.7805355976486,Q3,406.78,Q3,7.07
1821,Central,Industrial,2249.06,2155.47,93.59,9737.07,104.03964098728495,Q1 (best),104.04,Q1 best,4.16
1822,Central,Commercial,1736.71,1522.36,214.35,97097.38,452.9852111033357,Q3,452.99,Q3,12.34
1823,North,Commercial,1219.3,1187.57,31.73,31105.53,980.3192562243933,Q4 (worst),980.32,Q4 worst,2.6
1824,South,Residential,2146.28,1957.83,188.45,23615.3,125.31334571504378,Q1 (best),125.31,Q1 best,8.78
1825,South,Residential,852.38,760.93,91.45,10879.72,118.96905412793875,Q1 (best),118.97,Q1 best,10.73
1826,North,Industrial,2385.94,1986.85,399.09,8917.67,22.345009897516853,Q1 (best),22.35,Q1 best,16.73
1827,Central,Commercial,2308.64,1864.63,444.01,34949.72,78.71381275196505,Q1 (best),78.71,Q1 best,19.23
1828,South,Industrial,1699.03,1610.72,88.31,63896.95,723.5528252746008,Q4 (worst),723.55,Q4 worst,5.2
1829,Central,Industrial,926.08,759.35,166.73,91320.36,547.7140286691058,Q3,547.71,Q3,18.0
1830,North,Residential,2229.78,1805.69,424.09,91445.16,215.62677733499967,Q2,215.63,Q2,19.02
1831,Central,Residential,775.58,748.57,27.01,20588.95,762.2713809700111,Q4 (worst),762.27,Q4 worst,3.48
1832,Central,Residential,1885.9,1537.22,348.68,96219.22,275.9527933922221,Q2,275.95,Q2,18.49
1833,South,Residential,1025.9,1001.81,24.09,56147.6,2330.74304690743,Q4 (worst),2330.74,Q4 worst,2.35
1834,North,Residential,861.31,774.41,86.9,75286.64,866.359493670886,Q4 (worst),866.36,Q4 worst,10.09
1835,North,Commercial,935.0,804.02,130.98,97864.94,747.1746831577341,Q4 (worst),747.17,Q4 worst,14.01
1836,South,Residential,1598.23,1452.18,146.05,86627.78,593.1378295104415,Q3,593.14,Q3,9.14
1837,North,Commercial,691.44,637.27,54.17,48156.46,888.9876315303674,Q4 (worst),888.99,Q4 worst,7.83
1838,Central,Industrial,2365.47,2186.4,179.07,61569.4,343.8286703523762,Q3,343.83,Q3,7.57
1839,West,Industrial,1366.72,1337.14,29.58,58518.88,1978.3258958755916,Q4 (worst),1978.33,Q4 worst,2.16
1840,Central,Commercial,1317.72,1100.06,217.66,20459.41,93.9971055775062,Q1 (best),94.0,Q1 best,16.52
1841,North,Residential,1604.14,1421.03,183.11,87728.48,479.10261591393146,Q3,479.1,Q3,11.41
1842,Central,Residential,808.11,770.46,37.65,49257.47,1308.299335989376,Q4 (worst),1308.3,Q4 worst,4.66
1843,South,Industrial,1278.88,1130.53,148.35,46190.32,311.3604314122009,Q2,311.36,Q2,11.6
1844,South,Commercial,1334.38,1070.56,263.82,14213.05,53.874042908043364,Q1 (best),53.87,Q1 best,19.77
1845,West,Industrial,675.14,626.82,48.32,19918.38,412.21812913907286,Q3,412.22,Q3,7.16
1846,North,Industrial,1178.49,1092.78,85.71,90862.46,1060.1150390852877,Q4 (worst),1060.12,Q4 worst,7.27
1847,Central,Industrial,1455.56,1174.64,280.92,71874.71,255.8547273245052,Q2,255.85,Q2,19.3
1848,East,Industrial,1821.17,1462.56,358.61,75645.55,210.94099439502523,Q2,210.94,Q2,19.69
1849,West,Industrial,1940.09,1598.24,341.85,90844.57,265.74395202574226,Q2,265.74,Q2,17.62
1850,North,Industrial,1278.25,1162.81,115.44,88704.11,768.4001212751213,Q4 (worst),768.4,Q4 worst,9.03
1851,Central,Commercial,966.74,840.87,125.87,5365.02,42.62350043695877,Q1 (best),42.62,Q1 best,13.02
1852,South,Residential,2146.39,1781.22,365.17,75455.71,206.63173316537504,Q2,206.63,Q2,17.01
1853,North,Commercial,1656.3,1349.41,306.89,46669.75,152.0732184170224,Q1 (best),152.07,Q1 best,18.53
1854,North,Commercial,2027.0,1746.9,280.1,37175.51,132.7222777579436,Q1 (best),132.72,Q1 best,13.82
1855,West,Commercial,1842.8,1597.22,245.58,69964.93,284.89669354181933,Q2,284.9,Q2,13.33
1856,West,Commercial,2017.77,1897.99,119.78,66486.91,555.0752212389381,Q3,555.08,Q3,5.94
1857,North,Industrial,1986.7,1772.56,214.14,66493.37,310.5135425422621,Q2,310.51,Q2,10.78
1858,North,Industrial,1736.64,1540.38,196.26,58914.42,300.18557016203,Q2,300.19,Q2,11.3
1859,North,Industrial,1399.61,1357.87,41.74,44340.38,1062.2994729276472,Q4 (worst),1062.3,Q4 worst,2.98
1860,South,Commercial,2474.18,2041.29,432.89,75286.66,173.91637598466124,Q2,173.92,Q2,17.5
1861,East,Industrial,2238.05,2107.11,130.94,72948.34,557.1127233847564,Q3,557.11,Q3,5.85
1862,Central,Commercial,2177.5,1748.02,429.48,81347.83,189.41005401881344,Q2,189.41,Q2,19.72
1863,West,Industrial,1973.61,1927.2,46.41,6759.52,145.64792070674426,Q1 (best),145.65,Q1 best,2.35
1864,East,Residential,2088.22,1828.39,259.83,30243.89,116.39876072816843,Q1 (best),116.4,Q1 best,12.44
1865,North,Industrial,1857.0,1625.05,231.95,91623.41,395.01362362578146,Q3,395.01,Q3,12.49
1866,West,Industrial,2104.23,1769.28,334.95,75194.36,224.49428272876548,Q2,224.49,Q2,15.92
1867,West,Industrial,2309.15,2023.3,285.85,81156.5,283.9128913765961,Q2,283.91,Q2,12.38
1868,North,Commercial,2129.72,1781.05,348.67,54602.11,156.60111280006882,Q1 (best),156.6,Q1 best,16.37
1869,South,Commercial,2027.6,1750.92,276.68,86240.93,311.6991831718953,Q2,311.7,Q2,13.65
1870,East,Residential,524.25,442.2,82.05,20598.59,251.04923826934797,Q2,251.05,Q2,15.65
1871,North,Residential,1452.21,1374.45,77.76,37716.25,485.03407921810697,Q3,485.03,Q3,5.35
1872,South,Commercial,2082.07,1854.88,227.19,80253.31,353.2431445045997,Q3,353.24,Q3,10.91
1873,Central,Residential,1557.1,1496.83,60.27,22513.34,373.5413970466235,Q3,373.54,Q3,3.87
1874,South,Industrial,859.28,783.87,75.41,54404.0,721.4427794722186,Q4 (worst),721.44,Q4 worst,8.78
1875,East,Residential,513.9,483.22,30.68,73218.12,2386.509778357236,Q4 (worst),2386.51,Q4 worst,5.97
1876,North,Residential,1545.19,1284.79,260.4,77848.65,298.95794930875576,Q2,298.96,Q2,16.85
1877,Central,Industrial,1250.88,1215.16,35.72,69980.12,1959.1298992161253,Q4 (worst),1959.13,Q4 worst,2.86
1878,South,Commercial,1734.68,1501.42,233.26,42831.4,183.62085226785564,Q2,183.62,Q2,13.45
1879,West,Residential,1380.84,1162.83,218.01,63645.55,291.938672537957,Q2,291.94,Q2,15.79
1880,East,Industrial,1592.99,1509.34,83.65,91242.24,1090.7619844590556,Q4 (worst),1090.76,Q4 worst,5.25
1881,West,Residential,2436.17,2026.75,409.42,12540.34,30.62952469346881,Q1 (best),30.63,Q1 best,16.81
1882,West,Industrial,1617.62,1577.82,39.8,58480.45,1469.358040201005,Q4 (worst),1469.36,Q4 worst,2.46
1883,West,Commercial,817.13,656.19,160.94,74440.53,462.53591400521935,Q3,462.54,Q3,19.7
1884,East,Industrial,2063.65,1704.95,358.7,77961.43,217.3443824923334,Q2,217.34,Q2,17.38
1885,Central,Industrial,932.28,769.52,162.76,80182.16,492.64045219955767,Q3,492.64,Q3,17.46
1886,West,Industrial,1253.51,1170.94,82.57,20288.57,245.7135763594526,Q2,245.71,Q2,6.59
1887,East,Residential,677.41,625.19,52.22,85060.26,1628.8828035235542,Q4 (worst),1628.88,Q4 worst,7.71
1888,West,Residential,1601.71,1489.32,112.39,79965.08,711.4963964765549,Q4 (worst),711.5,Q4 worst,7.02
1889,Central,Residential,2298.75,1980.38,318.37,84177.35,264.4010114018281,Q2,264.4,Q2,13.85
1890,South,Residential,598.83,543.52,55.31,82285.51,1487.714879768577,Q4 (worst),1487.71,Q4 worst,9.24
1891,South,Industrial,1667.96,1563.35,104.61,84611.69,808.8298441831565,Q4 (worst),808.83,Q4 worst,6.27
1892,South,Residential,1249.5,1026.94,222.56,10072.37,45.256874550682966,Q1 (best),45.26,Q1 best,17.81
1893,Central,Industrial,883.92,792.52,91.4,62411.85,682.8429978118162,Q4 (worst),682.84,Q4 worst,10.34
1894,Central,Industrial,1067.17,889.67,177.5,41520.14,233.91628169014083,Q2,233.92,Q2,16.63
1895,South,Residential,640.74,562.87,77.87,43336.46,556.523179658405,Q3,556.52,Q3,12.15
1896,North,Commercial,1102.27,1034.39,67.88,32801.59,483.22908073070124,Q3,483.23,Q3,6.16
1897,North,Industrial,1858.9,1733.6,125.3,76240.18,608.4611332801277,Q3,608.46,Q3,6.74
1898,Central,Commercial,2406.5,2187.6,218.9,92495.58,422.54719049794426,Q3,422.55,Q3,9.1
1899,West,Industrial,1159.13,1105.48,53.65,93665.1,1745.8546132339238,Q4 (worst),1745.85,Q4 worst,4.63
1900,South,Industrial,975.67,869.93,105.74,47344.28,447.74238698694916,Q3,447.74,Q3,10.84
1901,Central,Commercial,1096.19,978.57,117.62,61295.22,521.1292297228363,Q3,521.13,Q3,10.73
1902,West,Commercial,749.94,607.62,142.32,34369.03,241.49121697582913,Q2,241.49,Q2,18.98
1903,East,Industrial,2277.44,2091.53,185.91,74601.03,401.2749717605293,Q3,401.27,Q3,8.16
1904,North,Residential,2140.86,2043.03,97.83,23899.17,244.29285495246856,Q2,244.29,Q2,4.57
1905,North,Commercial,1982.04,1767.89,214.15,10363.83,48.39519028718188,Q1 (best),48.4,Q1 best,10.8
1906,East,Commercial,1350.63,1164.18,186.45,84195.4,451.5709305443819,Q3,451.57,Q3,13.8
1907,South,Industrial,1964.16,1887.8,76.36,22627.28,296.3237297014143,Q2,296.32,Q2,3.89
1908,East,Residential,730.23,677.89,52.34,52761.37,1008.0506304929308,Q4 (worst),1008.05,Q4 worst,7.17
1909,North,Industrial,2423.07,1992.5,430.57,13361.41,31.031911187495645,Q1 (best),31.03,Q1 best,17.77
1910,North,Residential,1536.76,1384.65,152.11,24432.44,160.62349615409897,Q1 (best),160.62,Q1 best,9.9
1911,South,Residential,860.83,695.42,165.41,31789.67,192.18711081554923,Q2,192.19,Q2,19.22
1912,East,Industrial,2074.65,1924.86,149.79,50193.23,335.09066025769414,Q3,335.09,Q3,7.22
1913,South,Industrial,1805.07,1513.67,291.4,83770.89,287.477316403569,Q2,287.48,Q2,16.14
1914,East,Residential,1497.08,1200.06,297.02,34630.28,116.59241801898862,Q1 (best),116.59,Q1 best,19.84
1915,Central,Commercial,771.71,699.27,72.44,43113.25,595.1580618442849,Q3,595.16,Q3,9.39
1916,Central,Industrial,2103.97,1877.07,226.9,12285.82,54.14640810929925,Q1 (best),54.15,Q1 best,10.78
1917,West,Residential,2269.82,1969.27,300.55,93370.4,310.6651139577441,Q2,310.67,Q2,13.24
1918,North,Industrial,1646.07,1396.99,249.08,29357.86,117.86518387666612,Q1 (best),117.87,Q1 best,15.13
1919,West,Commercial,1270.58,1239.24,31.34,94956.69,3029.8880025526487,Q4 (worst),3029.89,Q4 worst,2.47
1920,East,Industrial,2391.9,2038.96,352.94,30900.23,87.550943503145,Q1 (best),87.55,Q1 best,14.76
1921,North,Residential,656.6,557.39,99.21,67733.55,682.7290595706079,Q4 (worst),682.73,Q4 worst,15.11
1922,West,Residential,888.42,869.62,18.8,65890.71,3504.8250000000003,Q4 (worst),3504.82,Q4 worst,2.12
1923,Central,Industrial,1611.82,1409.25,202.57,23852.2,117.7479389840549,Q1 (best),117.75,Q1 best,12.57
1924,South,Industrial,1368.31,1125.91,242.4,13291.83,54.83428217821782,Q1 (best),54.83,Q1 best,17.72
1925,North,Residential,1091.34,1047.39,43.95,72735.43,1654.9585893060294,Q4 (worst),1654.96,Q4 worst,4.03
1926,East,Commercial,1448.4,1333.68,114.72,65500.77,570.9620815899582,Q3,570.96,Q3,7.92
1927,West,Commercial,2075.14,1785.97,289.17,84016.29,290.54289864093784,Q2,290.54,Q2,13.93
1928,North,Industrial,1418.04,1201.04,217.0,68757.49,316.8547926267281,Q2,316.85,Q2,15.3
1929,Central,Commercial,766.83,687.79,79.04,71970.01,910.5517459514168,Q4 (worst),910.55,Q4 worst,10.31
1930,Central,Industrial,2127.57,1982.32,145.25,92873.51,639.4045438898451,Q3,639.4,Q3,6.83
1931,South,Industrial,2405.38,2352.23,53.15,81617.4,1535.6048918156162,Q4 (worst),1535.6,Q4 worst,2.21
1932,West,Residential,1679.15,1584.52,94.63,22903.56,242.03275916728313,Q2,242.03,Q2,5.64
1933,South,Industrial,2376.12,1912.78,463.34,49867.89,107.62699097854707,Q1 (best),107.63,Q1 best,19.5
1934,North,Commercial,2113.32,1699.54,413.78,13202.82,31.90782541447146,Q1 (best),31.91,Q1 best,19.58
1935,South,Residential,2447.64,2240.93,206.71,88244.66,426.9007788689468,Q3,426.9,Q3,8.45
1936,South,Industrial,1376.58,1216.11,160.47,8444.63,52.624353461706235,Q1 (best),52.62,Q1 best,11.66
1937,Central,Commercial,1317.9,1177.21,140.69,76169.28,541.3979671618451,Q3,541.4,Q3,10.68
1938,Central,Industrial,885.04,848.87,36.17,82962.03,2293.6696157036217,Q4 (worst),2293.67,Q4 worst,4.09
1939,South,Industrial,1543.91,1240.08,303.83,10104.84,33.25820360069776,Q1 (best),33.26,Q1 best,19.68
1940,Central,Residential,2434.89,2287.46,147.43,53611.14,363.6379298650207,Q3,363.64,Q3,6.05
1941,East,Industrial,2039.14,1820.61,218.53,20906.28,95.66778016748272,Q1 (best),95.67,Q1 best,10.72
1942,Central,Industrial,2176.67,1813.19,363.48,40976.23,112.73310773632663,Q1 (best),112.73,Q1 best,16.7
1943,West,Industrial,2442.37,2111.86,330.51,29326.34,88.7305679101994,Q1 (best),88.73,Q1 best,13.53
1944,Central,Commercial,1169.01,1082.65,86.36,32576.55,377.2180407596109,Q3,377.22,Q3,7.39
1945,East,Industrial,1274.41,1049.05,225.36,36338.08,161.2445864394746,Q1 (best),161.24,Q1 best,17.68
1946,East,Residential,838.31,702.77,135.54,88353.12,651.8601150951748,Q4 (worst),651.86,Q4 worst,16.17
1947,West,Residential,1890.97,1678.67,212.3,39643.8,186.73480923221857,Q2,186.73,Q2,11.23
1948,East,Industrial,2456.09,2341.19,114.9,26585.02,231.3752828546562,Q2,231.38,Q2,4.68
1949,North,Industrial,763.55,727.3,36.25,61900.73,1707.6063448275863,Q4 (worst),1707.61,Q4 worst,4.75
1950,Central,Residential,2017.74,1897.47,120.27,5309.88,44.14966325767024,Q1 (best),44.15,Q1 best,5.96
1951,Central,Industrial,611.12,509.75,101.37,26169.17,258.1549768175989,Q2,258.15,Q2,16.59
1952,South,Commercial,1226.89,1195.2,31.69,24089.34,760.1558851372672,Q4 (worst),760.16,Q4 worst,2.58
1953,South,Commercial,1710.63,1387.54,323.09,33471.7,103.59868767216565,Q1 (best),103.6,Q1 best,18.89
1954,North,Industrial,1784.99,1635.25,149.74,77005.79,514.2633230933618,Q3,514.26,Q3,8.39
1955,South,Industrial,1566.25,1424.41,141.84,13036.46,91.90961646926112,Q1 (best),91.91,Q1 best,9.06
1956,South,Industrial,842.38,688.0,154.38,75122.97,486.61076564321803,Q3,486.61,Q3,18.33
1957,West,Commercial,1230.18,1005.59,224.59,41244.55,183.64375083485464,Q2,183.64,Q2,18.26
1958,South,Residential,750.5,661.98,88.52,71052.31,802.6695661997289,Q4 (worst),802.67,Q4 worst,11.79
1959,West,Industrial,1764.19,1418.94,345.25,24912.58,72.15808834178132,Q1 (best),72.16,Q1 best,19.57
1960,East,Commercial,1470.39,1325.57,144.82,53172.31,367.161372738572,Q3,367.16,Q3,9.85
1961,West,Commercial,1694.92,1398.75,296.17,6823.79,23.040112097781677,Q1 (best),23.04,Q1 best,17.47
1962,Central,Industrial,1049.1,900.41,148.69,6102.26,41.040150649001276,Q1 (best),41.04,Q1 best,14.17
1963,East,Commercial,1101.58,990.11,111.47,30664.19,275.0891719745223,Q2,275.09,Q2,10.12
1964,Central,Industrial,629.31,592.16,37.15,50573.77,1361.3397039030956,Q4 (worst),1361.34,Q4 worst,5.9
1965,South,Commercial,1682.26,1448.31,233.95,99876.55,426.914084206027,Q3,426.91,Q3,13.91
1966,North,Residential,525.9,438.11,87.79,20310.51,231.35334320537643,Q2,231.35,Q2,16.69
1967,East,Residential,2377.32,1927.28,450.04,40717.27,90.4747800195538,Q1 (best),90.47,Q1 best,18.93
1968,North,Industrial,734.09,619.87,114.22,5344.05,46.78734022062686,Q1 (best),46.79,Q1 best,15.56
1969,North,Residential,1907.22,1789.74,117.48,68500.96,583.0861423220974,Q3,583.09,Q3,6.16
1970,East,Industrial,880.36,857.85,22.51,22423.1,996.1394935584184,Q4 (worst),996.14,Q4 worst,2.56
1971,South,Industrial,544.91,508.53,36.38,43330.07,1191.0409565695436,Q4 (worst),1191.04,Q4 worst,6.68
1972,West,Industrial,1339.87,1311.48,28.39,19178.89,675.5508982035927,Q4 (worst),675.55,Q4 worst,2.12
1973,Central,Commercial,1150.51,1040.06,110.45,13950.13,126.30267089180623,Q1 (best),126.3,Q1 best,9.6
1974,East,Commercial,2406.5,2184.88,221.62,58708.36,264.9055139427849,Q2,264.91,Q2,9.21
1975,North,Residential,741.48,673.62,67.86,73504.33,1083.1760978485117,Q4 (worst),1083.18,Q4 worst,9.15
1976,East,Industrial,1978.55,1838.37,140.18,54774.43,390.74354401483805,Q3,390.74,Q3,7.08
1977,North,Residential,1343.09,1111.99,231.1,32904.57,142.38238857637387,Q1 (best),142.38,Q1 best,17.21
1978,Central,Commercial,674.94,607.66,67.28,47229.62,701.9860285374555,Q4 (worst),701.99,Q4 worst,9.97
1979,South,Residential,1048.36,999.77,48.59,38413.23,790.558345338547,Q4 (worst),790.56,Q4 worst,4.63
1980,East,Commercial,1563.3,1516.11,47.19,52309.79,1108.4931129476586,Q4 (worst),1108.49,Q4 worst,3.02
1981,North,Commercial,1589.88,1290.41,299.47,43820.19,146.3258089291081,Q1 (best),146.33,Q1 best,18.84
1982,South,Commercial,2075.87,1720.17,355.7,17444.79,49.04354793365196,Q1 (best),49.04,Q1 best,17.13
1983,East,Residential,2323.95,2222.55,101.4,92156.91,908.8452662721893,Q4 (worst),908.85,Q4 worst,4.36
1984,North,Commercial,2229.86,2148.36,81.5,48333.74,593.0520245398773,Q3,593.05,Q3,3.65
1985,Central,Commercial,1301.18,1108.35,192.83,60587.5,314.20162837732715,Q2,314.2,Q2,14.82
1986,South,Industrial,1932.4,1873.61,58.79,13462.96,229.00085048477632,Q2,229.0,Q2,3.04
1987,North,Residential,569.27,479.6,89.67,75499.43,841.9697780751644,Q4 (worst),841.97,Q4 worst,15.75
1988,South,Industrial,2324.94,2149.12,175.82,25129.91,142.92975770674553,Q1 (best),142.93,Q1 best,7.56
1989,West,Industrial,2094.0,1744.84,349.16,29167.35,83.5357715660442,Q1 (best),83.54,Q1 best,16.67
1990,Central,Commercial,565.49,452.43,113.06,47219.93,417.6537236865381,Q3,417.65,Q3,19.99
1991,West,Industrial,2271.26,1950.28,320.98,13939.24,43.427129416163,Q1 (best),43.43,Q1 best,14.13
1992,East,Industrial,2101.71,1916.91,184.8,80593.12,436.10995670995663,Q3,436.11,Q3,8.79
1993,Central,Commercial,848.43,731.66,116.77,24516.04,209.95152864605637,Q2,209.95,Q2,13.76
1994,East,Residential,759.17,676.32,82.85,7269.11,87.73820156910078,Q1 (best),87.74,Q1 best,10.91
1995,North,Residential,550.34,450.47,99.87,90035.21,901.5240813056975,Q4 (worst),901.52,Q4 worst,18.15
1996,South,Commercial,2281.77,2157.8,123.97,68409.06,551.8194724530128,Q3,551.82,Q3,5.43
1997,East,Industrial,1970.21,1595.03,375.18,34808.41,92.77789327789328,Q1 (best),92.78,Q1 best,19.04
1998,Central,Commercial,1936.58,1884.31,52.27,80972.17,1549.1136407116892,Q4 (worst),1549.11,Q4 worst,2.7
1999,West,Industrial,1738.4,1648.15,90.25,76811.74,851.0996121883657,Q4 (worst),851.1,Q4 worst,5.19
2000,East,Residential,2004.45,1937.89,66.56,51304.53,770.8012319711538,Q4 (worst),770.8,Q4 worst,3.32
2001,Central,Industrial,1831.5,1562.13,269.37,80477.45,298.7617403571296,Q2,298.76,Q2,14.71
2002,Central,Industrial,1625.53,1348.09,277.44,19290.86,69.53164648212227,Q1 (best),69.53,Q1 best,17.07
2003,North,Residential,2323.14,2216.34,106.8,90543.75,847.7879213483146,Q4 (worst),847.79,Q4 worst,4.6
2004,Central,Residential,799.78,711.17,88.61,17996.21,203.0945717187676,Q2,203.09,Q2,11.08
2005,Central,Commercial,971.84,779.97,191.87,9277.46,48.3528430708292,Q1 (best),48.35,Q1 best,19.74
2006,South,Residential,1093.19,911.24,181.95,80008.96,439.7304754053312,Q3,439.73,Q3,16.64
2007,East,Residential,2381.6,1999.02,382.58,57421.04,150.0889748549323,Q1 (best),150.09,Q1 best,16.06
2008,North,Commercial,1013.79,992.34,21.45,34146.74,1591.9226107226107,Q4 (worst),1591.92,Q4 worst,2.12
2009,South,Commercial,558.47,517.02,41.45,38906.34,938.6330518697224,Q4 (worst),938.63,Q4 worst,7.42
2010,North,Residential,2493.37,2152.38,340.99,12923.49,37.89990908824306,Q1 (best),37.9,Q1 best,13.68
2011,East,Commercial,808.48,747.39,61.09,88866.57,1454.6827631363562,Q4 (worst),1454.68,Q4 worst,7.56
2012,Central,Commercial,2415.29,2208.6,206.69,61392.98,297.02927088877067,Q2,297.03,Q2,8.56
2013,Central,Commercial,1159.51,1019.6,139.91,86295.2,616.7907940819098,Q3,616.79,Q3,12.07
2014,North,Residential,2215.26,1974.2,241.06,19825.93,82.24479382726292,Q1 (best),82.24,Q1 best,10.88
2015,North,Commercial,2008.71,1771.46,237.25,42615.52,179.62284510010537,Q2,179.62,Q2,11.81
2016,East,Commercial,1556.75,1275.94,280.81,26448.98,94.18816993696805,Q1 (best),94.19,Q1 best,18.04
2017,Central,Residential,1570.86,1531.17,39.69,42424.33,1068.8921642731168,Q4 (worst),1068.89,Q4 worst,2.53
2018,East,Residential,746.29,666.82,79.47,7770.67,97.78117528627155,Q1 (best),97.78,Q1 best,10.65
2019,West,Industrial,1982.34,1708.05,274.29,70665.71,257.6313755514237,Q2,257.63,Q2,13.84
2020,North,Residential,1164.22,1118.72,45.5,47821.43,1051.0204395604396,Q4 (worst),1051.02,Q4 worst,3.91
2021,West,Industrial,1583.93,1527.38,56.55,85376.82,1509.7580901856766,Q4 (worst),1509.76,Q4 worst,3.57
2022,North,Commercial,742.46,689.91,52.55,23230.34,442.0616555661275,Q3,442.06,Q3,7.08
2023,Central,Residential,1218.54,1126.89,91.65,95644.96,1043.589307146754,Q4 (worst),1043.59,Q4 worst,7.52
2024,South,Industrial,1533.79,1296.51,237.28,76375.79,321.88043661496965,Q2,321.88,Q2,15.47
2025,East,Commercial,938.77,783.75,155.02,22985.34,148.2733840794736,Q1 (best),148.27,Q1 best,16.51
2026,South,Industrial,1478.34,1208.01,270.33,74224.4,274.56960011837384,Q2,274.57,Q2,18.29
2027,West,Industrial,2384.55,2024.53,360.02,37223.32,103.39236709071719,Q1 (best),103.39,Q1 best,15.1
2028,Central,Commercial,1763.81,1727.09,36.72,36637.45,997.7519063180828,Q4 (worst),997.75,Q4 worst,2.08
2029,North,Residential,600.45,535.47,64.98,16076.28,247.4035087719298,Q2,247.4,Q2,10.82
2030,East,Residential,1675.58,1386.37,289.21,40145.87,138.81217800214378,Q1 (best),138.81,Q1 best,17.26
2031,Central,Residential,1664.49,1411.1,253.39,38646.24,152.51683176131655,Q1 (best),152.52,Q1 best,15.22
2032,East,Residential,2264.41,2124.88,139.53,90772.43,650.5585178814591,Q4 (worst),650.56,Q4 worst,6.16
2033,Central,Commercial,1855.72,1761.31,94.41,14938.68,158.23196695265332,Q1 (best),158.23,Q1 best,5.09
2034,North,Industrial,2362.49,2204.3,158.19,59525.1,376.28864024274606,Q3,376.29,Q3,6.7
2035,South,Industrial,1545.65,1385.14,160.51,83560.9,520.5962245342969,Q3,520.6,Q3,10.38
2036,East,Industrial,2450.57,2212.97,237.6,19640.76,82.6631313131313,Q1 (best),82.66,Q1 best,9.7
2037,West,Commercial,2050.96,1728.23,322.73,62407.69,193.37430669599973,Q2,193.37,Q2,15.74
2038,South,Industrial,2203.4,1812.14,391.26,97091.61,248.15112712774115,Q2,248.15,Q2,17.76
2039,West,Commercial,2438.17,2385.62,52.55,91529.84,1741.766698382493,Q4 (worst),1741.77,Q4 worst,2.16
2040,South,Commercial,1947.92,1891.55,56.37,59421.27,1054.1293241085684,Q4 (worst),1054.13,Q4 worst,2.89
2041,North,Industrial,2004.88,1823.08,181.8,76186.37,419.0669416941694,Q3,419.07,Q3,9.07
2042,South,Industrial,1946.23,1663.3,282.93,31631.45,111.79956172904959,Q1 (best),111.8,Q1 best,14.54
2043,North,Residential,2482.48,2364.19,118.29,67159.28,567.7511201284977,Q3,567.75,Q3,4.76
2044,North,Commercial,1245.82,1068.07,177.75,99847.12,561.7278199718705,Q3,561.73,Q3,14.27
2045,South,Residential,1901.86,1822.99,78.87,85746.86,1087.192341828325,Q4 (worst),1087.19,Q4 worst,4.15
2046,North,Commercial,549.8,462.84,86.96,47165.32,542.3794848206072,Q3,542.38,Q3,15.82
2047,West,Residential,845.05,678.19,166.86,48769.39,292.2772983339326,Q2,292.28,Q2,19.75
2048,East,Industrial,1595.7,1429.87,165.83,36060.97,217.45745643128504,Q2,217.46,Q2,10.39
2049,East,Residential,2206.14,1966.6,239.54,50790.83,212.03485847875095,Q2,212.03,Q2,10.86
2050,North,Industrial,1274.45,1211.91,62.54,42943.43,686.6554205308603,Q4 (worst),686.66,Q4 worst,4.91
2051,East,Commercial,1007.18,955.47,51.71,95417.79,1845.2483078708178,Q4 (worst),1845.25,Q4 worst,5.13
2052,Central,Industrial,1883.34,1787.1,96.24,24759.35,257.26672901080633,Q2,257.27,Q2,5.11
2053,South,Industrial,1738.33,1701.38,36.95,94358.18,2553.6719891745597,Q4 (worst),2553.67,Q4 worst,2.13
2054,Central,Residential,1591.31,1501.89,89.42,65640.71,734.0719078505928,Q4 (worst),734.07,Q4 worst,5.62
2055,South,Residential,736.28,716.0,20.28,70963.41,3499.181952662722,Q4 (worst),3499.18,Q4 worst,2.75
2056,West,Commercial,1596.67,1429.64,167.03,51622.14,309.0590911812249,Q2,309.06,Q2,10.46
2057,South,Residential,1650.69,1468.57,182.12,57114.66,313.6100373380189,Q2,313.61,Q2,11.03
2058,Central,Residential,893.29,759.54,133.75,50477.51,377.40194392523364,Q3,377.4,Q3,14.97
2059,West,Residential,608.97,497.22,111.75,19010.45,170.11588366890382,Q1 (best),170.12,Q1 best,18.35
2060,West,Commercial,1348.81,1249.11,99.7,32420.48,325.1803410230692,Q2,325.18,Q2,7.39
2061,West,Industrial,2217.67,2023.82,193.85,74896.49,386.36311581119423,Q3,386.36,Q3,8.74
2062,East,Industrial,622.18,582.12,40.06,54668.8,1364.6729905142286,Q4 (worst),1364.67,Q4 worst,6.44
2063,South,Industrial,1766.63,1715.52,51.11,42400.92,829.6012522011348,Q4 (worst),829.6,Q4 worst,2.89
2064,Central,Commercial,1532.91,1242.53,290.38,44190.51,152.18165851642675,Q1 (best),152.18,Q1 best,18.94
2065,East,Commercial,1208.84,1110.08,98.76,12765.52,129.25799918995546,Q1 (best),129.26,Q1 best,8.17
2066,North,Commercial,2208.08,1814.43,393.65,6936.5,17.62098310682078,Q1 (best),17.62,Q1 best,17.83
2067,East,Commercial,1115.99,936.37,179.62,47883.16,266.5803362654493,Q2,266.58,Q2,16.1
2068,North,Residential,1515.06,1468.97,46.09,78644.06,1706.3150357995225,Q4 (worst),1706.32,Q4 worst,3.04
2069,North,Residential,1814.39,1457.07,357.32,30135.17,84.33664502406806,Q1 (best),84.34,Q1 best,19.69
2070,West,Residential,805.71,668.16,137.55,37339.06,271.45808796801157,Q2,271.46,Q2,17.07
2071,South,Industrial,2114.77,1697.19,417.58,48313.91,115.6997701039322,Q1 (best),115.7,Q1 best,19.75
2072,Central,Commercial,504.77,470.87,33.9,34115.88,1006.3681415929203,Q4 (worst),1006.37,Q4 worst,6.72
2073,West,Commercial,666.45,633.35,33.1,69133.66,2088.6302114803625,Q4 (worst),2088.63,Q4 worst,4.97
2074,West,Industrial,2264.93,2005.02,259.91,57944.49,222.94059482128426,Q2,222.94,Q2,11.48
2075,South,Industrial,1381.09,1257.87,123.22,66327.79,538.287534491154,Q3,538.29,Q3,8.92
2076,North,Commercial,1476.47,1188.59,287.88,96853.04,336.4354592191191,Q3,336.44,Q3,19.5
2077,Central,Industrial,2013.09,1846.21,166.88,26411.51,158.26647890699903,Q1 (best),158.27,Q1 best,8.29
2078,West,Commercial,1714.65,1667.62,47.03,73530.61,1563.4830958962364,Q4 (worst),1563.48,Q4 worst,2.74
2079,East,Industrial,552.83,491.15,61.68,72779.46,1179.9523346303504,Q4 (worst),1179.95,Q4 worst,11.16
2080,East,Commercial,1558.61,1479.49,79.12,23574.48,297.95854398382204,Q2,297.96,Q2,5.08
2081,South,Residential,1253.54,1227.38,26.16,50105.95,1915.3650611620794,Q4 (worst),1915.37,Q4 worst,2.09
2082,South,Residential,889.13,776.29,112.84,82852.2,734.2449485997872,Q4 (worst),734.24,Q4 worst,12.69
2083,South,Commercial,651.58,522.53,129.05,71780.54,556.2227043781479,Q3,556.22,Q3,19.81
2084,North,Commercial,904.41,776.57,127.84,35088.29,274.4703535669587,Q2,274.47,Q2,14.14
2085,West,Commercial,1188.94,993.54,195.4,33092.26,169.35649948822928,Q1 (best),169.36,Q1 best,16.43
2086,North,Commercial,1163.06,1078.05,85.01,46791.72,550.4260675214681,Q3,550.43,Q3,7.31
2087,South,Commercial,1753.65,1564.56,189.09,80397.94,425.183457612777,Q3,425.18,Q3,10.78
2088,South,Commercial,1737.39,1658.75,78.64,25265.53,321.2809003051882,Q2,321.28,Q2,4.53
2089,East,Residential,1099.41,1067.2,32.21,31459.98,976.7146848804719,Q4 (worst),976.71,Q4 worst,2.93
2090,North,Residential,2367.81,1953.26,414.55,60315.7,145.49680376311662,Q1 (best),145.5,Q1 best,17.51
2091,East,Residential,2364.15,2102.13,262.02,58339.42,222.65254560720555,Q2,222.65,Q2,11.08
2092,North,Industrial,1721.13,1410.57,310.56,48401.02,155.85078567748582,Q1 (best),155.85,Q1 best,18.04
2093,Central,Industrial,1710.96,1408.59,302.37,80999.9,267.88338790223895,Q2,267.88,Q2,17.67
2094,East,Commercial,1098.21,976.59,121.62,57071.93,469.26434796908404,Q3,469.26,Q3,11.07
2095,East,Commercial,1595.82,1542.29,53.53,49579.6,926.2021296469269,Q4 (worst),926.2,Q4 worst,3.35
2096,East,Industrial,1191.08,1060.17,130.91,5508.98,42.08219387365365,Q1 (best),42.08,Q1 best,10.99
2097,Central,Industrial,1927.89,1844.61,83.28,26513.98,318.37151777137365,Q2,318.37,Q2,4.32
2098,East,Industrial,1061.27,946.57,114.7,51642.75,450.241935483871,Q3,450.24,Q3,10.81
2099,South,Commercial,512.94,442.82,70.12,7672.12,109.41414717626924,Q1 (best),109.41,Q1 best,13.67
2100,East,Industrial,1397.76,1302.54,95.22,60939.91,639.9906532241126,Q3,639.99,Q3,6.81
2101,South,Industrial,573.4,530.81,42.59,38651.9,907.5346325428504,Q4 (worst),907.53,Q4 worst,7.43
2102,South,Industrial,2165.5,2094.17,71.33,28512.69,399.72928641525306,Q3,399.73,Q3,3.29
2103,South,Industrial,1829.74,1470.34,359.4,45779.8,127.37840845854203,Q1 (best),127.38,Q1 best,19.64
2104,South,Industrial,1657.57,1406.52,251.05,65075.21,259.21214897430787,Q2,259.21,Q2,15.15
2105,North,Commercial,673.29,617.03,56.26,87860.47,1561.6862779950231,Q4 (worst),1561.69,Q4 worst,8.36
2106,South,Commercial,1148.13,963.0,185.13,58876.22,318.0263598552369,Q2,318.03,Q2,16.12
2107,South,Commercial,746.86,633.33,113.53,31312.77,275.81053466044216,Q2,275.81,Q2,15.2
2108,Central,Commercial,1066.49,992.71,73.78,50451.01,683.8033342369206,Q4 (worst),683.8,Q4 worst,6.92
2109,Central,Commercial,1042.8,974.55,68.25,29604.69,433.76835164835165,Q3,433.77,Q3,6.54
2110,North,Residential,810.16,652.12,158.04,22895.09,144.86895722601875,Q1 (best),144.87,Q1 best,19.51
2111,West,Residential,1334.29,1091.54,242.75,60140.0,247.74459320288364,Q2,247.74,Q2,18.19
2112,South,Residential,1665.86,1430.23,235.63,93508.18,396.8432712303187,Q3,396.84,Q3,14.14
2113,East,Industrial,1971.77,1651.04,320.73,89406.93,278.7607333270975,Q2,278.76,Q2,16.27
2114,Central,Commercial,1285.45,1243.39,42.06,61037.13,1451.1918687589157,Q4 (worst),1451.19,Q4 worst,3.27
2115,East,Industrial,2431.95,2132.52,299.43,42010.59,140.30187355976355,Q1 (best),140.3,Q1 best,12.31
2116,West,Commercial,759.81,651.49,108.32,94732.72,874.5635155096013,Q4 (worst),874.56,Q4 worst,14.26
2117,East,Commercial,1355.12,1211.73,143.39,23173.79,161.61371085849783,Q1 (best),161.61,Q1 best,10.58
2118,South,Commercial,1861.84,1720.63,141.21,84952.7,601.605410381701,Q3,601.61,Q3,7.58
2119,Central,Commercial,2359.68,2301.27,58.41,55040.91,942.3199794555728,Q4 (worst),942.32,Q4 worst,2.48
2120,South,Commercial,1595.3,1549.99,45.31,25616.76,565.3665857426616,Q3,565.37,Q3,2.84
2121,East,Residential,1860.53,1541.98,318.55,82601.15,259.3035630199341,Q2,259.3,Q2,17.12
2122,North,Commercial,1092.79,961.7,131.09,51039.83,389.34953085666336,Q3,389.35,Q3,12.0
2123,East,Industrial,1558.36,1285.47,272.89,27779.6,101.79779398292352,Q1 (best),101.8,Q1 best,17.51
2124,East,Commercial,1975.18,1919.61,55.57,41302.71,743.2555335612741,Q4 (worst),743.26,Q4 worst,2.81
2125,West,Industrial,1303.86,1064.9,238.96,83796.01,350.6696099765651,Q3,350.67,Q3,18.33
2126,East,Industrial,2084.77,1926.95,157.82,86780.57,549.8705487263973,Q3,549.87,Q3,7.57
2127,South,Industrial,1217.35,1106.06,111.29,80396.89,722.4089316200916,Q4 (worst),722.41,Q4 worst,9.14
2128,West,Commercial,2027.81,1653.6,374.21,17668.76,47.216162048047885,Q1 (best),47.22,Q1 best,18.45
2129,North,Commercial,849.13,703.44,145.69,40598.85,278.66600315738896,Q2,278.67,Q2,17.16
2130,North,Commercial,1454.2,1379.18,75.02,84886.93,1131.5239936017063,Q4 (worst),1131.52,Q4 worst,5.16
2131,East,Industrial,1934.62,1693.06,241.56,61432.77,254.31681569796322,Q2,254.32,Q2,12.49
2132,South,Residential,1192.95,982.9,210.05,45542.88,216.81923351582955,Q2,216.82,Q2,17.61
2133,South,Industrial,813.99,708.7,105.29,68283.19,648.5249311425587,Q4 (worst),648.52,Q4 worst,12.94
2134,South,Residential,1032.62,829.84,202.78,14651.14,72.25140546404971,Q1 (best),72.25,Q1 best,19.64
2135,West,Industrial,1140.1,1022.76,117.34,82666.29,704.5022157831941,Q4 (worst),704.5,Q4 worst,10.29
2136,North,Commercial,1673.54,1448.36,225.18,91581.68,406.704325428546,Q3,406.7,Q3,13.46
2137,South,Commercial,2017.85,1686.63,331.22,42341.05,127.83361511985991,Q1 (best),127.83,Q1 best,16.41
2138,West,Residential,969.32,863.94,105.38,67448.23,640.0477320174606,Q3,640.05,Q3,10.87
2139,South,Commercial,2399.2,2280.77,118.43,78217.77,660.4557122350756,Q4 (worst),660.46,Q4 worst,4.94
2140,South,Residential,1995.04,1852.65,142.39,84812.44,595.6348058150152,Q3,595.63,Q3,7.14
2141,East,Residential,1132.38,957.74,174.64,6004.33,34.38118415025195,Q1 (best),34.38,Q1 best,15.42
2142,West,Commercial,760.4,715.7,44.7,17414.82,389.593288590604,Q3,389.59,Q3,5.88
2143,Central,Residential,516.24,498.86,17.38,55631.58,3200.896432681243,Q4 (worst),3200.9,Q4 worst,3.37
2144,South,Commercial,2448.23,2198.97,249.26,27691.03,111.09295514723581,Q1 (best),111.09,Q1 best,10.18
2145,West,Industrial,2496.19,2428.65,67.54,88897.69,1316.2228309150132,Q4 (worst),1316.22,Q4 worst,2.71
2146,Central,Commercial,759.23,732.43,26.8,39839.03,1486.5309701492536,Q4 (worst),1486.53,Q4 worst,3.53
2147,South,Industrial,1040.5,868.39,172.11,85786.05,498.4373365870664,Q3,498.44,Q3,16.54
2148,North,Commercial,1359.15,1268.54,90.61,80842.3,892.2006401059487,Q4 (worst),892.2,Q4 worst,6.67
2149,Central,Commercial,1527.59,1235.7,291.89,35521.92,121.69625543869266,Q1 (best),121.7,Q1 best,19.11
2150,East,Industrial,2213.36,1790.97,422.39,27942.98,66.154454414167,Q1 (best),66.15,Q1 best,19.08
2151,West,Commercial,809.12,785.54,23.58,70676.66,2997.3138252756576,Q4 (worst),2997.31,Q4 worst,2.91
2152,East,Commercial,1121.9,981.06,140.84,15630.8,110.98267537631354,Q1 (best),110.98,Q1 best,12.55
2153,South,Residential,1329.57,1295.72,33.85,13154.28,388.6050221565731,Q3,388.61,Q3,2.55
2154,East,Commercial,987.72,918.17,69.55,64022.14,920.5196261682244,Q4 (worst),920.52,Q4 worst,7.04
2155,East,Commercial,2038.24,1674.61,363.63,50063.52,137.6770893490636,Q1 (best),137.68,Q1 best,17.84
2156,West,Commercial,1505.42,1291.74,213.68,41343.13,193.4815144140771,Q2,193.48,Q2,14.19
2157,North,Commercial,1900.87,1782.82,118.05,17106.22,144.90656501482425,Q1 (best),144.91,Q1 best,6.21
2158,East,Commercial,1980.43,1746.5,233.93,79437.24,339.576967468901,Q3,339.58,Q3,11.81
2159,North,Commercial,1875.6,1594.49,281.11,98821.99,351.54206538365764,Q3,351.54,Q3,14.99
2160,South,Residential,817.48,721.59,95.89,39620.13,413.18312649911354,Q3,413.18,Q3,11.73
2161,North,Industrial,1046.57,913.23,133.34,15608.19,117.05557222138893,Q1 (best),117.06,Q1 best,12.74
2162,Central,Commercial,2298.08,1899.96,398.12,59939.98,150.55757058173415,Q1 (best),150.56,Q1 best,17.32
2163,South,Industrial,884.9,745.66,139.24,47989.5,344.65311692042513,Q3,344.65,Q3,15.74
2164,South,Industrial,1762.58,1643.46,119.12,31112.78,261.1885493619879,Q2,261.19,Q2,6.76
2165,West,Industrial,1494.08,1223.14,270.94,57390.11,211.8185207056913,Q2,211.82,Q2,18.13
2166,West,Commercial,1846.76,1554.53,292.23,45424.68,155.4415357766143,Q1 (best),155.44,Q1 best,15.82
2167,North,Commercial,1897.13,1635.9,261.23,54343.58,208.02962906251196,Q2,208.03,Q2,13.77
2168,Central,Residential,1259.4,1024.36,235.04,97720.36,415.76055139550715,Q3,415.76,Q3,18.66
2169,South,Commercial,2026.24,1774.26,251.98,60776.38,241.1952535915549,Q2,241.2,Q2,12.44
2170,West,Commercial,1855.59,1742.94,112.65,33525.55,297.60807811806484,Q2,297.61,Q2,6.07
2171,South,Residential,1649.61,1502.18,147.43,30953.46,209.95360510072575,Q2,209.95,Q2,8.94
2172,Central,Industrial,1813.42,1650.05,163.37,62716.33,383.8913509212218,Q3,383.89,Q3,9.01
2173,South,Industrial,912.98,893.69,19.29,38841.69,2013.5660964230174,Q4 (worst),2013.57,Q4 worst,2.11
2174,West,Industrial,535.83,502.68,33.15,99358.98,2997.2542986425337,Q4 (worst),2997.25,Q4 worst,6.19
2175,East,Commercial,1820.1,1487.11,332.99,96040.02,288.41712964353286,Q2,288.42,Q2,18.3
2176,East,Industrial,670.7,574.23,96.47,43289.34,448.7336995957292,Q3,448.73,Q3,14.38
2177,Central,Industrial,1342.5,1095.17,247.33,44892.16,181.5071362147738,Q2,181.51,Q2,18.42
2178,South,Commercial,1113.02,1053.22,59.8,89592.01,1498.1941471571906,Q4 (worst),1498.19,Q4 worst,5.37
2179,West,Residential,678.4,606.79,71.61,13157.72,183.7413769026672,Q2,183.74,Q2,10.56
2180,West,Commercial,1861.87,1657.81,204.06,55595.08,272.44477114574147,Q2,272.44,Q2,10.96
2181,West,Industrial,2494.29,2346.21,148.08,99174.68,669.7371690977849,Q4 (worst),669.74,Q4 worst,5.94
2182,South,Industrial,2455.52,2153.1,302.42,93360.01,308.7097744858144,Q2,308.71,Q2,12.32
2183,East,Industrial,2200.93,1804.66,396.27,46280.44,116.79016831958009,Q1 (best),116.79,Q1 best,18.0
2184,West,Industrial,2173.84,1879.95,293.89,26874.9,91.44543876960769,Q1 (best),91.45,Q1 best,13.52
2185,South,Industrial,1101.35,982.16,119.19,49566.89,415.86450205554155,Q3,415.86,Q3,10.82
2186,West,Industrial,1966.5,1819.67,146.83,61825.29,421.06715248927327,Q3,421.07,Q3,7.47
2187,South,Commercial,1072.04,968.75,103.29,8741.63,84.63191015587181,Q1 (best),84.63,Q1 best,9.63
2188,East,Commercial,2328.28,1868.0,460.28,20563.55,44.67617537151299,Q1 (best),44.68,Q1 best,19.77
2189,South,Commercial,1850.52,1510.33,340.19,21990.47,64.641729621682,Q1 (best),64.64,Q1 best,18.38
2190,South,Commercial,1791.34,1669.9,121.44,74292.79,611.7653985507246,Q3,611.77,Q3,6.78
2191,South,Residential,1309.68,1061.21,248.47,58030.04,233.54948283494988,Q2,233.55,Q2,18.97
2192,North,Commercial,2082.47,1823.45,259.02,62333.45,240.65110802254654,Q2,240.65,Q2,12.44
2193,South,Industrial,1342.18,1141.31,200.87,26576.74,132.30815950614826,Q1 (best),132.31,Q1 best,14.97
2194,West,Industrial,2436.61,2227.11,209.5,66949.98,319.5703102625298,Q2,319.57,Q2,8.6
2195,South,Commercial,629.77,598.8,30.97,26520.19,856.3186955117856,Q4 (worst),856.32,Q4 worst,4.92
2196,West,Residential,932.53,769.42,163.11,25071.82,153.7111151983324,Q1 (best),153.71,Q1 best,17.49
2197,North,Commercial,2098.83,1788.39,310.44,40695.72,131.09045226130652,Q1 (best),131.09,Q1 best,14.79
2198,Central,Residential,1319.37,1290.44,28.93,23239.64,803.3059108192188,Q4 (worst),803.31,Q4 worst,2.19
2199,East,Industrial,1112.66,1005.29,107.37,99986.03,931.2287417341902,Q4 (worst),931.23,Q4 worst,9.65
2200,South,Residential,1855.48,1542.22,313.26,56845.71,181.46494924343995,Q2,181.46,Q2,16.88
2201,East,Industrial,1406.91,1195.93,210.98,64132.66,303.9750687268936,Q2,303.98,Q2,15.0
2202,East,Residential,1224.93,1153.14,71.79,96419.97,1343.0835770998744,Q4 (worst),1343.08,Q4 worst,5.86
2203,North,Industrial,1464.25,1200.16,264.09,87293.23,330.54348896209626,Q3,330.54,Q3,18.04
2204,East,Industrial,2160.63,1909.2,251.43,85666.15,340.7157061607604,Q3,340.72,Q3,11.64
2205,West,Commercial,1370.79,1331.33,39.46,38104.2,965.6411556006082,Q4 (worst),965.64,Q4 worst,2.88
2206,South,Commercial,1033.67,995.85,37.82,8598.23,227.34611316763616,Q2,227.35,Q2,3.66
2207,South,Residential,2258.13,2183.41,74.72,11919.24,159.51873661670234,Q1 (best),159.52,Q1 best,3.31
2208,Central,Industrial,578.42,527.78,50.64,54273.64,1071.754344391785,Q4 (worst),1071.75,Q4 worst,8.75
2209,West,Residential,1857.38,1550.14,307.24,88125.92,286.8308813956516,Q2,286.83,Q2,16.54
2210,East,Industrial,549.81,517.25,32.56,8558.12,262.8415233415233,Q2,262.84,Q2,5.92
2211,South,Industrial,1439.5,1285.62,153.88,23602.33,153.38140109175984,Q1 (best),153.38,Q1 best,10.69
2212,East,Commercial,2037.86,1646.0,391.86,18626.88,47.534527637421526,Q1 (best),47.53,Q1 best,19.23
2213,South,Industrial,743.81,710.61,33.2,82157.06,2474.610240963855,Q4 (worst),2474.61,Q4 worst,4.46
2214,Central,Residential,1820.89,1716.27,104.62,74970.26,716.5958707704071,Q4 (worst),716.6,Q4 worst,5.75
2215,North,Industrial,2301.5,1952.23,349.27,90366.89,258.730752712801,Q2,258.73,Q2,15.18
2216,East,Industrial,1407.42,1173.91,233.51,40086.51,171.66935034902147,Q1 (best),171.67,Q1 best,16.59
2217,West,Residential,2431.26,2318.65,112.61,33920.96,301.22511322262676,Q2,301.23,Q2,4.63
2218,East,Commercial,547.22,533.53,13.69,64386.36,4703.167275383492,Q4 (worst),4703.17,Q4 worst,2.5
2219,South,Industrial,1559.92,1427.84,132.08,45546.07,344.83699273167775,Q3,344.84,Q3,8.47
2220,Central,Residential,2147.5,1778.36,369.14,90824.72,246.04410250853337,Q2,246.04,Q2,17.19
2221,West,Industrial,2302.09,2015.64,286.45,41491.38,144.84684936289057,Q1 (best),144.85,Q1 best,12.44
2222,North,Industrial,1063.6,870.81,192.79,90338.22,468.5835364904819,Q3,468.58,Q3,18.13
2223,Central,Residential,1045.06,923.67,121.39,75439.94,621.4675014416345,Q3,621.47,Q3,11.62
2224,South,Commercial,1737.11,1416.44,320.67,43967.19,137.11039386284966,Q1 (best),137.11,Q1 best,18.46
2225,North,Commercial,2409.57,2345.47,64.1,31626.22,493.3887675507021,Q3,493.39,Q3,2.66
2226,West,Commercial,1535.27,1421.77,113.5,49196.47,433.44907488986786,Q3,433.45,Q3,7.39
2227,South,Commercial,2322.86,2087.27,235.59,95596.16,405.773419924445,Q3,405.77,Q3,10.14
2228,Central,Industrial,606.53,585.41,21.12,90590.36,4289.316287878788,Q4 (worst),4289.32,Q4 worst,3.48
2229,West,Residential,2474.65,2414.53,60.12,35853.4,596.3639387890886,Q3,596.36,Q3,2.43
2230,North,Commercial,2069.06,1800.97,268.09,6955.34,25.944048640381965,Q1 (best),25.94,Q1 best,12.96
2231,West,Residential,1578.29,1435.99,142.3,70395.4,494.6971187631763,Q3,494.7,Q3,9.02
2232,East,Industrial,867.54,833.22,34.32,78300.04,2281.4696969696965,Q4 (worst),2281.47,Q4 worst,3.96
2233,North,Commercial,1134.48,1076.26,58.22,46437.8,797.6262452765374,Q4 (worst),797.63,Q4 worst,5.13
2234,East,Industrial,1144.81,954.89,189.92,32171.72,169.39616680707667,Q1 (best),169.4,Q1 best,16.59
2235,East,Residential,940.76,763.13,177.63,50946.96,286.8150650228002,Q2,286.82,Q2,18.88
2236,East,Residential,825.43,764.61,60.82,89139.72,1465.6317000986517,Q4 (worst),1465.63,Q4 worst,7.37
2237,West,Residential,563.27,480.94,82.33,59994.51,728.7077614478319,Q4 (worst),728.71,Q4 worst,14.62
2238,South,Residential,871.03,761.56,109.47,75208.75,687.0261258792364,Q4 (worst),687.03,Q4 worst,12.57
2239,East,Residential,1482.28,1355.95,126.33,80042.23,633.596374574527,Q3,633.6,Q3,8.52
2240,Central,Industrial,1701.77,1664.94,36.83,89390.38,2427.107792560413,Q4 (worst),2427.11,Q4 worst,2.16
2241,North,Industrial,2486.42,2428.38,58.04,85625.35,1475.2817022742938,Q4 (worst),1475.28,Q4 worst,2.33
2242,North,Residential,1728.25,1484.59,243.66,24233.21,99.45501928917344,Q1 (best),99.46,Q1 best,14.1
2243,Central,Residential,1752.09,1402.24,349.85,93354.33,266.8410175789624,Q2,266.84,Q2,19.97
2244,East,Residential,1156.88,1115.37,41.51,12755.71,307.29245964827754,Q2,307.29,Q2,3.59
2245,Central,Residential,1388.36,1218.65,169.71,16808.84,99.04448765541217,Q1 (best),99.04,Q1 best,12.22
2246,West,Commercial,2085.49,1886.98,198.51,84909.91,427.7361845750844,Q3,427.74,Q3,9.52
2247,East,Commercial,1479.63,1289.79,189.84,29385.25,154.7895596291614,Q1 (best),154.79,Q1 best,12.83
2248,South,Commercial,2137.59,1996.37,141.22,97525.83,690.5950290327149,Q4 (worst),690.6,Q4 worst,6.61
2249,North,Commercial,2085.16,1873.19,211.97,6475.85,30.550785488512528,Q1 (best),30.55,Q1 best,10.17
2250,East,Residential,2024.79,1870.53,154.26,50132.83,324.9891741216129,Q2,324.99,Q2,7.62
2251,East,Commercial,2133.19,1732.76,400.43,39345.35,98.25774792098494,Q1 (best),98.26,Q1 best,18.77
2252,South,Commercial,2454.76,1988.66,466.1,98294.86,210.8879210469856,Q2,210.89,Q2,18.99
2253,East,Residential,1820.66,1545.81,274.85,62005.61,225.59799890849553,Q2,225.6,Q2,15.1
2254,West,Residential,1412.17,1253.3,158.87,57995.2,365.0481525775791,Q3,365.05,Q3,11.25
2255,West,Commercial,2382.2,2307.89,74.31,35629.21,479.46723186650513,Q3,479.47,Q3,3.12
2256,South,Residential,1050.79,951.52,99.27,41789.44,420.9674624760754,Q3,420.97,Q3,9.45
2257,North,Industrial,1908.98,1693.3,215.68,33285.14,154.32650222551928,Q1 (best),154.33,Q1 best,11.3
2258,Central,Residential,718.4,581.61,136.79,15430.02,112.80078953139851,Q1 (best),112.8,Q1 best,19.04
2259,West,Commercial,703.49,634.65,68.84,80275.79,1166.12129575828,Q4 (worst),1166.12,Q4 worst,9.79
2260,South,Commercial,896.0,812.01,83.99,86272.85,1027.180021431123,Q4 (worst),1027.18,Q4 worst,9.37
2261,Central,Industrial,2179.94,1746.57,433.37,53710.56,123.93695918037704,Q1 (best),123.94,Q1 best,19.88
2262,West,Industrial,2190.32,1890.72,299.6,12892.79,43.033344459279036,Q1 (best),43.03,Q1 best,13.68
2263,North,Residential,1605.73,1542.47,63.26,52775.64,834.2655706607651,Q4 (worst),834.27,Q4 worst,3.94
2264,East,Industrial,2187.33,1843.48,343.85,34782.58,101.15625999709175,Q1 (best),101.16,Q1 best,15.72
2265,North,Commercial,1468.63,1373.39,95.24,8474.39,88.97931541369172,Q1 (best),88.98,Q1 best,6.48
2266,South,Commercial,1747.24,1533.36,213.88,7133.33,33.35201982420049,Q1 (best),33.35,Q1 best,12.24
2267,North,Residential,969.74,908.35,61.39,45011.76,733.2099690503339,Q4 (worst),733.21,Q4 worst,6.33
2268,West,Residential,559.7,534.34,25.36,16535.79,652.0421924290222,Q4 (worst),652.04,Q4 worst,4.53
2269,East,Commercial,1865.89,1764.81,101.08,42200.0,417.49109616145626,Q3,417.49,Q3,5.42
2270,South,Commercial,1339.05,1211.9,127.15,17344.09,136.40652772316162,Q1 (best),136.41,Q1 best,9.5
2271,Central,Residential,1375.72,1284.85,90.87,65300.41,718.6135138109387,Q4 (worst),718.61,Q4 worst,6.61
2272,North,Industrial,1914.47,1629.84,284.63,53777.22,188.93728700418086,Q2,188.94,Q2,14.87
2273,Central,Residential,781.03,750.68,30.35,83815.32,2761.6250411861615,Q4 (worst),2761.63,Q4 worst,3.89
2274,South,Commercial,1311.65,1073.24,238.41,47290.2,198.35661255819807,Q2,198.36,Q2,18.18
2275,South,Residential,2266.42,2140.21,126.21,95115.44,753.628397115918,Q4 (worst),753.63,Q4 worst,5.57
2276,East,Commercial,1199.04,1102.63,96.41,65547.21,679.8797842547455,Q4 (worst),679.88,Q4 worst,8.04
2277,West,Industrial,973.21,784.67,188.54,76750.08,407.07584597432907,Q3,407.08,Q3,19.37
2278,Central,Residential,2042.5,1939.19,103.31,51903.75,502.4078017616881,Q3,502.41,Q3,5.06
2279,West,Commercial,1013.64,965.65,47.99,96121.79,2002.954573869556,Q4 (worst),2002.95,Q4 worst,4.73
2280,Central,Residential,548.55,513.14,35.41,51892.29,1465.4699237503532,Q4 (worst),1465.47,Q4 worst,6.46
2281,South,Residential,1178.61,983.05,195.56,15235.78,77.90846798936388,Q1 (best),77.91,Q1 best,16.59
2282,Central,Commercial,692.44,657.19,35.25,38392.73,1089.1554609929078,Q4 (worst),1089.16,Q4 worst,5.09
2283,West,Residential,2135.8,2052.03,83.77,78486.7,936.9308821773905,Q4 (worst),936.93,Q4 worst,3.92
2284,South,Commercial,1579.02,1360.03,218.99,88930.32,406.09306361021055,Q3,406.09,Q3,13.87
2285,South,Industrial,1756.7,1642.29,114.41,38580.96,337.2166768639105,Q3,337.22,Q3,6.51
2286,South,Commercial,825.21,761.0,64.21,77385.56,1205.1948294658155,Q4 (worst),1205.19,Q4 worst,7.78
2287,East,Residential,614.5,530.14,84.36,23954.27,283.95293978188715,Q2,283.95,Q2,13.73
2288,Central,Industrial,1710.67,1613.75,96.92,83400.82,860.511968633925,Q4 (worst),860.51,Q4 worst,5.67
2289,Central,Commercial,1663.54,1557.85,105.69,80285.61,759.6329832529095,Q4 (worst),759.63,Q4 worst,6.35
2290,South,Residential,1967.21,1890.83,76.38,17404.56,227.8680282796544,Q2,227.87,Q2,3.88
2291,West,Residential,2022.37,1696.72,325.65,72426.01,222.40445263319515,Q2,222.4,Q2,16.1
2292,West,Commercial,1991.6,1778.89,212.71,31907.77,150.00597057025996,Q1 (best),150.01,Q1 best,10.68
2293,West,Industrial,554.72,508.76,45.96,95051.65,2068.138598781549,Q4 (worst),2068.14,Q4 worst,8.29
2294,East,Residential,1008.86,837.07,171.79,68352.14,397.881948891088,Q3,397.88,Q3,17.03
2295,North,Residential,1189.93,1104.1,85.83,87812.34,1023.0961202376791,Q4 (worst),1023.1,Q4 worst,7.21
2296,South,Residential,2253.92,1874.32,379.6,10481.46,27.611854583772388,Q1 (best),27.61,Q1 best,16.84
2297,East,Industrial,1577.4,1271.7,305.7,83438.58,272.9426889106968,Q2,272.94,Q2,19.38
2298,South,Industrial,794.24,737.16,57.08,60991.96,1068.5346881569726,Q4 (worst),1068.53,Q4 worst,7.19
2299,East,Residential,2281.38,1945.05,336.33,75416.37,224.23325305503522,Q2,224.23,Q2,14.74
2300,North,Residential,1782.9,1583.8,199.1,29990.3,150.62933199397287,Q1 (best),150.63,Q1 best,11.17
2301,West,Industrial,2023.1,1833.56,189.54,69377.56,366.031233512715,Q3,366.03,Q3,9.37
2302,North,Residential,1695.58,1430.16,265.42,76400.4,287.8471855926456,Q2,287.85,Q2,15.65
2303,Central,Industrial,585.1,470.37,114.73,29548.93,257.55190447136755,Q2,257.55,Q2,19.61
2304,West,Commercial,760.34,687.43,72.91,25946.23,355.8665477986559,Q3,355.87,Q3,9.59
2305,East,Industrial,1869.09,1612.1,256.99,67242.71,261.65496711934315,Q2,261.65,Q2,13.75
2306,South,Industrial,694.23,645.23,49.0,69729.02,1423.041224489796,Q4 (worst),1423.04,Q4 worst,7.06
2307,North,Commercial,2154.63,1888.96,265.67,57835.74,217.69767004178112,Q2,217.7,Q2,12.33
2308,South,Commercial,1703.11,1529.29,173.82,14869.22,85.5437809227937,Q1 (best),85.54,Q1 best,10.21
2309,West,Industrial,2009.6,1853.88,155.72,38546.64,247.53814538916004,Q2,247.54,Q2,7.75
2310,East,Commercial,1695.19,1592.99,102.2,26865.29,262.8697651663405,Q2,262.87,Q2,6.03
2311,Central,Industrial,1478.44,1280.06,198.38,35407.78,178.48462546627684,Q2,178.48,Q2,13.42
2312,West,Industrial,1584.64,1447.73,136.91,56299.59,411.21605434226865,Q3,411.22,Q3,8.64
2313,South,Industrial,1512.37,1465.95,46.42,82266.77,1772.2268418785006,Q4 (worst),1772.23,Q4 worst,3.07
2314,North,Commercial,2390.06,2328.31,61.75,7856.56,127.23174089068827,Q1 (best),127.23,Q1 best,2.58
2315,West,Residential,558.37,490.08,68.29,77015.08,1127.7651193439742,Q4 (worst),1127.77,Q4 worst,12.23
2316,Central,Commercial,2406.6,2185.47,221.13,49911.47,225.71098448876228,Q2,225.71,Q2,9.19
2317,Central,Industrial,2143.3,1991.79,151.51,52338.44,345.44544914527097,Q3,345.45,Q3,7.07
2318,Central,Residential,557.34,537.48,19.86,22859.94,1151.0543806646526,Q4 (worst),1151.05,Q4 worst,3.56
2319,West,Residential,2078.07,1964.62,113.45,78771.57,694.3285147642133,Q4 (worst),694.33,Q4 worst,5.46
2320,North,Industrial,1495.56,1220.29,275.27,59731.18,216.99124495949434,Q2,216.99,Q2,18.41
2321,North,Commercial,922.06,803.39,118.67,42686.97,359.71155304626274,Q3,359.71,Q3,12.87
2322,South,Residential,2392.19,2172.07,220.12,27531.14,125.07332364165,Q1 (best),125.07,Q1 best,9.2
2323,North,Residential,1293.24,1227.9,65.34,74147.11,1134.7889501071318,Q4 (worst),1134.79,Q4 worst,5.05
2324,Central,Commercial,2482.44,2352.93,129.51,97392.23,752.0054822021466,Q4 (worst),752.01,Q4 worst,5.22
2325,East,Residential,1716.18,1443.19,272.99,28586.46,104.71614344847796,Q1 (best),104.72,Q1 best,15.91
2326,West,Commercial,1537.77,1253.74,284.03,47858.34,168.49748266028237,Q1 (best),168.5,Q1 best,18.47
2327,Central,Industrial,1776.09,1517.79,258.3,96271.57,372.7122338366241,Q3,372.71,Q3,14.54
2328,West,Residential,2344.28,2263.58,80.7,20010.1,247.95662949194545,Q2,247.96,Q2,3.44
2329,Central,Residential,1303.19,1195.87,107.32,93371.57,870.0295378307866,Q4 (worst),870.03,Q4 worst,8.24
2330,East,Residential,1437.57,1243.09,194.48,53073.42,272.89911559029207,Q2,272.9,Q2,13.53
2331,East,Industrial,560.05,507.04,53.01,10656.54,201.02886247877763,Q2,201.03,Q2,9.47
2332,East,Residential,1224.88,1066.41,158.47,84257.03,531.6907301066448,Q3,531.69,Q3,12.94
2333,North,Residential,704.88,608.37,96.51,10187.59,105.55994197492487,Q1 (best),105.56,Q1 best,13.69
2334,West,Residential,2361.16,2130.08,231.08,59240.53,256.3637268478449,Q2,256.36,Q2,9.79
2335,West,Commercial,1840.26,1550.87,289.39,13550.05,46.822799682089915,Q1 (best),46.82,Q1 best,15.73
2336,Central,Industrial,699.42,651.82,47.6,31988.83,672.034243697479,Q4 (worst),672.03,Q4 worst,6.81
2337,South,Commercial,783.74,637.95,145.79,32035.93,219.7402428150079,Q2,219.74,Q2,18.6
2338,West,Residential,1043.81,875.19,168.62,93460.99,554.2698968093939,Q3,554.27,Q3,16.15
2339,East,Commercial,2154.71,1960.62,194.09,79078.65,407.43289195733934,Q3,407.43,Q3,9.01
2340,North,Commercial,2236.77,2180.59,56.18,33500.38,596.3043787824848,Q3,596.3,Q3,2.51
2341,Central,Commercial,1919.21,1814.93,104.28,95912.81,919.762274645186,Q4 (worst),919.76,Q4 worst,5.43
2342,South,Industrial,1979.17,1592.5,386.67,62955.45,162.81441539297074,Q1 (best),162.81,Q1 best,19.54
2343,North,Commercial,584.08,529.75,54.33,99398.08,1829.5247561200074,Q4 (worst),1829.52,Q4 worst,9.3
2344,North,Residential,1373.31,1267.42,105.89,83774.69,791.1482670696006,Q4 (worst),791.15,Q4 worst,7.71
2345,East,Industrial,726.18,615.28,110.9,91003.02,820.5862939585212,Q4 (worst),820.59,Q4 worst,15.27
2346,North,Industrial,1063.22,1020.53,42.69,8402.84,196.83391895057392,Q2,196.83,Q2,4.02
2347,West,Commercial,833.16,697.09,136.07,88747.18,652.2170941427206,Q4 (worst),652.22,Q4 worst,16.33
2348,East,Residential,1293.14,1129.38,163.76,5055.63,30.87219101123596,Q1 (best),30.87,Q1 best,12.66
2349,East,Commercial,950.93,875.44,75.49,33716.98,446.64167439395953,Q3,446.64,Q3,7.94
2350,East,Commercial,1758.51,1476.24,282.27,46053.05,163.1524781237822,Q1 (best),163.15,Q1 best,16.05
2351,South,Industrial,2350.22,1999.87,350.35,70058.23,199.96640502354785,Q2,199.97,Q2,14.91
2352,South,Industrial,2356.62,1937.32,419.3,65755.18,156.82132124970187,Q1 (best),156.82,Q1 best,17.79
2353,Central,Commercial,1578.93,1528.52,50.41,70601.56,1400.546716921246,Q4 (worst),1400.55,Q4 worst,3.19
2354,North,Industrial,1959.76,1837.72,122.04,36914.88,302.4818092428712,Q2,302.48,Q2,6.23
2355,Central,Commercial,1494.35,1296.99,197.36,21633.36,109.61370085123632,Q1 (best),109.61,Q1 best,13.21
2356,North,Commercial,1989.81,1716.52,273.29,99861.99,365.40667422884115,Q3,365.41,Q3,13.73
2357,South,Residential,1664.85,1392.21,272.64,98986.63,363.06715815727705,Q3,363.07,Q3,16.38
2358,Central,Industrial,953.3,768.87,184.43,51981.8,281.8511088217752,Q2,281.85,Q2,19.35
2359,North,Commercial,1653.58,1545.15,108.43,51449.72,474.4970948999354,Q3,474.5,Q3,6.56
2360,East,Residential,2084.1,1842.51,241.59,61759.95,255.63951322488512,Q2,255.64,Q2,11.59
2361,North,Industrial,1513.43,1443.01,70.42,55735.52,791.4728770235728,Q4 (worst),791.47,Q4 worst,4.65
2362,East,Industrial,2257.84,2062.94,194.9,95332.15,489.1336582863006,Q3,489.13,Q3,8.63
2363,North,Residential,1523.49,1367.84,155.65,17468.2,112.22743334404112,Q1 (best),112.23,Q1 best,10.22
2364,East,Industrial,1548.32,1390.61,157.71,75023.2,475.70350643586323,Q3,475.7,Q3,10.19
2365,West,Industrial,1266.7,1081.22,185.48,52347.4,282.2266551649774,Q2,282.23,Q2,14.64
2366,South,Residential,1032.22,964.91,67.31,45805.87,680.5210221363839,Q4 (worst),680.52,Q4 worst,6.52
2367,North,Industrial,627.71,557.61,70.1,8800.96,125.54864479315263,Q1 (best),125.55,Q1 best,11.17
2368,West,Industrial,1605.4,1414.93,190.47,26046.2,136.74699427731403,Q1 (best),136.75,Q1 best,11.86
2369,East,Commercial,1344.28,1146.55,197.73,29283.87,148.10028827188592,Q1 (best),148.1,Q1 best,14.71
2370,South,Commercial,1552.58,1322.66,229.92,76586.23,333.0994693806541,Q3,333.1,Q3,14.81
2371,East,Residential,2324.01,2091.92,232.09,19665.31,84.73139730277047,Q1 (best),84.73,Q1 best,9.99
2372,South,Industrial,1904.19,1648.94,255.25,59426.63,232.8173555337904,Q2,232.82,Q2,13.4
2373,East,Residential,958.04,900.23,57.81,30559.05,528.6118318629995,Q3,528.61,Q3,6.03
2374,West,Industrial,1138.91,943.32,195.59,94753.98,484.45206810164115,Q3,484.45,Q3,17.17
2375,East,Commercial,1865.31,1791.61,73.7,42839.08,581.2629579375848,Q3,581.26,Q3,3.95
2376,West,Commercial,757.75,673.38,84.37,14098.14,167.09896882778236,Q1 (best),167.1,Q1 best,11.13
2377,North,Commercial,1338.82,1249.02,89.8,57844.08,644.143429844098,Q3,644.14,Q3,6.71
2378,West,Residential,1560.32,1401.99,158.33,88864.88,561.2636897618897,Q3,561.26,Q3,10.15
2379,North,Residential,1463.87,1398.52,65.35,49892.46,763.4653404743689,Q4 (worst),763.47,Q4 worst,4.46
2380,East,Industrial,1380.74,1269.31,111.43,12337.91,110.72341380238714,Q1 (best),110.72,Q1 best,8.07
2381,West,Commercial,508.37,470.43,37.94,64806.26,1708.124934106484,Q4 (worst),1708.12,Q4 worst,7.46
2382,Central,Commercial,1943.9,1749.32,194.58,49903.89,256.46978106691336,Q2,256.47,Q2,10.01
2383,West,Industrial,1339.36,1165.4,173.96,93192.2,535.710508162796,Q3,535.71,Q3,12.99
2384,West,Commercial,2164.1,1740.99,423.11,36455.59,86.1610219564652,Q1 (best),86.16,Q1 best,19.55
2385,East,Industrial,2065.18,1759.84,305.34,41922.76,137.29861793410626,Q1 (best),137.3,Q1 best,14.79
2386,South,Industrial,692.33,624.19,68.14,16347.05,239.9038743762841,Q2,239.9,Q2,9.84
2387,North,Residential,625.83,588.94,36.89,64795.33,1756.447004608295,Q4 (worst),1756.45,Q4 worst,5.89
2388,West,Commercial,1976.05,1599.27,376.78,30751.35,81.6161951271299,Q1 (best),81.62,Q1 best,19.07
2389,Central,Commercial,2391.0,1987.76,403.24,98075.45,243.2185547068743,Q2,243.22,Q2,16.86
2390,North,Commercial,1516.03,1252.15,263.88,60535.79,229.4065105350917,Q2,229.41,Q2,17.41
2391,South,Commercial,1802.94,1451.1,351.84,28985.99,82.38400977717146,Q1 (best),82.38,Q1 best,19.51
2392,North,Industrial,1251.79,1105.69,146.1,22642.8,154.98151950718685,Q1 (best),154.98,Q1 best,11.67
2393,North,Residential,1209.65,1090.79,118.86,23264.09,195.72682147063773,Q2,195.73,Q2,9.83
2394,South,Commercial,2448.68,2399.49,49.19,69603.31,1414.9890221589753,Q4 (worst),1414.99,Q4 worst,2.01
2395,East,Residential,736.64,645.58,91.06,5080.59,55.793872172194156,Q1 (best),55.79,Q1 best,12.36
2396,West,Commercial,816.34,721.08,95.26,92336.64,969.3117782909931,Q4 (worst),969.31,Q4 worst,11.67
2397,East,Commercial,1250.09,1213.28,36.81,81247.5,2207.21271393643,Q4 (worst),2207.21,Q4 worst,2.94
2398,East,Commercial,1717.91,1427.61,290.3,16887.27,58.171787805718225,Q1 (best),58.17,Q1 best,16.9
2399,West,Commercial,904.01,770.0,134.01,87867.56,655.679128423252,Q4 (worst),655.68,Q4 worst,14.82
2400,West,Residential,1908.41,1541.18,367.23,66300.24,180.5414590311249,Q2,180.54,Q2,19.24
2401,North,Residential,1800.34,1732.59,67.75,62821.57,927.2556457564575,Q4 (worst),927.26,Q4 worst,3.76
2402,East,Commercial,1260.24,1037.33,222.91,26417.68,118.51276299851959,Q1 (best),118.51,Q1 best,17.69
2403,South,Industrial,732.86,707.63,25.23,17451.78,691.7074910820452,Q4 (worst),691.71,Q4 worst,3.44
2404,West,Industrial,1055.96,937.45,118.51,91899.24,775.455573369336,Q4 (worst),775.46,Q4 worst,11.22
2405,West,Residential,1556.45,1497.73,58.72,25282.04,430.5524523160763,Q3,430.55,Q3,3.77
2406,East,Residential,1022.09,980.91,41.18,88543.31,2150.1532297231665,Q4 (worst),2150.15,Q4 worst,4.03
2407,North,Industrial,1471.02,1351.77,119.25,65758.56,551.4344654088051,Q3,551.43,Q3,8.11
2408,West,Commercial,1511.69,1286.5,225.19,72904.13,323.7449709134509,Q2,323.74,Q2,14.9
2409,South,Industrial,2458.04,2270.42,187.62,18941.01,100.95410937000318,Q1 (best),100.95,Q1 best,7.63
2410,South,Residential,1034.42,975.53,58.89,43583.5,740.0832059772457,Q4 (worst),740.08,Q4 worst,5.69
2411,West,Industrial,593.71,539.93,53.78,73592.77,1368.4040535515062,Q4 (worst),1368.4,Q4 worst,9.06
2412,South,Industrial,2358.52,2261.08,97.44,7075.54,72.61432676518884,Q1 (best),72.61,Q1 best,4.13
2413,East,Residential,623.09,554.53,68.56,48133.79,702.0681155192532,Q4 (worst),702.07,Q4 worst,11.0
2414,East,Residential,1778.84,1473.81,305.03,71191.34,233.39127298954202,Q2,233.39,Q2,17.15
2415,West,Industrial,1113.46,941.94,171.52,92295.99,538.1062849813433,Q3,538.11,Q3,15.4
2416,West,Industrial,2091.4,1719.22,372.18,47576.11,127.83091514858401,Q1 (best),127.83,Q1 best,17.8
2417,South,Residential,555.42,445.58,109.84,42171.62,383.93681718863803,Q3,383.94,Q3,19.78
2418,South,Residential,911.34,879.48,31.86,53989.24,1694.5775266792216,Q4 (worst),1694.58,Q4 worst,3.5
2419,West,Commercial,859.35,779.33,80.02,17675.52,220.88877780554864,Q2,220.89,Q2,9.31
2420,Central,Industrial,1632.16,1531.68,100.48,79825.34,794.4400875796177,Q4 (worst),794.44,Q4 worst,6.16
2421,East,Industrial,1661.09,1523.89,137.2,17433.81,127.06858600583092,Q1 (best),127.07,Q1 best,8.26
2422,Central,Residential,1678.83,1561.03,117.8,34715.8,294.70118845500855,Q2,294.7,Q2,7.02
2423,North,Commercial,670.39,645.83,24.56,8112.58,330.31677524429966,Q3,330.32,Q3,3.66
2424,North,Residential,587.26,490.36,96.9,10146.74,104.71351909184726,Q1 (best),104.71,Q1 best,16.5
2425,West,Commercial,667.84,546.76,121.08,82513.81,681.4817476048893,Q4 (worst),681.48,Q4 worst,18.13
2426,East,Industrial,1364.84,1257.55,107.29,14176.22,132.12992823189484,Q1 (best),132.13,Q1 best,7.86
2427,Central,Residential,886.54,771.94,114.6,12981.2,113.27399650959862,Q1 (best),113.27,Q1 best,12.93
2428,South,Commercial,1702.98,1600.31,102.67,56319.95,548.5531313918378,Q3,548.55,Q3,6.03
2429,South,Industrial,2292.25,2146.47,145.78,29152.63,199.9768829743449,Q2,199.98,Q2,6.36
2430,North,Industrial,2216.66,2172.03,44.63,17148.51,384.23728433788926,Q3,384.24,Q3,2.01
2431,South,Residential,1875.89,1643.88,232.01,43938.74,189.38295763113658,Q2,189.38,Q2,12.37
2432,North,Commercial,2153.27,1869.54,283.73,98001.75,345.4049624643146,Q3,345.4,Q3,13.18
2433,West,Residential,1952.94,1780.63,172.31,97484.83,565.7525970634322,Q3,565.75,Q3,8.82
2434,South,Industrial,2471.91,2374.28,97.63,52378.83,536.5034313223395,Q3,536.5,Q3,3.95
2435,South,Commercial,796.0,733.19,62.81,88733.8,1412.7336411399458,Q4 (worst),1412.73,Q4 worst,7.89
2436,Central,Industrial,1337.58,1235.5,102.08,26722.53,261.78027037617557,Q2,261.78,Q2,7.63
2437,South,Commercial,1660.27,1604.02,56.25,95336.32,1694.8679111111112,Q4 (worst),1694.87,Q4 worst,3.39
2438,North,Commercial,847.41,785.64,61.77,19598.44,317.28088068641733,Q2,317.28,Q2,7.29
2439,South,Residential,1407.15,1220.12,187.03,65920.39,352.4589103352403,Q3,352.46,Q3,13.29
2440,West,Industrial,598.57,490.45,108.12,16318.33,150.9279504254532,Q1 (best),150.93,Q1 best,18.06
2441,Central,Residential,1661.08,1402.81,258.27,21524.47,83.34096100979596,Q1 (best),83.34,Q1 best,15.55
2442,West,Commercial,1347.36,1111.04,236.32,5496.5,23.258716993906567,Q1 (best),23.26,Q1 best,17.54
2443,Central,Residential,2389.84,1961.59,428.25,29028.9,67.78493870402802,Q1 (best),67.78,Q1 best,17.92
2444,North,Industrial,849.72,761.43,88.29,97732.4,1106.9475591799749,Q4 (worst),1106.95,Q4 worst,10.39
2445,North,Commercial,672.87,613.19,59.68,51998.18,871.2831769436997,Q4 (worst),871.28,Q4 worst,8.87
2446,Central,Residential,2333.54,1929.72,403.82,61651.01,152.66953097914913,Q1 (best),152.67,Q1 best,17.31
2447,South,Residential,1752.0,1512.06,239.94,89886.28,374.6198216220722,Q3,374.62,Q3,13.7
2448,East,Commercial,2248.35,2162.93,85.42,90257.83,1056.6357995785531,Q4 (worst),1056.64,Q4 worst,3.8
2449,West,Commercial,1289.16,1255.61,33.55,88154.91,2627.568107302534,Q4 (worst),2627.57,Q4 worst,2.6
2450,West,Residential,1311.2,1064.39,246.81,30996.43,125.58822576070662,Q1 (best),125.59,Q1 best,18.82
2451,Central,Industrial,1430.93,1195.34,235.59,37499.71,159.17360668958784,Q1 (best),159.17,Q1 best,16.46
2452,North,Industrial,2307.2,1958.02,349.18,36243.47,103.79595051262959,Q1 (best),103.8,Q1 best,15.13
2453,West,Industrial,1021.66,904.6,117.06,14739.77,125.91636767469674,Q1 (best),125.92,Q1 best,11.46
2454,West,Industrial,2148.08,1956.54,191.54,80762.76,421.6495771118304,Q3,421.65,Q3,8.92
2455,North,Industrial,2457.76,2020.02,437.74,16190.04,36.985516516653725,Q1 (best),36.99,Q1 best,17.81
2456,West,Industrial,2207.09,1776.63,430.46,38292.76,88.95776611067231,Q1 (best),88.96,Q1 best,19.5
2457,East,Residential,528.86,517.7,11.16,24850.51,2226.7482078853045,Q4 (worst),2226.75,Q4 worst,2.11
2458,Central,Residential,2169.03,2106.44,62.59,76682.24,1225.1516216648026,Q4 (worst),1225.15,Q4 worst,2.89
2459,South,Commercial,651.94,544.03,107.91,13688.12,126.84755815031046,Q1 (best),126.85,Q1 best,16.55
2460,East,Industrial,1033.92,832.45,201.47,80000.0,397.0814513327046,Q3,397.08,Q3,19.49
2461,North,Commercial,585.03,522.16,62.87,17387.55,276.56354382058214,Q2,276.56,Q2,10.75
2462,South,Industrial,1439.01,1243.87,195.14,95198.33,487.84631546581943,Q3,487.85,Q3,13.56
2463,South,Commercial,802.15,720.5,81.65,47728.37,584.5483159828536,Q3,584.55,Q3,10.18
2464,North,Commercial,2162.18,1950.95,211.23,65207.46,308.70359323959667,Q2,308.7,Q2,9.77
2465,Central,Residential,1668.46,1578.96,89.5,55279.44,617.647374301676,Q3,617.65,Q3,5.36
2466,South,Industrial,659.9,605.01,54.89,76891.86,1400.8354891601384,Q4 (worst),1400.84,Q4 worst,8.32
2467,North,Commercial,2499.48,2343.06,156.42,50644.5,323.7725354813963,Q2,323.77,Q2,6.26
2468,West,Industrial,2467.06,2365.24,101.82,11041.37,108.44009035552938,Q1 (best),108.44,Q1 best,4.13
2469,West,Residential,1139.97,1073.91,66.06,30157.32,456.5140781108083,Q3,456.51,Q3,5.79
2470,West,Commercial,1694.76,1370.92,323.84,95201.58,293.9772109683795,Q2,293.98,Q2,19.11
2471,South,Residential,710.46,613.79,96.67,61474.01,635.9161063411607,Q3,635.92,Q3,13.61
2472,West,Industrial,555.76,531.12,24.64,28335.55,1149.981737012987,Q4 (worst),1149.98,Q4 worst,4.43
2473,Central,Residential,2215.26,1975.82,239.44,67174.35,280.54773638489814,Q2,280.55,Q2,10.81
2474,West,Commercial,2419.34,1963.42,455.92,89507.01,196.32174504299,Q2,196.32,Q2,18.84
2475,West,Commercial,1906.82,1606.28,300.54,9189.38,30.576229453650093,Q1 (best),30.58,Q1 best,15.76
2476,North,Residential,1234.84,998.71,236.13,94294.56,399.3332486342269,Q3,399.33,Q3,19.12
2477,Central,Residential,2420.97,2099.2,321.77,9170.94,28.501538365913543,Q1 (best),28.5,Q1 best,13.29
2478,West,Industrial,1811.44,1728.63,82.81,10051.36,121.37857746648956,Q1 (best),121.38,Q1 best,4.57
2479,South,Residential,834.5,802.48,32.02,29187.28,911.5327920049967,Q4 (worst),911.53,Q4 worst,3.84
2480,East,Residential,1134.86,1068.8,66.06,48460.04,733.5761429003936,Q4 (worst),733.58,Q4 worst,5.82
2481,South,Commercial,682.95,555.3,127.65,60510.6,474.03525264394824,Q3,474.04,Q3,18.69
2482,West,Commercial,1852.89,1598.52,254.37,95432.5,375.17199355269884,Q3,375.17,Q3,13.73
2483,East,Commercial,807.43,777.24,30.19,54256.87,1797.180192116595,Q4 (worst),1797.18,Q4 worst,3.74
2484,West,Residential,1953.28,1878.5,74.78,61750.43,825.7612998127842,Q4 (worst),825.76,Q4 worst,3.83
2485,South,Residential,2423.04,2368.05,54.99,93437.32,1699.1693035097292,Q4 (worst),1699.17,Q4 worst,2.27
2486,Central,Residential,2394.02,2338.67,55.35,36914.34,666.9257452574525,Q4 (worst),666.93,Q4 worst,2.31
2487,East,Commercial,1711.01,1419.62,291.39,57149.8,196.12821304780536,Q2,196.13,Q2,17.03
2488,West,Residential,646.24,626.03,20.21,44302.5,2192.10786739238,Q4 (worst),2192.11,Q4 worst,3.13
2489,South,Commercial,1711.78,1553.21,158.57,24737.87,156.00599104496436,Q1 (best),156.01,Q1 best,9.26
2490,Central,Industrial,1778.55,1535.45,243.1,68324.2,281.0538872891814,Q2,281.05,Q2,13.67
2491,North,Industrial,651.18,628.32,22.86,45756.9,2001.6141732283465,Q4 (worst),2001.61,Q4 worst,3.51
2492,South,Commercial,1825.03,1723.45,101.58,54224.83,533.8140381964954,Q3,533.81,Q3,5.57
2493,South,Residential,595.88,525.29,70.59,7513.94,106.444822212778,Q1 (best),106.44,Q1 best,11.85
2494,West,Commercial,1329.88,1087.85,242.03,61864.08,255.60500764368055,Q2,255.61,Q2,18.2
2495,East,Industrial,1239.83,1213.5,26.33,69270.13,2630.8442840865937,Q4 (worst),2630.84,Q4 worst,2.12
2496,North,Commercial,2190.23,2040.28,149.95,44733.04,298.3197065688563,Q2,298.32,Q2,6.85
2497,East,Residential,1069.15,1025.54,43.61,47087.25,1079.7351524879614,Q4 (worst),1079.74,Q4 worst,4.08
2498,North,Residential,901.99,748.3,153.69,52603.83,342.2723013859067,Q3,342.27,Q3,17.04
2499,Central,Industrial,990.78,931.66,59.12,72891.65,1232.9440121786197,Q4 (worst),1232.94,Q4 worst,5.97
2500,Central,Residential,2377.98,2074.94,303.04,73898.18,243.8561906019007,Q2,243.86,Q2,12.74
2501,South,Commercial,1450.06,1274.47,175.59,23663.15,134.7636539666268,Q1 (best),134.76,Q1 best,12.11
2502,North,Commercial,2211.85,1877.36,334.49,52896.86,158.14182785733504,Q1 (best),158.14,Q1 best,15.12
2503,South,Residential,505.03,480.33,24.7,42155.41,1706.6967611336033,Q4 (worst),1706.7,Q4 worst,4.89
2504,North,Residential,820.48,756.32,64.16,85858.02,1338.186097256858,Q4 (worst),1338.19,Q4 worst,7.82
2505,North,Residential,715.11,685.32,29.79,87080.07,2923.1309164149047,Q4 (worst),2923.13,Q4 worst,4.17
2506,East,Industrial,539.14,448.03,91.11,11898.26,130.59225112501372,Q1 (best),130.59,Q1 best,16.9
2507,North,Industrial,1090.32,1049.25,41.07,44975.07,1095.0832724616507,Q4 (worst),1095.08,Q4 worst,3.77
2508,West,Commercial,785.31,701.77,83.54,31932.59,382.2431170696672,Q3,382.24,Q3,10.64
2509,West,Residential,2145.75,1842.34,303.41,32664.84,107.65907517880095,Q1 (best),107.66,Q1 best,14.14
2510,North,Residential,1130.26,1102.11,28.15,12860.27,456.8479573712256,Q3,456.85,Q3,2.49
2511,West,Industrial,2029.6,1922.49,107.11,69004.11,644.2359256838764,Q3,644.24,Q3,5.28
2512,West,Residential,956.78,831.71,125.07,15573.79,124.52058847045656,Q1 (best),124.52,Q1 best,13.07
2513,North,Residential,712.21,616.55,95.66,45447.87,475.0979510767301,Q3,475.1,Q3,13.43
2514,North,Commercial,1411.01,1191.27,219.74,79747.25,362.91640120141983,Q3,362.92,Q3,15.57
2515,East,Industrial,648.64,568.56,80.08,82072.44,1024.8806193806195,Q4 (worst),1024.88,Q4 worst,12.35
2516,North,Commercial,2425.7,2081.2,344.5,25094.7,72.84383164005806,Q1 (best),72.84,Q1 best,14.2
2517,South,Residential,2035.03,1843.96,191.07,44398.92,232.36991678442456,Q2,232.37,Q2,9.39
2518,South,Industrial,1551.61,1306.49,245.12,16264.51,66.35325554830287,Q1 (best),66.35,Q1 best,15.8
2519,Central,Commercial,1109.48,1050.06,59.42,62065.82,1044.527431841131,Q4 (worst),1044.53,Q4 worst,5.36
2520,Central,Commercial,729.7,701.01,28.69,89784.15,3129.457999302893,Q4 (worst),3129.46,Q4 worst,3.93
2521,South,Commercial,1571.58,1425.27,146.31,68096.05,465.4230742943066,Q3,465.42,Q3,9.31
2522,East,Industrial,1349.73,1266.48,83.25,84553.77,1015.660900900901,Q4 (worst),1015.66,Q4 worst,6.17
2523,West,Commercial,1547.56,1470.16,77.4,51925.42,670.8710594315245,Q4 (worst),670.87,Q4 worst,5.0
2524,West,Residential,1670.47,1546.63,123.84,7966.21,64.32663113695091,Q1 (best),64.33,Q1 best,7.41
2525,West,Residential,2011.04,1651.67,359.37,65027.26,180.94793666694494,Q2,180.95,Q2,17.87
2526,Central,Commercial,750.66,615.48,135.18,19930.86,147.43941411451397,Q1 (best),147.44,Q1 best,18.01
2527,West,Residential,1526.95,1456.92,70.03,10364.21,147.9967156932743,Q1 (best),148.0,Q1 best,4.59
2528,Central,Commercial,1587.54,1454.32,133.22,72130.34,541.4377721062904,Q3,541.44,Q3,8.39
2529,North,Commercial,2494.63,2351.1,143.53,83035.22,578.5217027799066,Q3,578.52,Q3,5.75
2530,North,Industrial,1696.06,1419.36,276.7,56180.65,203.0381279363932,Q2,203.04,Q2,16.31
2531,East,Industrial,2144.09,1972.79,171.3,28701.89,167.5533566841798,Q1 (best),167.55,Q1 best,7.99
2532,North,Residential,1494.31,1436.29,58.02,26128.37,450.33385039641496,Q3,450.33,Q3,3.88
2533,South,Residential,1247.56,1022.05,225.51,9206.53,40.82537359762317,Q1 (best),40.83,Q1 best,18.08
2534,West,Industrial,554.22,468.34,85.88,5310.81,61.83989287377737,Q1 (best),61.84,Q1 best,15.5
2535,West,Industrial,1036.61,888.62,147.99,62661.0,423.4137441719035,Q3,423.41,Q3,14.28
2536,North,Residential,1991.1,1634.56,356.54,6794.06,19.055533740954733,Q1 (best),19.06,Q1 best,17.91
2537,North,Residential,1533.83,1263.86,269.97,36816.04,136.37085602103937,Q1 (best),136.37,Q1 best,17.6
2538,North,Residential,768.1,621.9,146.2,49215.69,336.6326265389877,Q3,336.63,Q3,19.03
2539,South,Residential,744.86,668.83,76.03,54220.92,713.1516506642115,Q4 (worst),713.15,Q4 worst,10.21
2540,West,Industrial,2139.88,2077.65,62.23,47271.2,759.620761690503,Q4 (worst),759.62,Q4 worst,2.91
2541,West,Industrial,2362.05,2275.63,86.42,48072.74,556.2686878037491,Q3,556.27,Q3,3.66
2542,West,Commercial,2227.41,1837.76,389.65,17239.75,44.24419350699346,Q1 (best),44.24,Q1 best,17.49
2543,South,Commercial,541.53,469.74,71.79,45648.56,635.8623763755397,Q3,635.86,Q3,13.26
2544,West,Residential,1303.43,1187.84,115.59,11484.93,99.35920062289125,Q1 (best),99.36,Q1 best,8.87
2545,West,Industrial,807.11,703.32,103.79,16005.7,154.21235186434146,Q1 (best),154.21,Q1 best,12.86
2546,Central,Residential,1041.26,876.54,164.72,50323.05,305.5066172899466,Q2,305.51,Q2,15.82
2547,Central,Residential,2359.33,2246.25,113.08,54953.35,485.9687831623629,Q3,485.97,Q3,4.79
2548,East,Residential,1727.4,1553.96,173.44,11075.2,63.85608856088562,Q1 (best),63.86,Q1 best,10.04
2549,East,Residential,2192.14,1993.05,199.09,24058.83,120.8439901552062,Q1 (best),120.84,Q1 best,9.08
2550,East,Industrial,713.81,634.38,79.43,85186.99,1072.4787863527633,Q4 (worst),1072.48,Q4 worst,11.13
2551,East,Commercial,1916.22,1831.32,84.9,94565.61,1113.846996466431,Q4 (worst),1113.85,Q4 worst,4.43
2552,East,Commercial,698.76,561.53,137.23,56105.57,408.84332871821033,Q3,408.84,Q3,19.64
2553,East,Residential,841.91,788.04,53.87,85114.84,1580.0044551698534,Q4 (worst),1580.0,Q4 worst,6.4
2554,West,Residential,2391.7,2068.34,323.36,36073.17,111.55730455220187,Q1 (best),111.56,Q1 best,13.52
2555,South,Commercial,1606.08,1372.91,233.17,99640.64,427.33044559763266,Q3,427.33,Q3,14.52
2556,East,Residential,730.76,670.13,60.63,92572.71,1526.8466105888174,Q4 (worst),1526.85,Q4 worst,8.3
2557,West,Residential,2167.57,1917.75,249.82,35767.54,143.17324473621008,Q1 (best),143.17,Q1 best,11.53
2558,South,Residential,922.73,772.83,149.9,6137.69,40.94523015343562,Q1 (best),40.95,Q1 best,16.25
2559,North,Residential,811.88,792.85,19.03,20698.44,1087.674198633736,Q4 (worst),1087.67,Q4 worst,2.34
2560,South,Industrial,1757.4,1465.26,292.14,85402.79,292.3351475320052,Q2,292.34,Q2,16.62
2561,Central,Residential,619.36,549.95,69.41,65488.62,943.5041060365942,Q4 (worst),943.5,Q4 worst,11.21
2562,West,Industrial,1356.84,1088.19,268.65,8933.37,33.25281965382469,Q1 (best),33.25,Q1 best,19.8
2563,North,Residential,1605.37,1552.96,52.41,62239.84,1187.5565731730585,Q4 (worst),1187.56,Q4 worst,3.26
2564,West,Industrial,1821.33,1718.31,103.02,71563.51,694.6564744709765,Q4 (worst),694.66,Q4 worst,5.66
2565,North,Industrial,948.35,848.63,99.72,26316.42,263.90312876052946,Q2,263.9,Q2,10.52
2566,Central,Industrial,1809.53,1562.29,247.24,5550.51,22.449886749716875,Q1 (best),22.45,Q1 best,13.66
2567,East,Residential,1693.82,1638.38,55.44,6419.4,115.79004329004329,Q1 (best),115.79,Q1 best,3.27
2568,Central,Commercial,1778.94,1577.91,201.03,15779.4,78.49276227428741,Q1 (best),78.49,Q1 best,11.3
2569,Central,Commercial,1607.46,1323.14,284.32,73312.4,257.85171637591446,Q2,257.85,Q2,17.69
2570,North,Industrial,1600.49,1459.98,140.51,42467.34,302.2371361468935,Q2,302.24,Q2,8.78
2571,Central,Residential,1713.51,1432.83,280.68,60893.29,216.94915918483682,Q2,216.95,Q2,16.38
2572,West,Residential,1312.49,1113.28,199.21,56249.21,282.3613774408915,Q2,282.36,Q2,15.18
2573,West,Industrial,1499.67,1433.98,65.69,38552.88,586.8911554270056,Q3,586.89,Q3,4.38
2574,North,Commercial,1093.06,880.9,212.16,49595.22,233.76329185520362,Q2,233.76,Q2,19.41
2575,Central,Residential,1960.83,1728.07,232.76,56261.57,241.7149424299708,Q2,241.71,Q2,11.87
2576,Central,Commercial,1705.7,1374.13,331.57,64684.2,195.08459752088547,Q2,195.08,Q2,19.44
2577,Central,Commercial,2436.8,2227.66,209.14,29619.8,141.62666156641484,Q1 (best),141.63,Q1 best,8.58
2578,South,Commercial,2199.02,1945.01,254.01,22114.57,87.06180859021299,Q1 (best),87.06,Q1 best,11.55
2579,South,Industrial,1668.07,1566.51,101.56,62222.69,612.6692595510043,Q3,612.67,Q3,6.09
2580,North,Industrial,2033.29,1760.84,272.45,83802.25,307.58763075793723,Q2,307.59,Q2,13.4
2581,East,Residential,1349.79,1080.16,269.63,69762.71,258.7349701442718,Q2,258.73,Q2,19.98
2582,Central,Residential,2296.26,2003.68,292.58,78833.94,269.4440494907376,Q2,269.44,Q2,12.74
2583,West,Industrial,1058.59,968.14,90.45,19471.0,215.26810392482034,Q2,215.27,Q2,8.54
2584,East,Industrial,1114.29,1067.18,47.11,97872.25,2077.5260029717683,Q4 (worst),2077.53,Q4 worst,4.23
2585,Central,Residential,1238.66,1188.04,50.62,67702.02,1337.455946266298,Q4 (worst),1337.46,Q4 worst,4.09
2586,Central,Industrial,1648.74,1444.21,204.53,50277.83,245.8212976091527,Q2,245.82,Q2,12.41
2587,West,Commercial,658.04,625.65,32.39,70448.5,2175.0077184316146,Q4 (worst),2175.01,Q4 worst,4.92
2588,Central,Industrial,2257.74,2198.63,59.11,36342.31,614.8250718998477,Q3,614.83,Q3,2.62
2589,Central,Residential,1240.02,1084.59,155.43,75979.86,488.8365180467091,Q3,488.84,Q3,12.53
2590,South,Residential,2136.53,2022.73,113.8,76095.53,668.6777680140598,Q4 (worst),668.68,Q4 worst,5.33
2591,West,Commercial,789.14,721.6,67.54,98375.6,1456.553153686704,Q4 (worst),1456.55,Q4 worst,8.56
2592,West,Industrial,765.19,736.71,28.48,19841.87,696.6948735955056,Q4 (worst),696.69,Q4 worst,3.72
2593,South,Residential,1822.17,1623.6,198.57,19133.83,96.35811049000354,Q1 (best),96.36,Q1 best,10.9
2594,South,Residential,2323.53,1966.35,357.18,21396.65,59.904389943445885,Q1 (best),59.9,Q1 best,15.37
2595,North,Commercial,800.36,730.16,70.2,20267.53,288.71125356125356,Q2,288.71,Q2,8.77
2596,South,Industrial,1924.92,1659.63,265.29,86279.96,325.22884390666815,Q2,325.23,Q2,13.78
2597,North,Commercial,1297.06,1073.57,223.49,8374.19,37.47008814712068,Q1 (best),37.47,Q1 best,17.23
2598,West,Commercial,1331.61,1073.86,257.75,63220.71,245.279185257032,Q2,245.28,Q2,19.36
2599,East,Residential,2174.17,1851.26,322.91,63711.52,197.3042643461026,Q2,197.3,Q2,14.85
2600,West,Residential,2072.77,1798.65,274.12,39150.38,142.82204873777906,Q1 (best),142.82,Q1 best,13.22
2601,Central,Commercial,1754.37,1615.76,138.61,69268.8,499.7388355818483,Q3,499.74,Q3,7.9
2602,West,Industrial,1846.19,1792.54,53.65,65048.82,1212.4663560111837,Q4 (worst),1212.47,Q4 worst,2.91
2603,North,Industrial,1297.53,1220.96,76.57,40140.95,524.2386051978582,Q3,524.24,Q3,5.9
2604,West,Industrial,2157.6,2090.92,66.68,20529.84,307.8860227954409,Q2,307.89,Q2,3.09
2605,South,Industrial,611.37,576.34,35.03,34128.43,974.2629174992863,Q4 (worst),974.26,Q4 worst,5.73
2606,Central,Residential,1271.59,1240.64,30.95,23630.28,763.4985460420032,Q4 (worst),763.5,Q4 worst,2.43
2607,Central,Commercial,2093.78,1991.76,102.02,99218.45,972.5392079984317,Q4 (worst),972.54,Q4 worst,4.87
2608,North,Residential,619.08,604.17,14.91,48669.05,3264.188464118042,Q4 (worst),3264.19,Q4 worst,2.41
2609,North,Commercial,826.32,754.65,71.67,77452.78,1080.6862006418305,Q4 (worst),1080.69,Q4 worst,8.67
2610,North,Residential,1442.91,1398.13,44.78,55072.01,1229.8349709691827,Q4 (worst),1229.83,Q4 worst,3.1
2611,South,Industrial,1600.89,1467.25,133.64,48923.17,366.08178689015267,Q3,366.08,Q3,8.35
2612,East,Industrial,1685.87,1445.07,240.8,69536.74,288.7738372093023,Q2,288.77,Q2,14.28
2613,East,Commercial,1317.9,1178.13,139.77,15309.03,109.53015668598411,Q1 (best),109.53,Q1 best,10.61
2614,South,Industrial,996.59,894.12,102.47,83300.86,812.9292475846589,Q4 (worst),812.93,Q4 worst,10.28
2615,Central,Residential,1578.44,1338.91,239.53,91318.08,381.2385922431428,Q3,381.24,Q3,15.18
2616,East,Residential,684.27,625.8,58.47,17318.52,296.19497178040024,Q2,296.19,Q2,8.54
2617,West,Residential,1962.93,1677.26,285.67,67649.33,236.8093604508699,Q2,236.81,Q2,14.55
2618,North,Industrial,1212.55,1063.17,149.38,84581.27,566.2154906948722,Q3,566.22,Q3,12.32
2619,North,Commercial,534.33,457.26,77.07,32857.57,426.33411184637345,Q3,426.33,Q3,14.42
2620,Central,Industrial,666.62,626.56,40.06,90758.43,2265.5624063904143,Q4 (worst),2265.56,Q4 worst,6.01
2621,West,Residential,1114.19,1010.4,103.79,9355.28,90.13662202524328,Q1 (best),90.14,Q1 best,9.32
2622,West,Commercial,1100.69,901.86,198.83,70722.81,355.69486496001605,Q3,355.69,Q3,18.06
2623,Central,Commercial,1928.98,1672.52,256.46,94282.31,367.62968884036496,Q3,367.63,Q3,13.3
2624,East,Residential,2324.32,2169.4,154.92,23897.06,154.25419571391689,Q1 (best),154.25,Q1 best,6.67
2625,East,Industrial,2105.48,1835.56,269.92,93388.34,345.98525489033784,Q3,345.99,Q3,12.82
2626,North,Industrial,1471.26,1296.42,174.84,11702.51,66.93268130862504,Q1 (best),66.93,Q1 best,11.88
2627,East,Industrial,1015.24,955.2,60.04,34668.38,577.4213857428381,Q3,577.42,Q3,5.91
2628,North,Industrial,2102.33,1850.58,251.75,69872.43,277.5468917576961,Q2,277.55,Q2,11.97
2629,South,Industrial,2225.33,1984.26,241.07,75455.96,313.00435558136644,Q2,313.0,Q2,10.83
2630,South,Commercial,714.6,696.01,18.59,61194.48,3291.7955890263584,Q4 (worst),3291.8,Q4 worst,2.6
2631,West,Commercial,1666.29,1544.6,121.69,5033.27,41.361410140521,Q1 (best),41.36,Q1 best,7.3
2632,East,Commercial,2087.18,1741.59,345.59,14163.73,40.98420093173993,Q1 (best),40.98,Q1 best,16.56
2633,East,Residential,2371.72,2085.29,286.43,38487.08,134.36818768983696,Q1 (best),134.37,Q1 best,12.08
2634,West,Commercial,1395.52,1120.48,275.04,55017.38,200.0341041303083,Q2,200.03,Q2,19.71
2635,South,Commercial,1068.27,949.38,118.89,25262.33,212.4849020102616,Q2,212.48,Q2,11.13
2636,West,Residential,786.88,687.71,99.17,16508.78,166.46949682363618,Q1 (best),166.47,Q1 best,12.6
2637,West,Commercial,2459.49,2174.76,284.73,15436.83,54.21567801074702,Q1 (best),54.22,Q1 best,11.58
2638,South,Residential,2412.52,2079.39,333.13,22266.85,66.84132320715636,Q1 (best),66.84,Q1 best,13.81
2639,North,Residential,2168.6,2011.69,156.91,28846.38,183.840290612453,Q2,183.84,Q2,7.24
2640,South,Residential,2354.93,2230.53,124.4,78535.4,631.3135048231511,Q3,631.31,Q3,5.28
2641,West,Industrial,1225.87,989.71,236.16,24479.43,103.65612296747967,Q1 (best),103.66,Q1 best,19.26
2642,South,Industrial,680.12,589.55,90.57,63041.35,696.0511206801369,Q4 (worst),696.05,Q4 worst,13.32
2643,East,Commercial,1841.31,1682.94,158.37,8006.7,50.55692365978405,Q1 (best),50.56,Q1 best,8.6
2644,East,Residential,2401.28,2321.11,80.17,32719.56,408.12722963702134,Q3,408.13,Q3,3.34
2645,West,Commercial,1279.78,1157.63,122.15,57187.71,468.1760949652067,Q3,468.18,Q3,9.54
2646,South,Commercial,768.75,709.9,58.85,66691.99,1133.253865760408,Q4 (worst),1133.25,Q4 worst,7.66
2647,East,Commercial,1089.38,992.38,97.0,38359.99,395.4638144329897,Q3,395.46,Q3,8.9
2648,West,Industrial,1105.31,947.2,158.11,64777.67,409.70001897413186,Q3,409.7,Q3,14.3
2649,East,Commercial,1812.15,1543.88,268.27,60408.21,225.1769113206844,Q2,225.18,Q2,14.8
2650,South,Residential,1265.52,1199.09,66.43,34852.62,524.6518139394851,Q3,524.65,Q3,5.25
2651,South,Industrial,2327.97,2243.6,84.37,35488.63,420.6309114614199,Q3,420.63,Q3,3.62
2652,West,Commercial,2385.43,2093.58,291.85,96722.17,331.41055336645536,Q3,331.41,Q3,12.23
2653,South,Commercial,1003.16,845.82,157.34,44269.22,281.3602389729249,Q2,281.36,Q2,15.68
2654,North,Residential,2212.9,2017.18,195.72,8884.02,45.391477621091354,Q1 (best),45.39,Q1 best,8.84
2655,East,Residential,2036.13,1942.15,93.98,24272.05,258.26824856352414,Q2,258.27,Q2,4.62
2656,East,Commercial,1463.01,1182.53,280.48,33065.17,117.88779948659439,Q1 (best),117.89,Q1 best,19.17
2657,West,Residential,1742.37,1456.44,285.93,66727.32,233.36942608330713,Q2,233.37,Q2,16.41
2658,East,Residential,1657.11,1527.13,129.98,45515.01,350.1693337436529,Q3,350.17,Q3,7.84
2659,West,Industrial,1655.47,1381.17,274.3,83983.11,306.1724753919067,Q2,306.17,Q2,16.57
2660,West,Industrial,1156.57,1108.9,47.67,50162.73,1052.291378225299,Q4 (worst),1052.29,Q4 worst,4.12
2661,West,Industrial,1649.99,1484.27,165.72,67463.53,407.09347091479606,Q3,407.09,Q3,10.04
2662,West,Industrial,1985.39,1744.05,241.34,43796.26,181.4712024529709,Q2,181.47,Q2,12.16
2663,Central,Residential,2456.16,2029.32,426.84,85134.21,199.45227719988756,Q2,199.45,Q2,17.38
2664,West,Residential,1036.14,850.71,185.43,15960.85,86.07479911556922,Q1 (best),86.07,Q1 best,17.9
2665,Central,Residential,2230.51,1921.73,308.78,43205.83,139.9243150463113,Q1 (best),139.92,Q1 best,13.84
2666,West,Industrial,953.08,763.13,189.95,73663.83,387.80642274282707,Q3,387.81,Q3,19.93
2667,East,Commercial,2410.34,2189.75,220.59,78410.86,355.4597216555601,Q3,355.46,Q3,9.15
2668,West,Commercial,1673.07,1455.67,217.4,23299.89,107.17520699172033,Q1 (best),107.18,Q1 best,12.99
2669,East,Commercial,672.93,544.14,128.79,97246.17,755.0754716981132,Q4 (worst),755.08,Q4 worst,19.14
2670,East,Industrial,1631.83,1397.09,234.74,20499.63,87.329087501065,Q1 (best),87.33,Q1 best,14.39
2671,West,Residential,1717.04,1616.31,100.73,34605.27,343.5448227936066,Q3,343.54,Q3,5.87
2672,East,Residential,850.23,806.53,43.7,48207.32,1103.1423340961098,Q4 (worst),1103.14,Q4 worst,5.14
2673,West,Industrial,504.58,413.25,91.33,39583.05,433.4068761633637,Q3,433.41,Q3,18.1
2674,South,Commercial,1491.17,1234.91,256.26,23614.24,92.14953562787795,Q1 (best),92.15,Q1 best,17.19
2675,North,Industrial,1395.7,1236.72,158.98,65119.4,409.60749779846526,Q3,409.61,Q3,11.39
2676,West,Commercial,1570.1,1424.32,145.78,76407.08,524.1259432020853,Q3,524.13,Q3,9.28
2677,East,Residential,1131.56,1045.19,86.37,12884.24,149.17494500405232,Q1 (best),149.17,Q1 best,7.63
2678,East,Industrial,1116.1,1073.07,43.03,90319.59,2098.991168951894,Q4 (worst),2098.99,Q4 worst,3.86
2679,Central,Residential,2017.57,1620.39,397.18,20021.58,50.40933581751347,Q1 (best),50.41,Q1 best,19.69
2680,East,Residential,532.45,438.87,93.58,60587.15,647.4369523402437,Q3,647.44,Q3,17.58
2681,North,Residential,2087.6,1870.09,217.51,11036.7,50.74111535101835,Q1 (best),50.74,Q1 best,10.42
2682,East,Industrial,1193.32,1159.04,34.28,34745.78,1013.5875145857642,Q4 (worst),1013.59,Q4 worst,2.87
2683,East,Residential,1899.86,1537.96,361.9,75135.22,207.61320806852723,Q2,207.61,Q2,19.05
2684,Central,Residential,2408.82,2127.54,281.28,34343.8,122.09826507394769,Q1 (best),122.1,Q1 best,11.68
2685,East,Residential,2451.05,2032.33,418.72,18844.26,45.004442109285435,Q1 (best),45.0,Q1 best,17.08
2686,East,Residential,556.94,473.77,83.17,87822.7,1055.9420464109655,Q4 (worst),1055.94,Q4 worst,14.93
2687,East,Commercial,1263.51,1069.02,194.49,62481.58,321.25857370558896,Q2,321.26,Q2,15.39
2688,West,Commercial,1062.24,969.32,92.92,94722.02,1019.3932414980628,Q4 (worst),1019.39,Q4 worst,8.75
2689,South,Industrial,639.68,572.81,66.87,55303.49,827.0299087782263,Q4 (worst),827.03,Q4 worst,10.45
2690,Central,Industrial,534.67,442.55,92.12,37703.04,409.2818063395571,Q3,409.28,Q3,17.23
2691,Central,Industrial,1283.35,1105.83,177.52,6422.13,36.176937809824246,Q1 (best),36.18,Q1 best,13.83
2692,Central,Industrial,1327.09,1143.0,184.09,12218.08,66.37014503775328,Q1 (best),66.37,Q1 best,13.87
2693,South,Residential,1794.39,1600.93,193.46,77499.65,400.5977979944174,Q3,400.6,Q3,10.78
2694,Central,Industrial,1686.43,1647.83,38.6,71325.17,1847.8023316062174,Q4 (worst),1847.8,Q4 worst,2.29
2695,South,Industrial,2240.48,1819.83,420.65,20864.07,49.599595863544515,Q1 (best),49.6,Q1 best,18.77
2696,Central,Commercial,2153.37,1934.67,218.7,99736.99,456.04476451760405,Q3,456.04,Q3,10.16
2697,South,Industrial,1081.02,935.19,145.83,51721.61,354.67057532743604,Q3,354.67,Q3,13.49
2698,West,Industrial,2201.19,1830.3,370.89,10422.62,28.101647388713637,Q1 (best),28.1,Q1 best,16.85
2699,South,Commercial,927.63,822.85,104.78,22099.82,210.916396258828,Q2,210.92,Q2,11.3
2700,West,Residential,1937.34,1891.07,46.27,83515.05,1804.9502917657228,Q4 (worst),1804.95,Q4 worst,2.39
2701,Central,Residential,616.85,524.1,92.75,54235.43,584.7485714285714,Q3,584.75,Q3,15.04
2702,West,Industrial,2244.44,2195.55,48.89,59099.62,1208.8283902638577,Q4 (worst),1208.83,Q4 worst,2.18
2703,North,Industrial,1814.87,1468.47,346.4,20883.5,60.28724018475751,Q1 (best),60.29,Q1 best,19.09
2704,Central,Industrial,2402.25,2165.0,237.25,44169.0,186.17070600632243,Q2,186.17,Q2,9.88
2705,Central,Residential,2208.63,1822.48,386.15,93540.17,242.23791272821444,Q2,242.24,Q2,17.48
2706,West,Residential,916.46,834.68,81.78,18589.29,227.3085106382979,Q2,227.31,Q2,8.92
2707,North,Commercial,1980.88,1866.96,113.92,44764.31,392.9451369382022,Q3,392.95,Q3,5.75
2708,West,Residential,1541.22,1446.09,95.13,56074.47,589.4509618416904,Q3,589.45,Q3,6.17
2709,West,Residential,1985.71,1624.7,361.01,19669.39,54.484335613971915,Q1 (best),54.48,Q1 best,18.18
2710,West,Industrial,1358.18,1090.02,268.16,39533.21,147.42396330548925,Q1 (best),147.42,Q1 best,19.74
2711,South,Residential,1850.63,1732.41,118.22,59845.73,506.22339705633567,Q3,506.22,Q3,6.39
2712,East,Residential,681.97,570.82,111.15,49947.39,449.36923076923074,Q3,449.37,Q3,16.3
2713,South,Commercial,1112.48,1003.8,108.68,22003.05,202.45721383879277,Q2,202.46,Q2,9.77
2714,North,Industrial,1175.04,1012.32,162.72,35696.1,219.37131268436576,Q2,219.37,Q2,13.85
2715,East,Commercial,874.08,790.31,83.77,38851.37,463.7862003103737,Q3,463.79,Q3,9.58
2716,South,Residential,1533.69,1338.42,195.27,72617.68,371.8834434372919,Q3,371.88,Q3,12.73
2717,West,Residential,2136.77,2050.37,86.4,24972.39,289.03229166666665,Q2,289.03,Q2,4.04
2718,North,Residential,1324.69,1172.89,151.8,8347.48,54.989986824769424,Q1 (best),54.99,Q1 best,11.46
2719,East,Industrial,2387.01,2221.47,165.54,70737.08,427.31110305666306,Q3,427.31,Q3,6.94
2720,North,Commercial,736.04,616.12,119.92,93804.46,782.2253168779187,Q4 (worst),782.23,Q4 worst,16.29
2721,North,Residential,1819.02,1770.97,48.05,33815.36,703.7535900104059,Q4 (worst),703.75,Q4 worst,2.64
2722,North,Industrial,825.81,736.09,89.72,75636.65,843.0299821667409,Q4 (worst),843.03,Q4 worst,10.86
2723,North,Industrial,1222.99,1025.25,197.74,45565.42,230.43096996055425,Q2,230.43,Q2,16.17
2724,East,Commercial,1513.95,1283.79,230.16,14448.24,62.7747653806048,Q1 (best),62.77,Q1 best,15.2
2725,East,Residential,2032.15,1722.83,309.32,70859.7,229.0821802663908,Q2,229.08,Q2,15.22
2726,West,Residential,1018.15,981.87,36.28,68770.76,1895.5556780595368,Q4 (worst),1895.56,Q4 worst,3.56
2727,Central,Residential,1267.62,1086.28,181.34,77651.87,428.21148119554425,Q3,428.21,Q3,14.31
2728,East,Commercial,1010.99,819.07,191.92,20436.23,106.48306586077533,Q1 (best),106.48,Q1 best,18.98
2729,East,Residential,2478.17,2281.32,196.85,29815.45,151.46278892557785,Q1 (best),151.46,Q1 best,7.94
2730,Central,Industrial,1304.95,1064.04,240.91,38075.05,158.04678095554357,Q1 (best),158.05,Q1 best,18.46
2731,Central,Industrial,1765.21,1459.62,305.59,11032.2,36.10131221571387,Q1 (best),36.1,Q1 best,17.31
2732,West,Industrial,1758.68,1654.81,103.87,7901.2,76.06816212573409,Q1 (best),76.07,Q1 best,5.91
2733,West,Industrial,1473.75,1386.7,87.05,17996.21,206.73417576105686,Q2,206.73,Q2,5.91
2734,North,Industrial,1820.84,1563.18,257.66,8747.82,33.951020724986414,Q1 (best),33.95,Q1 best,14.15
2735,North,Industrial,1543.45,1489.18,54.27,15220.62,280.4610281923715,Q2,280.46,Q2,3.52
2736,South,Commercial,2122.17,1943.78,178.39,34682.05,194.4170076798027,Q2,194.42,Q2,8.41
2737,North,Residential,2098.14,2024.45,73.69,40332.49,547.3265029176279,Q3,547.33,Q3,3.51
2738,West,Commercial,540.78,523.1,17.68,64543.16,3650.6312217194572,Q4 (worst),3650.63,Q4 worst,3.27
2739,South,Residential,1970.93,1928.87,42.06,94848.11,2255.066809320019,Q4 (worst),2255.07,Q4 worst,2.13
2740,West,Residential,916.43,761.58,154.85,62492.53,403.5681627381337,Q3,403.57,Q3,16.9
2741,Central,Industrial,574.05,498.63,75.42,59858.38,793.6671970299655,Q4 (worst),793.67,Q4 worst,13.14
2742,North,Residential,1807.27,1625.03,182.24,32552.37,178.62362818261633,Q2,178.62,Q2,10.08
2743,South,Industrial,750.77,666.26,84.51,94662.99,1120.1395101171458,Q4 (worst),1120.14,Q4 worst,11.26
2744,Central,Industrial,1908.34,1861.0,47.34,8362.91,176.6563160118293,Q2,176.66,Q2,2.48
2745,North,Industrial,1684.09,1577.14,106.95,91983.51,860.0608695652173,Q4 (worst),860.06,Q4 worst,6.35
2746,East,Commercial,647.22,550.41,96.81,19976.05,206.3428364838343,Q2,206.34,Q2,14.96
2747,Central,Commercial,1674.07,1395.34,278.73,30282.63,108.64503282746743,Q1 (best),108.65,Q1 best,16.65
2748,West,Residential,1082.67,1030.16,52.51,10255.43,195.3043229860979,Q2,195.3,Q2,4.85
2749,East,Commercial,1779.08,1610.96,168.12,89485.21,532.2698667618369,Q3,532.27,Q3,9.45
2750,North,Commercial,2278.95,2009.2,269.75,9773.66,36.23228915662651,Q1 (best),36.23,Q1 best,11.84
2751,Central,Industrial,884.3,759.78,124.52,58813.22,472.319466752329,Q3,472.32,Q3,14.08
2752,South,Commercial,548.83,532.31,16.52,19761.43,1196.2124697336562,Q4 (worst),1196.21,Q4 worst,3.01
2753,East,Industrial,659.56,596.01,63.55,23417.8,368.49409913453974,Q3,368.49,Q3,9.64
2754,South,Commercial,1344.7,1276.06,68.64,16257.28,236.84848484848484,Q2,236.85,Q2,5.1
2755,North,Commercial,935.71,795.31,140.4,56121.3,399.724358974359,Q3,399.72,Q3,15.0
2756,North,Industrial,728.78,616.12,112.66,59865.86,531.3852298952601,Q3,531.39,Q3,15.46
2757,East,Industrial,878.26,855.63,22.63,19284.24,852.1537781705701,Q4 (worst),852.15,Q4 worst,2.58
2758,West,Industrial,2316.63,2117.8,198.83,88873.93,446.9845093798722,Q3,446.98,Q3,8.58
2759,South,Industrial,1040.66,875.92,164.74,17724.57,107.59117397110597,Q1 (best),107.59,Q1 best,15.83
2760,North,Residential,2348.42,2266.03,82.39,43392.65,526.6737468139337,Q3,526.67,Q3,3.51
2761,Central,Residential,543.15,482.86,60.29,68688.33,1139.2988887045944,Q4 (worst),1139.3,Q4 worst,11.1
2762,Central,Industrial,815.8,675.79,140.01,72106.5,515.0096421684166,Q3,515.01,Q3,17.16
2763,North,Industrial,1415.91,1283.37,132.54,74313.63,560.6883205070168,Q3,560.69,Q3,9.36
2764,Central,Commercial,2142.49,2076.97,65.52,95776.92,1461.7967032967033,Q4 (worst),1461.8,Q4 worst,3.06
2765,West,Commercial,945.96,759.38,186.58,12541.23,67.21636831386,Q1 (best),67.22,Q1 best,19.72
2766,Central,Residential,2272.54,2113.61,158.93,68527.65,431.1813376958409,Q3,431.18,Q3,6.99
2767,South,Industrial,635.39,554.21,81.18,68783.28,847.2934220251293,Q4 (worst),847.29,Q4 worst,12.78
2768,East,Industrial,582.25,489.59,92.66,49939.09,538.9498165335635,Q3,538.95,Q3,15.91
2769,North,Commercial,2005.66,1678.68,326.98,75694.2,231.49489265398492,Q2,231.49,Q2,16.3
2770,North,Industrial,958.02,923.0,35.02,68294.6,1950.1599086236436,Q4 (worst),1950.16,Q4 worst,3.66
2771,East,Residential,792.14,651.27,140.87,5781.99,41.044864059061545,Q1 (best),41.04,Q1 best,17.78
2772,West,Residential,1695.19,1551.63,143.56,70912.02,493.9538868765673,Q3,493.95,Q3,8.47
2773,Central,Residential,887.11,832.6,54.51,72547.55,1330.9035039442306,Q4 (worst),1330.9,Q4 worst,6.14
2774,North,Residential,2103.82,1695.98,407.84,31348.85,76.86556002353865,Q1 (best),76.87,Q1 best,19.39
2775,South,Residential,1367.0,1204.17,162.83,21936.72,134.72161149665294,Q1 (best),134.72,Q1 best,11.91
2776,West,Industrial,724.72,679.02,45.7,36669.24,802.3903719912472,Q4 (worst),802.39,Q4 worst,6.31
2777,West,Residential,1939.55,1797.52,142.03,38393.66,270.32077730057034,Q2,270.32,Q2,7.32
2778,West,Residential,2476.23,2065.17,411.06,82185.45,199.93541088892133,Q2,199.94,Q2,16.6
2779,North,Industrial,1416.35,1272.6,143.75,5967.08,41.51012173913043,Q1 (best),41.51,Q1 best,10.15
2780,South,Industrial,856.33,728.43,127.9,79657.72,622.8125097732603,Q3,622.81,Q3,14.94
2781,West,Residential,639.54,603.42,36.12,58750.14,1626.5265780730897,Q4 (worst),1626.53,Q4 worst,5.65
2782,Central,Residential,1518.36,1353.26,165.1,44094.14,267.0753482737735,Q2,267.08,Q2,10.87
2783,West,Residential,1732.96,1436.58,296.38,43949.74,148.28848100411633,Q1 (best),148.29,Q1 best,17.1
2784,Central,Commercial,1123.19,1040.93,82.26,86347.39,1049.6886700705081,Q4 (worst),1049.69,Q4 worst,7.32
2785,North,Industrial,1921.14,1595.35,325.79,19499.9,59.85420055864207,Q1 (best),59.85,Q1 best,16.96
2786,East,Residential,707.49,662.72,44.77,37833.49,845.0634353361625,Q4 (worst),845.06,Q4 worst,6.33
2787,South,Industrial,1448.99,1332.57,116.42,85052.55,730.5664834220925,Q4 (worst),730.57,Q4 worst,8.03
2788,East,Industrial,1832.77,1758.23,74.54,71714.08,962.0885430641266,Q4 (worst),962.09,Q4 worst,4.07
2789,Central,Commercial,952.98,872.47,80.51,16833.66,209.0878151782387,Q2,209.09,Q2,8.45
2790,West,Industrial,995.57,902.24,93.33,45380.77,486.23990142505085,Q3,486.24,Q3,9.37
2791,West,Industrial,2499.55,2356.11,143.44,85241.55,594.2662437255996,Q3,594.27,Q3,5.74
2792,West,Industrial,987.74,797.15,190.59,43914.4,230.41292827535548,Q2,230.41,Q2,19.3
2793,North,Industrial,561.6,541.27,20.33,71100.91,3497.339399901624,Q4 (worst),3497.34,Q4 worst,3.62
2794,South,Industrial,682.36,580.11,102.25,80109.27,783.4647432762837,Q4 (worst),783.46,Q4 worst,14.98
2795,Central,Commercial,1395.83,1227.01,168.82,23996.24,142.140978557043,Q1 (best),142.14,Q1 best,12.09
2796,Central,Residential,811.69,666.77,144.92,40140.09,276.9810240132487,Q2,276.98,Q2,17.85
2797,Central,Commercial,2229.37,1924.56,304.81,14784.39,48.503625209146676,Q1 (best),48.5,Q1 best,13.67
2798,North,Commercial,857.66,804.07,53.59,5667.21,105.75125956335137,Q1 (best),105.75,Q1 best,6.25
2799,North,Industrial,1547.82,1437.89,109.93,49553.46,450.77285545347036,Q3,450.77,Q3,7.1
2800,West,Commercial,1697.62,1415.79,281.83,79900.89,283.5073980768549,Q2,283.51,Q2,16.6
2801,North,Industrial,1626.87,1315.67,311.2,85072.56,273.3694087403599,Q2,273.37,Q2,19.13
2802,Central,Residential,1645.94,1359.98,285.96,35614.4,124.54329276821935,Q1 (best),124.54,Q1 best,17.37
2803,West,Commercial,2481.72,2391.38,90.34,23114.24,255.8583130396281,Q2,255.86,Q2,3.64
2804,North,Industrial,1411.91,1380.28,31.63,94912.44,3000.709453050901,Q4 (worst),3000.71,Q4 worst,2.24
2805,West,Commercial,1872.56,1787.31,85.25,65288.46,765.8470381231672,Q4 (worst),765.85,Q4 worst,4.55
2806,West,Residential,1964.38,1631.63,332.75,17835.41,53.60003005259203,Q1 (best),53.6,Q1 best,16.94
2807,South,Residential,723.16,601.63,121.53,21080.39,173.4583230478071,Q2,173.46,Q2,16.81
2808,West,Residential,986.68,917.87,68.81,99664.54,1448.4019764569102,Q4 (worst),1448.4,Q4 worst,6.97
2809,South,Industrial,2411.68,2106.7,304.98,60612.3,198.74188471375172,Q2,198.74,Q2,12.65
2810,West,Industrial,700.26,617.21,83.05,53609.87,645.5131848284167,Q3,645.51,Q3,11.86
2811,East,Industrial,1478.18,1354.13,124.05,73630.71,593.5567110036276,Q3,593.56,Q3,8.39
2812,Central,Residential,506.01,452.06,53.95,46147.52,855.3757182576459,Q4 (worst),855.38,Q4 worst,10.66
2813,Central,Residential,2388.33,2202.84,185.49,30898.47,166.5775513504771,Q1 (best),166.58,Q1 best,7.77
2814,Central,Residential,663.17,647.52,15.65,97820.11,6250.486261980831,Q4 (worst),6250.49,Q4 worst,2.36
2815,West,Residential,1980.62,1631.76,348.86,28885.84,82.80066502321849,Q1 (best),82.8,Q1 best,17.61
2816,West,Residential,2112.54,1840.37,272.17,77039.84,283.05779476062753,Q2,283.06,Q2,12.88
2817,North,Commercial,2052.76,1791.63,261.13,77989.79,298.6626967410868,Q2,298.66,Q2,12.72
2818,South,Residential,1633.2,1401.86,231.34,65855.4,284.6693178870926,Q2,284.67,Q2,14.16
2819,South,Commercial,2365.85,2305.86,59.99,37923.06,632.1563593932322,Q3,632.16,Q3,2.54
2820,North,Industrial,1852.34,1614.54,237.8,69426.94,291.9551724137931,Q2,291.96,Q2,12.84
2821,East,Residential,1747.62,1627.21,120.41,80083.93,665.0936799269164,Q4 (worst),665.09,Q4 worst,6.89
2822,Central,Residential,2360.51,2217.04,143.47,92277.19,643.1810831532725,Q3,643.18,Q3,6.08
2823,North,Commercial,1883.33,1554.69,328.64,42707.3,129.95161879259982,Q1 (best),129.95,Q1 best,17.45
2824,North,Commercial,1414.77,1318.92,95.85,96078.38,1002.3826812728222,Q4 (worst),1002.38,Q4 worst,6.77
2825,Central,Residential,1547.34,1334.33,213.01,50206.92,235.70217360687292,Q2,235.7,Q2,13.77
2826,Central,Commercial,1588.36,1363.43,224.93,51149.26,227.40079135731116,Q2,227.4,Q2,14.16
2827,West,Residential,1067.14,1021.28,45.86,25640.34,559.1003052769298,Q3,559.1,Q3,4.3
2828,South,Residential,1707.07,1552.65,154.42,30519.06,197.63670509001426,Q2,197.64,Q2,9.05
2829,West,Industrial,2408.87,2010.19,398.68,25620.94,64.26442259456205,Q1 (best),64.26,Q1 best,16.55
2830,South,Residential,1214.43,1071.69,142.74,25647.9,179.682639764607,Q2,179.68,Q2,11.75
2831,South,Industrial,800.1,674.29,125.81,30670.56,243.7847547889675,Q2,243.78,Q2,15.72
2832,North,Residential,1639.01,1450.08,188.93,91483.75,484.2203461599534,Q3,484.22,Q3,11.53
2833,East,Industrial,1350.32,1299.36,50.96,36716.27,720.4919544740973,Q4 (worst),720.49,Q4 worst,3.77
2834,West,Commercial,2345.66,2219.58,126.08,90410.49,717.088277284264,Q4 (worst),717.09,Q4 worst,5.38
2835,South,Residential,1713.67,1671.65,42.02,13655.19,324.96882436934794,Q2,324.97,Q2,2.45
2836,North,Residential,775.03,660.79,114.24,22892.83,200.39241946778714,Q2,200.39,Q2,14.74
2837,South,Commercial,1227.8,1145.28,82.52,19375.82,234.80150266602035,Q2,234.8,Q2,6.72
2838,Central,Commercial,1762.03,1513.07,248.96,48111.74,193.25088367609254,Q2,193.25,Q2,14.13
2839,West,Residential,544.49,530.0,14.49,84032.06,5799.314009661835,Q4 (worst),5799.31,Q4 worst,2.66
2840,North,Residential,1325.68,1242.14,83.54,53927.2,645.5254967680153,Q3,645.53,Q3,6.3
2841,North,Residential,2107.02,1787.82,319.2,41550.74,130.17149122807018,Q1 (best),130.17,Q1 best,15.15
2842,South,Residential,1716.96,1621.79,95.17,94933.24,997.5122412524955,Q4 (worst),997.51,Q4 worst,5.54
2843,South,Industrial,2002.44,1813.59,188.85,81616.45,432.1760656605772,Q3,432.18,Q3,9.43
2844,Central,Commercial,1084.48,1048.61,35.87,87986.42,2452.9250069696127,Q4 (worst),2452.93,Q4 worst,3.31
2845,North,Residential,1214.84,1174.29,40.55,13413.18,330.7812577065352,Q3,330.78,Q3,3.34
2846,South,Commercial,641.0,514.63,126.37,14944.94,118.26335364406108,Q1 (best),118.26,Q1 best,19.71
2847,East,Commercial,1045.86,999.22,46.64,6548.46,140.40437392795883,Q1 (best),140.4,Q1 best,4.46
2848,West,Industrial,825.38,776.24,49.14,80640.78,1641.041514041514,Q4 (worst),1641.04,Q4 worst,5.95
2849,North,Industrial,1456.5,1285.67,170.83,13082.79,76.58367968155476,Q1 (best),76.58,Q1 best,11.73
2850,Central,Commercial,2130.71,1983.36,147.35,61856.39,419.7922633186291,Q3,419.79,Q3,6.92
2851,East,Industrial,878.86,750.95,127.91,40043.85,313.06270033617386,Q2,313.06,Q2,14.55
2852,South,Industrial,827.08,777.7,49.38,25542.92,517.2725799918995,Q3,517.27,Q3,5.97
2853,South,Commercial,1482.95,1369.15,113.8,46465.38,408.307381370826,Q3,408.31,Q3,7.67
2854,North,Industrial,1963.33,1700.89,262.44,27416.1,104.46616369455874,Q1 (best),104.47,Q1 best,13.37
2855,East,Commercial,933.23,823.74,109.49,12628.49,115.33920906018815,Q1 (best),115.34,Q1 best,11.73
2856,South,Commercial,2050.01,1929.08,120.93,66165.28,547.1370214173488,Q3,547.14,Q3,5.9
2857,South,Residential,2099.19,1832.99,266.2,74882.99,281.30349361382423,Q2,281.3,Q2,12.68
2858,East,Residential,1286.99,1037.34,249.65,51380.58,205.8104546364911,Q2,205.81,Q2,19.4
2859,East,Industrial,596.52,498.78,97.74,38772.08,396.68590137098425,Q3,396.69,Q3,16.39
2860,West,Commercial,608.16,508.12,100.04,53956.89,539.3531587365054,Q3,539.35,Q3,16.45
2861,North,Residential,553.23,524.5,28.73,11159.72,388.4343891402715,Q3,388.43,Q3,5.19
2862,Central,Residential,2062.89,1679.76,383.13,47792.5,124.74225458721583,Q1 (best),124.74,Q1 best,18.57
2863,South,Residential,1852.61,1601.84,250.77,24954.9,99.51309965306855,Q1 (best),99.51,Q1 best,13.54
2864,North,Residential,1564.84,1400.77,164.07,25515.82,155.5178887060401,Q1 (best),155.52,Q1 best,10.48
2865,South,Commercial,2462.67,2036.35,426.32,88056.1,206.5493056858698,Q2,206.55,Q2,17.31
2866,West,Commercial,1010.21,922.91,87.3,87391.67,1001.0500572737686,Q4 (worst),1001.05,Q4 worst,8.64
2867,South,Residential,562.03,543.02,19.01,24484.54,1287.982114676486,Q4 (worst),1287.98,Q4 worst,3.38
2868,East,Industrial,2157.65,1825.68,331.97,66397.33,200.0100310269,Q2,200.01,Q2,15.39
2869,North,Industrial,852.54,797.93,54.61,54254.33,993.4870902765061,Q4 (worst),993.49,Q4 worst,6.41
2870,North,Commercial,837.92,724.31,113.61,34349.29,302.34389578382184,Q2,302.34,Q2,13.56
2871,North,Industrial,2059.29,1788.01,271.28,73614.32,271.3591860808022,Q2,271.36,Q2,13.17
2872,West,Commercial,1104.06,1074.78,29.28,53318.06,1820.971994535519,Q4 (worst),1820.97,Q4 worst,2.65
2873,Central,Industrial,1238.15,1012.1,226.05,24504.6,108.4034505640345,Q1 (best),108.4,Q1 best,18.26
2874,North,Industrial,1025.82,937.54,88.28,39187.74,443.9028092433167,Q3,443.9,Q3,8.61
2875,South,Industrial,529.14,477.14,52.0,90977.0,1749.5576923076924,Q4 (worst),1749.56,Q4 worst,9.83
2876,West,Commercial,1528.81,1453.57,75.24,89381.59,1187.9530834662414,Q4 (worst),1187.95,Q4 worst,4.92
2877,West,Industrial,1427.03,1361.17,65.86,96562.19,1466.1735499544488,Q4 (worst),1466.17,Q4 worst,4.62
2878,South,Industrial,1978.81,1761.5,217.31,87001.5,400.35663338088443,Q3,400.36,Q3,10.98
2879,West,Industrial,1380.65,1140.72,239.93,41591.08,173.34672612845412,Q2,173.35,Q2,17.38
2880,South,Residential,2235.75,2148.75,87.0,67802.46,779.3386206896553,Q4 (worst),779.34,Q4 worst,3.89
2881,South,Commercial,515.33,457.29,58.04,75785.42,1305.7446588559615,Q4 (worst),1305.74,Q4 worst,11.26
2882,East,Industrial,946.66,846.49,100.17,53350.46,532.5991813916343,Q3,532.6,Q3,10.58
2883,Central,Commercial,1616.1,1562.49,53.61,63043.91,1175.9729528073121,Q4 (worst),1175.97,Q4 worst,3.32
2884,Central,Residential,1106.76,1009.04,97.72,7159.44,73.2648383135489,Q1 (best),73.26,Q1 best,8.83
2885,West,Commercial,1058.26,1026.55,31.71,38911.35,1227.100283822138,Q4 (worst),1227.1,Q4 worst,3.0
2886,Central,Industrial,1031.55,927.26,104.29,79468.07,761.9912743311919,Q4 (worst),761.99,Q4 worst,10.11
2887,South,Residential,2178.84,2128.15,50.69,74418.07,1468.1015979483134,Q4 (worst),1468.1,Q4 worst,2.33
2888,South,Industrial,2014.1,1652.98,361.12,29402.97,81.42160500664599,Q1 (best),81.42,Q1 best,17.93
2889,East,Commercial,1988.57,1880.73,107.84,39481.79,366.1145215133531,Q3,366.11,Q3,5.42
2890,South,Industrial,514.83,468.82,46.01,23529.57,511.4012171267116,Q3,511.4,Q3,8.94
2891,Central,Commercial,1822.13,1619.79,202.34,41122.78,203.2360383512899,Q2,203.24,Q2,11.1
2892,East,Commercial,546.13,518.65,27.48,30895.5,1124.2903930131004,Q4 (worst),1124.29,Q4 worst,5.03
2893,East,Residential,826.31,806.31,20.0,44560.5,2228.025,Q4 (worst),2228.02,Q4 worst,2.42
2894,North,Residential,642.46,593.17,49.29,49944.04,1013.269222966119,Q4 (worst),1013.27,Q4 worst,7.67
2895,North,Commercial,1569.75,1314.6,255.15,11624.83,45.560768175582986,Q1 (best),45.56,Q1 best,16.25
2896,East,Residential,1202.2,1030.53,171.67,37961.52,221.13077415972506,Q2,221.13,Q2,14.28
2897,North,Commercial,1236.0,1127.15,108.85,73827.76,678.2522737712449,Q4 (worst),678.25,Q4 worst,8.81
2898,East,Commercial,587.49,548.29,39.2,42354.13,1080.4624999999999,Q4 (worst),1080.46,Q4 worst,6.67
2899,Central,Commercial,1994.9,1611.47,383.43,43120.13,112.45893644211459,Q1 (best),112.46,Q1 best,19.22
2900,East,Industrial,681.65,624.03,57.62,40370.05,700.625650815689,Q4 (worst),700.63,Q4 worst,8.45
2901,West,Commercial,1070.91,955.46,115.45,16644.87,144.17384148982242,Q1 (best),144.17,Q1 best,10.78
2902,East,Industrial,995.08,955.44,39.64,14250.25,359.49167507568114,Q3,359.49,Q3,3.98
2903,East,Residential,2354.25,2076.63,277.62,24110.99,86.84889417188964,Q1 (best),86.85,Q1 best,11.79
2904,South,Commercial,2175.5,1834.01,341.49,75243.76,220.33957070485224,Q2,220.34,Q2,15.7
2905,South,Residential,2212.41,1855.84,356.57,41940.29,117.62147684886558,Q1 (best),117.62,Q1 best,16.12
2906,South,Commercial,1871.17,1812.51,58.66,14225.98,242.51585407432663,Q2,242.52,Q2,3.13
2907,Central,Residential,2259.97,2059.92,200.05,44538.77,222.63819045238688,Q2,222.64,Q2,8.85
2908,North,Commercial,2304.21,1845.2,459.01,96775.76,210.83584235637568,Q2,210.84,Q2,19.92
2909,West,Residential,745.6,635.38,110.22,27264.15,247.36118671747417,Q2,247.36,Q2,14.78
2910,East,Commercial,803.83,659.69,144.14,96976.29,672.7923546551964,Q4 (worst),672.79,Q4 worst,17.93
2911,North,Commercial,1676.3,1506.52,169.78,91873.64,541.1334668394393,Q3,541.13,Q3,10.13
2912,East,Industrial,1956.05,1573.99,382.06,36424.41,95.33688425901691,Q1 (best),95.34,Q1 best,19.53
2913,South,Commercial,783.8,760.36,23.44,18149.35,774.289675767918,Q4 (worst),774.29,Q4 worst,2.99
2914,East,Commercial,602.02,499.08,102.94,60206.37,584.8685642121625,Q3,584.87,Q3,17.1
2915,South,Industrial,1847.2,1706.33,140.87,72044.36,511.4244338752041,Q3,511.42,Q3,7.63
2916,Central,Commercial,1035.56,898.4,137.16,54027.05,393.89800233304175,Q3,393.9,Q3,13.25
2917,Central,Industrial,1521.65,1290.32,231.33,78200.42,338.0470323779881,Q3,338.05,Q3,15.2
2918,East,Residential,1119.66,951.57,168.09,89407.02,531.8996965911119,Q3,531.9,Q3,15.01
2919,Central,Industrial,982.45,910.88,71.57,95116.01,1328.992734385916,Q4 (worst),1328.99,Q4 worst,7.28
2920,East,Industrial,2068.94,1764.86,304.08,60937.71,200.40025651144435,Q2,200.4,Q2,14.7
2921,South,Commercial,2024.77,1621.06,403.71,33922.08,84.02586014713533,Q1 (best),84.03,Q1 best,19.94
2922,East,Industrial,1390.88,1151.48,239.4,72492.05,302.8072263993317,Q2,302.81,Q2,17.21
2923,East,Residential,513.2,477.66,35.54,77629.23,2184.277715250422,Q4 (worst),2184.28,Q4 worst,6.93
2924,Central,Industrial,2234.98,1794.51,440.47,30747.19,69.80541240039048,Q1 (best),69.81,Q1 best,19.71
2925,North,Commercial,2159.75,1793.22,366.53,29278.64,79.88061004556243,Q1 (best),79.88,Q1 best,16.97
2926,Central,Commercial,2439.59,2188.46,251.13,27810.84,110.74280253255286,Q1 (best),110.74,Q1 best,10.29
2927,East,Residential,667.22,620.31,46.91,96862.68,2064.8620763163503,Q4 (worst),2064.86,Q4 worst,7.03
2928,Central,Residential,1372.16,1338.36,33.8,59949.61,1773.6571005917162,Q4 (worst),1773.66,Q4 worst,2.46
2929,West,Commercial,1853.79,1494.79,359.0,57760.96,160.8940389972145,Q1 (best),160.89,Q1 best,19.37
2930,East,Industrial,2289.57,2227.47,62.1,98025.79,1578.5151368760064,Q4 (worst),1578.52,Q4 worst,2.71
2931,East,Commercial,1873.19,1747.27,125.92,45276.03,359.56186467598474,Q3,359.56,Q3,6.72
2932,West,Commercial,2361.22,2141.02,220.2,33657.63,152.85027247956404,Q1 (best),152.85,Q1 best,9.33
2933,East,Industrial,1942.28,1845.5,96.78,9997.72,103.3035751188262,Q1 (best),103.3,Q1 best,4.98
2934,North,Industrial,1836.62,1474.77,361.85,31872.35,88.08166367279259,Q1 (best),88.08,Q1 best,19.7
2935,East,Residential,2204.96,1961.67,243.29,69477.64,285.57540383903984,Q2,285.58,Q2,11.03
2936,Central,Commercial,825.42,732.41,93.01,84432.15,907.7749704332866,Q4 (worst),907.77,Q4 worst,11.27
2937,West,Commercial,1771.0,1518.84,252.16,21761.54,86.30052347715737,Q1 (best),86.3,Q1 best,14.24
2938,Central,Industrial,923.65,795.7,127.95,9802.43,76.61141070730754,Q1 (best),76.61,Q1 best,13.85
2939,West,Commercial,1010.63,904.12,106.51,71054.64,667.1170782086189,Q4 (worst),667.12,Q4 worst,10.54
2940,North,Commercial,1675.46,1588.6,86.86,14848.69,170.94968915496202,Q1 (best),170.95,Q1 best,5.18
2941,South,Industrial,891.61,825.54,66.07,37682.58,570.3432722869685,Q3,570.34,Q3,7.41
2942,East,Industrial,1340.93,1281.91,59.02,5977.1,101.27245001694341,Q1 (best),101.27,Q1 best,4.4
2943,West,Industrial,1303.33,1106.33,197.0,82232.34,417.4230456852792,Q3,417.42,Q3,15.12
2944,West,Industrial,1289.73,1236.91,52.82,97198.91,1840.1914047709201,Q4 (worst),1840.19,Q4 worst,4.1
2945,North,Commercial,1504.12,1327.74,176.38,29777.82,168.82764485769363,Q1 (best),168.83,Q1 best,11.73
2946,East,Industrial,1193.76,966.55,227.21,71646.8,315.33295189472295,Q2,315.33,Q2,19.03
2947,North,Residential,1454.49,1282.31,172.18,30388.12,176.4904170054594,Q2,176.49,Q2,11.84
2948,North,Commercial,2165.29,1882.76,282.53,54728.94,193.71019006831136,Q2,193.71,Q2,13.05
2949,West,Commercial,2156.25,1972.36,183.89,12355.02,67.18701397574638,Q1 (best),67.19,Q1 best,8.53
2950,East,Residential,561.58,465.65,95.93,14004.9,145.9908266444282,Q1 (best),145.99,Q1 best,17.08
2951,North,Commercial,1808.23,1477.73,330.5,84031.0,254.25416036308624,Q2,254.25,Q2,18.28
2952,South,Residential,1530.39,1235.15,295.24,55731.48,188.76669827936595,Q2,188.77,Q2,19.29
2953,Central,Commercial,2047.97,1695.78,352.19,85196.54,241.90505125074532,Q2,241.91,Q2,17.2
2954,South,Residential,705.99,579.76,126.23,81852.82,648.4418917848373,Q4 (worst),648.44,Q4 worst,17.88
2955,South,Commercial,1084.73,888.3,196.43,14914.14,75.92597872015476,Q1 (best),75.93,Q1 best,18.11
2956,East,Residential,545.39,441.91,103.48,55403.17,535.3997873985311,Q3,535.4,Q3,18.97
2957,South,Industrial,696.44,572.56,123.88,65347.94,527.5100096867938,Q3,527.51,Q3,17.79
2958,Central,Residential,1001.22,904.91,96.31,37398.4,388.31274011006127,Q3,388.31,Q3,9.62
2959,Central,Residential,1315.82,1108.66,207.16,78889.51,380.8143946707859,Q3,380.81,Q3,15.74
2960,East,Industrial,2238.11,2066.08,172.03,46903.66,272.6481427657967,Q2,272.65,Q2,7.69
2961,South,Industrial,2353.46,2276.52,76.94,61070.75,793.7451260722642,Q4 (worst),793.75,Q4 worst,3.27
2962,East,Residential,963.41,799.06,164.35,70531.8,429.1560693641619,Q3,429.16,Q3,17.06
2963,South,Commercial,1950.51,1700.42,250.09,68223.39,272.79535367267783,Q2,272.8,Q2,12.82
2964,West,Residential,955.0,859.23,95.77,56359.33,588.486269186593,Q3,588.49,Q3,10.03
2965,North,Commercial,934.89,786.81,148.08,19609.32,132.42382495948135,Q1 (best),132.42,Q1 best,15.84
2966,North,Residential,938.63,858.51,80.12,89119.78,1112.3287568647029,Q4 (worst),1112.33,Q4 worst,8.54
2967,South,Commercial,2497.29,2407.1,90.19,9967.58,110.51757401042245,Q1 (best),110.52,Q1 best,3.61
2968,West,Commercial,738.95,722.9,16.05,53429.52,3328.942056074766,Q4 (worst),3328.94,Q4 worst,2.17
2969,North,Residential,2396.09,2154.59,241.5,63471.77,262.8230641821946,Q2,262.82,Q2,10.08
2970,West,Commercial,2145.88,1985.77,160.11,26183.96,163.53731809381048,Q1 (best),163.54,Q1 best,7.46
2971,Central,Commercial,1591.23,1358.51,232.72,38236.08,164.3007906497078,Q1 (best),164.3,Q1 best,14.63
2972,West,Commercial,2194.12,2128.25,65.87,87263.36,1324.7815393957794,Q4 (worst),1324.78,Q4 worst,3.0
2973,East,Industrial,2314.19,2201.24,112.95,27320.96,241.8854360336432,Q2,241.89,Q2,4.88
2974,North,Residential,805.26,655.08,150.18,15505.38,103.24530563324011,Q1 (best),103.25,Q1 best,18.65
2975,East,Industrial,986.67,943.02,43.65,5280.4,120.97136311569301,Q1 (best),120.97,Q1 best,4.42
2976,South,Commercial,608.84,508.21,100.63,96698.0,960.9261651594952,Q4 (worst),960.93,Q4 worst,16.53
2977,South,Commercial,1999.73,1831.18,168.55,93301.61,553.5544942153663,Q3,553.55,Q3,8.43
2978,East,Residential,1700.89,1616.13,84.76,83948.79,990.4293298725813,Q4 (worst),990.43,Q4 worst,4.98
2979,East,Residential,1776.77,1439.46,337.31,69759.7,206.81183481070823,Q2,206.81,Q2,18.98
2980,Central,Commercial,1792.32,1729.42,62.9,94410.9,1500.9682034976151,Q4 (worst),1500.97,Q4 worst,3.51
2981,North,Residential,773.35,743.0,30.35,68367.95,2252.6507413509057,Q4 (worst),2252.65,Q4 worst,3.92
2982,Central,Residential,536.22,445.47,90.75,63065.26,694.9339944903581,Q4 (worst),694.93,Q4 worst,16.92
2983,North,Industrial,1482.74,1408.28,74.46,31713.14,425.90840719849587,Q3,425.91,Q3,5.02
2984,East,Residential,1693.15,1518.59,174.56,96657.45,553.7204972502291,Q3,553.72,Q3,10.31
2985,Central,Industrial,2484.02,2071.4,412.62,82305.45,199.47033590228295,Q2,199.47,Q2,16.61
2986,East,Commercial,1846.05,1654.39,191.66,61552.56,321.15496191171866,Q2,321.15,Q2,10.38
2987,South,Residential,1304.93,1123.97,180.96,31034.44,171.49889478337752,Q1 (best),171.5,Q1 best,13.87
2988,West,Industrial,1854.71,1690.07,164.64,22681.12,137.76190476190476,Q1 (best),137.76,Q1 best,8.88
2989,North,Industrial,1602.82,1306.57,296.25,13773.21,46.49184810126582,Q1 (best),46.49,Q1 best,18.48
2990,West,Industrial,2403.25,2306.14,97.11,56184.73,578.5679126763464,Q3,578.57,Q3,4.04
2991,West,Residential,2150.29,1886.1,264.19,61226.58,231.75207237215642,Q2,231.75,Q2,12.29
2992,West,Residential,1816.51,1482.62,333.89,57755.46,172.97750756237085,Q2,172.98,Q2,18.38
2993,Central,Industrial,1672.0,1496.92,175.08,28128.82,160.66266849440254,Q1 (best),160.66,Q1 best,10.47
2994,West,Industrial,1041.41,976.44,64.97,37380.56,575.3510851162074,Q3,575.35,Q3,6.24
2995,Central,Residential,1673.26,1500.37,172.89,9869.17,57.08352131413038,Q1 (best),57.08,Q1 best,10.33
2996,South,Commercial,1458.5,1237.43,221.07,36217.62,163.82874202741215,Q1 (best),163.83,Q1 best,15.16
2997,North,Residential,2273.2,2087.71,185.49,51506.78,277.6795514582996,Q2,277.68,Q2,8.16
2998,East,Industrial,2225.68,1849.17,376.51,89988.92,239.0080475950174,Q2,239.01,Q2,16.92
2999,East,Commercial,1757.63,1447.97,309.66,94227.46,304.29328941419624,Q2,304.29,Q2,17.62
3000,West,Industrial,513.31,453.91,59.4,50114.8,843.6835016835017,Q4 (worst),843.68,Q4 worst,11.57
3001,South,Commercial,1607.91,1293.14,314.77,30597.53,97.20599167646218,Q1 (best),97.21,Q1 best,19.58
3002,South,Industrial,782.04,679.11,102.93,83829.15,814.428737977266,Q4 (worst),814.43,Q4 worst,13.16
3003,East,Industrial,1266.05,1093.86,172.19,61291.7,355.95388814681456,Q3,355.95,Q3,13.6
3004,West,Residential,918.79,830.15,88.64,31382.93,354.04930054151623,Q3,354.05,Q3,9.65
3005,North,Residential,1173.58,971.01,202.57,97414.81,480.8945549686528,Q3,480.89,Q3,17.26
3006,South,Residential,1260.55,1101.31,159.24,33005.36,207.2680231097714,Q2,207.27,Q2,12.63
3007,East,Industrial,1580.61,1321.28,259.33,47569.02,183.43045540431112,Q2,183.43,Q2,16.41
3008,East,Commercial,2346.85,2143.4,203.45,83041.54,408.16682231506513,Q3,408.17,Q3,8.67
3009,West,Commercial,1918.72,1662.93,255.79,44421.6,173.66433402400406,Q2,173.66,Q2,13.33
3010,South,Residential,626.15,584.29,41.86,35828.53,855.913282369804,Q4 (worst),855.91,Q4 worst,6.69
3011,South,Residential,2365.88,2176.9,188.98,7247.12,38.34860831834057,Q1 (best),38.35,Q1 best,7.99
3012,South,Industrial,1348.86,1112.93,235.93,13772.19,58.37405162548213,Q1 (best),58.37,Q1 best,17.49
3013,South,Residential,1545.68,1394.83,150.85,33707.45,223.45011600928072,Q2,223.45,Q2,9.76
3014,West,Industrial,2432.15,1948.69,483.46,37796.03,78.1781946800149,Q1 (best),78.18,Q1 best,19.88
3015,North,Residential,924.54,868.79,55.75,21384.51,383.57865470852016,Q3,383.58,Q3,6.03
3016,West,Residential,2442.35,2084.13,358.22,92556.65,258.3793478867735,Q2,258.38,Q2,14.67
3017,South,Commercial,1146.84,1001.24,145.6,90249.1,619.8427197802198,Q3,619.84,Q3,12.7
3018,Central,Commercial,1882.99,1508.96,374.03,20020.0,53.525118306018236,Q1 (best),53.53,Q1 best,19.86
3019,West,Residential,1080.84,1038.25,42.59,6696.35,157.22822258746183,Q1 (best),157.23,Q1 best,3.94
3020,Central,Residential,1159.71,952.99,206.72,22884.46,110.70268962848297,Q1 (best),110.7,Q1 best,17.83
3021,North,Commercial,2167.75,1885.68,282.07,37388.31,132.54975715247988,Q1 (best),132.55,Q1 best,13.01
3022,Central,Industrial,1622.36,1532.25,90.11,64154.96,711.9627122405948,Q4 (worst),711.96,Q4 worst,5.55
3023,West,Commercial,2387.55,1939.16,448.39,35271.53,78.66261513414662,Q1 (best),78.66,Q1 best,18.78
3024,West,Commercial,1693.38,1657.89,35.49,87048.19,2452.752606367991,Q4 (worst),2452.75,Q4 worst,2.1
3025,East,Residential,1425.92,1269.48,156.44,97239.23,621.5752365124009,Q3,621.58,Q3,10.97
3026,West,Residential,1082.1,1031.92,50.18,30901.9,615.8210442407334,Q3,615.82,Q3,4.64
3027,North,Commercial,1938.66,1870.21,68.45,74919.99,1094.5214024835648,Q4 (worst),1094.52,Q4 worst,3.53
3028,West,Residential,1955.15,1654.56,300.59,75792.63,252.14621244885063,Q2,252.15,Q2,15.37
3029,South,Industrial,1905.53,1823.98,81.55,72632.75,890.6529736358062,Q4 (worst),890.65,Q4 worst,4.28
3030,South,Industrial,1608.13,1553.18,54.95,52343.71,952.5697907188353,Q4 (worst),952.57,Q4 worst,3.42
3031,North,Commercial,2409.11,2355.84,53.27,56409.72,1058.939740942369,Q4 (worst),1058.94,Q4 worst,2.21
3032,West,Industrial,2221.36,1988.07,233.29,49501.28,212.18774915341422,Q2,212.19,Q2,10.5
3033,Central,Industrial,1580.9,1282.42,298.48,16884.0,56.56660412757974,Q1 (best),56.57,Q1 best,18.88
3034,South,Commercial,552.85,483.97,68.88,14709.3,213.54965156794427,Q2,213.55,Q2,12.46
3035,South,Industrial,1790.28,1500.2,290.08,36328.17,125.23500413678985,Q1 (best),125.24,Q1 best,16.2
3036,North,Commercial,2094.81,1837.03,257.78,58416.37,226.61327488556137,Q2,226.61,Q2,12.31
3037,Central,Commercial,1267.02,1121.22,145.8,55607.41,381.3951303155007,Q3,381.4,Q3,11.51
3038,West,Industrial,1232.91,1051.06,181.85,35275.2,193.97965356062687,Q2,193.98,Q2,14.75
3039,West,Commercial,1808.07,1620.63,187.44,80418.76,429.03734528382415,Q3,429.04,Q3,10.37
3040,Central,Residential,588.29,557.61,30.68,36394.79,1186.2708604954369,Q4 (worst),1186.27,Q4 worst,5.22
3041,West,Residential,2398.94,2050.05,348.89,9100.94,26.085413740720572,Q1 (best),26.09,Q1 best,14.54
3042,South,Industrial,1382.07,1173.95,208.12,35123.08,168.76359792427445,Q1 (best),168.76,Q1 best,15.06
3043,North,Residential,1491.53,1457.68,33.85,45288.53,1337.9181683899556,Q4 (worst),1337.92,Q4 worst,2.27
3044,North,Industrial,553.93,531.5,22.43,48021.58,2140.9531876950514,Q4 (worst),2140.95,Q4 worst,4.05
3045,South,Residential,1390.63,1193.11,197.52,46918.11,237.5359963547995,Q2,237.54,Q2,14.2
3046,North,Commercial,1728.05,1686.31,41.74,38766.41,928.7592237661715,Q4 (worst),928.76,Q4 worst,2.42
3047,South,Commercial,558.95,454.84,104.11,19536.79,187.65526846604553,Q2,187.66,Q2,18.63
3048,North,Residential,1077.79,1034.86,42.93,70062.86,1632.025623107384,Q4 (worst),1632.03,Q4 worst,3.98
3049,East,Industrial,1188.2,1077.22,110.98,91545.87,824.8861957109389,Q4 (worst),824.89,Q4 worst,9.34
3050,East,Commercial,1362.84,1219.95,142.89,32793.73,229.5033242354259,Q2,229.5,Q2,10.48
3051,North,Industrial,1651.21,1456.44,194.77,56338.37,289.2558915644093,Q2,289.26,Q2,11.8
3052,South,Residential,801.71,733.78,67.93,77047.43,1134.2180185485056,Q4 (worst),1134.22,Q4 worst,8.47
3053,Central,Industrial,1614.42,1407.58,206.84,26350.03,127.39329916843937,Q1 (best),127.39,Q1 best,12.81
3054,Central,Residential,1973.99,1884.8,89.19,75086.41,841.8702769368764,Q4 (worst),841.87,Q4 worst,4.52
3055,North,Industrial,1845.2,1557.85,287.35,53925.92,187.6663302592657,Q2,187.67,Q2,15.57
3056,East,Commercial,523.88,434.02,89.86,9027.01,100.45637658580014,Q1 (best),100.46,Q1 best,17.15
3057,North,Commercial,2284.93,1868.11,416.82,13892.48,33.329686675303485,Q1 (best),33.33,Q1 best,18.24
3058,West,Industrial,2074.35,1864.15,210.2,91046.57,433.1425784966699,Q3,433.14,Q3,10.13
3059,East,Residential,918.5,814.61,103.89,92147.27,886.9695832130138,Q4 (worst),886.97,Q4 worst,11.31
3060,West,Industrial,2478.3,2186.74,291.56,8653.65,29.680511730004113,Q1 (best),29.68,Q1 best,11.76
3061,Central,Industrial,1073.56,903.61,169.95,20362.69,119.81576934392469,Q1 (best),119.82,Q1 best,15.83
3062,North,Residential,955.09,814.84,140.25,18382.35,131.06844919786096,Q1 (best),131.07,Q1 best,14.68
3063,East,Residential,1964.13,1660.31,303.82,75279.81,247.7776644065565,Q2,247.78,Q2,15.47
3064,Central,Industrial,2275.2,2188.65,86.55,21635.34,249.97504332755634,Q2,249.98,Q2,3.8
3065,South,Residential,2331.4,2168.52,162.88,15609.2,95.83251473477408,Q1 (best),95.83,Q1 best,6.99
3066,North,Residential,1968.48,1731.34,237.14,67728.8,285.60681453993425,Q2,285.61,Q2,12.05
3067,East,Industrial,1822.78,1689.99,132.79,69614.08,524.241885684163,Q3,524.24,Q3,7.29
3068,West,Industrial,1130.3,1053.99,76.31,61775.26,809.5303367841699,Q4 (worst),809.53,Q4 worst,6.75
3069,Central,Commercial,841.49,818.8,22.69,24018.09,1058.5319524019392,Q4 (worst),1058.53,Q4 worst,2.7
3070,North,Residential,2113.92,1693.55,420.37,72333.26,172.0704617360896,Q2,172.07,Q2,19.89
3071,North,Industrial,2286.17,1927.16,359.01,99294.25,276.57795047491715,Q2,276.58,Q2,15.7
3072,West,Industrial,1410.0,1241.1,168.9,79975.47,473.5078152753108,Q3,473.51,Q3,11.98
3073,East,Residential,923.65,817.48,106.17,80754.96,760.6193840067816,Q4 (worst),760.62,Q4 worst,11.49
3074,South,Industrial,729.08,614.33,114.75,83777.07,730.0833986928105,Q4 (worst),730.08,Q4 worst,15.74
3075,West,Industrial,1849.34,1690.01,159.33,55204.19,346.4770601895437,Q3,346.48,Q3,8.62
3076,South,Industrial,2473.08,2234.73,238.35,92747.43,389.1228445563247,Q3,389.12,Q3,9.64
3077,Central,Industrial,1051.28,1005.09,46.19,74943.25,1622.499458757307,Q4 (worst),1622.5,Q4 worst,4.39
3078,North,Commercial,1027.52,960.72,66.8,57517.95,861.0471556886228,Q4 (worst),861.05,Q4 worst,6.5
3079,East,Industrial,1992.77,1942.39,50.38,77484.23,1537.9958316792377,Q4 (worst),1538.0,Q4 worst,2.53
3080,Central,Commercial,1449.08,1265.98,183.1,21748.39,118.7787547788094,Q1 (best),118.78,Q1 best,12.64
3081,Central,Residential,2301.7,2210.94,90.76,89743.32,988.7981489643015,Q4 (worst),988.8,Q4 worst,3.94
3082,Central,Residential,1642.24,1418.97,223.27,16156.94,72.36502888878935,Q1 (best),72.37,Q1 best,13.6
3083,East,Industrial,2363.14,2096.58,266.56,31062.57,116.53125,Q1 (best),116.53,Q1 best,11.28
3084,Central,Commercial,705.83,679.85,25.98,19681.94,757.5804464973055,Q4 (worst),757.58,Q4 worst,3.68
3085,West,Residential,2192.94,1853.97,338.97,67911.27,200.34595981945304,Q2,200.35,Q2,15.46
3086,South,Residential,2143.25,1866.47,276.78,94851.78,342.6973769781054,Q3,342.7,Q3,12.91
3087,South,Commercial,2311.83,1923.19,388.64,87244.91,224.48772643062992,Q2,224.49,Q2,16.81
3088,East,Commercial,670.74,589.51,81.23,69778.64,859.0254831958636,Q4 (worst),859.03,Q4 worst,12.11
3089,North,Residential,2156.1,1874.11,281.99,62170.27,220.46976843150463,Q2,220.47,Q2,13.08
3090,Central,Industrial,868.79,808.29,60.5,34994.57,578.4226446280992,Q3,578.42,Q3,6.96
3091,East,Residential,1225.28,1165.16,60.12,11142.67,185.34048569527613,Q2,185.34,Q2,4.91
3092,East,Residential,1276.44,1140.92,135.52,35153.39,259.39632526564344,Q2,259.4,Q2,10.62
3093,North,Residential,813.23,789.34,23.89,15787.51,660.841774801172,Q4 (worst),660.84,Q4 worst,2.94
3094,West,Commercial,825.6,786.78,38.82,27811.19,716.413961875322,Q4 (worst),716.41,Q4 worst,4.7
3095,West,Residential,1857.15,1496.66,360.49,60721.74,168.44223140725123,Q1 (best),168.44,Q1 best,19.41
3096,Central,Commercial,1183.85,948.18,235.67,11360.22,48.203929223066154,Q1 (best),48.2,Q1 best,19.91
3097,East,Commercial,2126.98,2021.27,105.71,87309.64,825.9354838709678,Q4 (worst),825.94,Q4 worst,4.97
3098,West,Commercial,2479.25,2208.52,270.73,34862.45,128.7720237875374,Q1 (best),128.77,Q1 best,10.92
3099,Central,Residential,1814.44,1672.44,142.0,31396.17,221.09978873239436,Q2,221.1,Q2,7.83
3100,South,Industrial,1676.63,1618.79,57.84,9759.48,168.7323651452282,Q1 (best),168.73,Q1 best,3.45
3101,South,Industrial,1298.57,1092.35,206.22,80910.31,392.3494811366502,Q3,392.35,Q3,15.88
3102,Central,Commercial,2488.83,2056.24,432.59,7386.7,17.07552185672346,Q1 (best),17.08,Q1 best,17.38
3103,Central,Industrial,2105.3,2059.56,45.74,98062.73,2143.916265850459,Q4 (worst),2143.92,Q4 worst,2.17
3104,West,Industrial,1237.83,1041.62,196.21,86047.29,438.54691402069204,Q3,438.55,Q3,15.85
3105,East,Industrial,1052.23,992.43,59.8,60468.23,1011.1744147157192,Q4 (worst),1011.17,Q4 worst,5.68
3106,North,Commercial,2168.34,1905.24,263.1,16746.8,63.651843405549215,Q1 (best),63.65,Q1 best,12.13
3107,East,Industrial,639.01,587.25,51.76,74762.58,1444.408423493045,Q4 (worst),1444.41,Q4 worst,8.1
3108,South,Industrial,789.21,756.59,32.62,25896.98,793.898835070509,Q4 (worst),793.9,Q4 worst,4.13
3109,South,Residential,1961.69,1905.47,56.22,66842.85,1188.9514407684098,Q4 (worst),1188.95,Q4 worst,2.87
3110,East,Industrial,1474.16,1284.56,189.6,12084.69,63.737816455696205,Q1 (best),63.74,Q1 best,12.86
3111,South,Commercial,732.8,603.3,129.5,20817.18,160.7504247104247,Q1 (best),160.75,Q1 best,17.67
3112,West,Commercial,1028.94,992.47,36.47,36643.37,1004.7537702221005,Q4 (worst),1004.75,Q4 worst,3.54
3113,South,Commercial,2005.63,1630.22,375.41,88273.8,235.13971391278866,Q2,235.14,Q2,18.72
3114,Central,Industrial,621.73,544.4,77.33,69436.19,897.9204707099444,Q4 (worst),897.92,Q4 worst,12.44
3115,Central,Industrial,1307.4,1115.16,192.24,29096.98,151.35757386600082,Q1 (best),151.36,Q1 best,14.7
3116,South,Commercial,2181.45,2044.56,136.89,51730.29,377.89677843524004,Q3,377.9,Q3,6.28
3117,West,Industrial,1622.44,1301.57,320.87,64128.08,199.85688908280613,Q2,199.86,Q2,19.78
3118,Central,Commercial,1570.86,1486.57,84.29,18269.97,216.75133467789774,Q2,216.75,Q2,5.37
3119,Central,Commercial,2045.23,1786.68,258.55,62807.04,242.92028621156447,Q2,242.92,Q2,12.64
3120,West,Commercial,1647.28,1462.82,184.46,10079.32,54.64230727529003,Q1 (best),54.64,Q1 best,11.2
3121,North,Residential,2222.61,1993.41,229.2,68437.63,298.5934991273997,Q2,298.59,Q2,10.31
3122,Central,Commercial,1248.9,1113.72,135.18,70548.84,521.8881491344873,Q3,521.89,Q3,10.82
3123,North,Industrial,1048.34,984.01,64.33,16508.1,256.61588683351465,Q2,256.62,Q2,6.14
3124,East,Industrial,2155.95,1951.56,204.39,31816.34,155.66485640197664,Q1 (best),155.66,Q1 best,9.48
3125,East,Commercial,1124.94,1030.55,94.39,54874.19,581.3559699120669,Q3,581.36,Q3,8.39
3126,East,Commercial,2440.02,2275.39,164.63,25319.47,153.79620968231794,Q1 (best),153.8,Q1 best,6.75
3127,South,Industrial,1915.68,1607.68,308.0,77933.6,253.03116883116886,Q2,253.03,Q2,16.08
3128,South,Industrial,787.21,753.82,33.39,79937.13,2394.0440251572327,Q4 (worst),2394.04,Q4 worst,4.24
3129,South,Commercial,2308.8,2251.71,57.09,66213.97,1159.8173060080574,Q4 (worst),1159.82,Q4 worst,2.47
3130,South,Industrial,677.03,661.03,16.0,78621.7,4913.85625,Q4 (worst),4913.86,Q4 worst,2.36
3131,East,Industrial,1327.06,1261.24,65.82,17657.56,268.2704345183835,Q2,268.27,Q2,4.96
3132,North,Industrial,2019.81,1629.07,390.74,14873.11,38.06395557147976,Q1 (best),38.06,Q1 best,19.35
3133,Central,Residential,1587.35,1389.23,198.12,92851.68,468.6638400969109,Q3,468.66,Q3,12.48
3134,West,Commercial,1830.99,1490.04,340.95,48565.36,142.441296377768,Q1 (best),142.44,Q1 best,18.62
3135,West,Commercial,1802.78,1656.47,146.31,79348.06,542.3283439272777,Q3,542.33,Q3,8.12
3136,North,Commercial,604.77,512.63,92.14,9827.09,106.6538962448448,Q1 (best),106.65,Q1 best,15.24
3137,Central,Commercial,987.69,801.16,186.53,90517.49,485.27041226612346,Q3,485.27,Q3,18.89
3138,Central,Industrial,976.57,880.13,96.44,98183.25,1018.0760058067192,Q4 (worst),1018.08,Q4 worst,9.88
3139,North,Residential,2236.49,1898.93,337.56,10308.7,30.538867164355967,Q1 (best),30.54,Q1 best,15.09
3140,South,Industrial,2382.75,2291.17,91.58,97330.15,1062.7882725485913,Q4 (worst),1062.79,Q4 worst,3.84
3141,North,Residential,1476.89,1342.57,134.32,33052.81,246.07511911852293,Q2,246.08,Q2,9.09
3142,South,Commercial,2107.21,1858.98,248.23,23058.24,92.89062562945657,Q1 (best),92.89,Q1 best,11.78
3143,North,Industrial,666.2,602.47,63.73,75641.99,1186.9133845912445,Q4 (worst),1186.91,Q4 worst,9.57
3144,Central,Residential,1604.0,1556.82,47.18,24110.7,511.0364561254769,Q3,511.04,Q3,2.94
3145,West,Residential,2103.54,1684.52,419.02,68186.51,162.72853324423656,Q1 (best),162.73,Q1 best,19.92
3146,East,Residential,739.72,660.86,78.86,6175.7,78.3121988333756,Q1 (best),78.31,Q1 best,10.66
3147,East,Commercial,2087.59,1929.95,157.64,20495.92,130.017254503933,Q1 (best),130.02,Q1 best,7.55
3148,North,Industrial,1196.01,979.18,216.83,76718.88,353.8204123045704,Q3,353.82,Q3,18.13
3149,East,Residential,1153.96,1006.88,147.08,71622.72,486.9643731302692,Q3,486.96,Q3,12.75
3150,North,Residential,1648.39,1371.96,276.43,97840.61,353.94353000759685,Q3,353.94,Q3,16.77
3151,East,Residential,1807.77,1767.37,40.4,63469.73,1571.0329207920793,Q4 (worst),1571.03,Q4 worst,2.23
3152,North,Commercial,1898.59,1823.63,74.96,50039.5,667.5493596584846,Q4 (worst),667.55,Q4 worst,3.95
3153,North,Industrial,1987.63,1650.49,337.14,16867.05,50.02980957465741,Q1 (best),50.03,Q1 best,16.96
3154,East,Industrial,2493.13,2277.32,215.81,49371.05,228.77090959640427,Q2,228.77,Q2,8.66
3155,North,Industrial,1717.5,1452.81,264.69,74021.23,279.6525369299936,Q2,279.65,Q2,15.41
3156,North,Industrial,2091.05,1698.74,392.31,84219.73,214.67648033442939,Q2,214.68,Q2,18.76
3157,Central,Residential,2352.67,1912.51,440.16,97497.78,221.50531624863683,Q2,221.51,Q2,18.71
3158,South,Residential,1496.5,1371.75,124.75,65852.87,527.8787174348697,Q3,527.88,Q3,8.34
3159,East,Industrial,1450.37,1290.48,159.89,87327.42,546.1718681593596,Q3,546.17,Q3,11.02
3160,East,Residential,964.49,907.38,57.11,99050.33,1734.3780423743654,Q4 (worst),1734.38,Q4 worst,5.92
3161,Central,Commercial,1794.62,1698.87,95.75,82477.94,861.388407310705,Q4 (worst),861.39,Q4 worst,5.34
3162,East,Industrial,1941.29,1802.97,138.32,62721.12,453.44939271255066,Q3,453.45,Q3,7.13
3163,South,Industrial,545.66,459.75,85.91,96047.73,1118.0040740309626,Q4 (worst),1118.0,Q4 worst,15.74
3164,East,Industrial,661.44,621.84,39.6,57691.96,1456.8676767676766,Q4 (worst),1456.87,Q4 worst,5.99
3165,West,Residential,842.11,721.92,120.19,24189.64,201.26166902404526,Q2,201.26,Q2,14.27
3166,North,Residential,761.33,679.42,81.91,48843.73,596.3097301916739,Q3,596.31,Q3,10.76
3167,Central,Residential,822.76,721.48,101.28,60569.78,598.0428515007899,Q3,598.04,Q3,12.31
3168,North,Commercial,1994.26,1621.34,372.92,29326.1,78.639118309557,Q1 (best),78.64,Q1 best,18.7
3169,South,Commercial,2168.66,1991.07,177.59,57651.46,324.6323554254181,Q2,324.63,Q2,8.19
3170,Central,Residential,2220.43,1895.27,325.16,34596.21,106.39749661705005,Q1 (best),106.4,Q1 best,14.64
3171,North,Commercial,732.9,696.97,35.93,96159.34,2676.2966880044532,Q4 (worst),2676.3,Q4 worst,4.9
3172,North,Residential,1915.09,1602.97,312.12,89540.32,286.87786748686403,Q2,286.88,Q2,16.3
3173,South,Commercial,1246.23,1205.94,40.29,81927.94,2033.4559444030779,Q4 (worst),2033.46,Q4 worst,3.23
3174,East,Residential,739.14,720.35,18.79,73905.55,3933.2384246939864,Q4 (worst),3933.24,Q4 worst,2.54
3175,East,Commercial,517.79,454.06,63.73,96254.93,1510.3550917935038,Q4 (worst),1510.36,Q4 worst,12.31
3176,East,Commercial,973.88,948.78,25.1,78846.59,3141.2984063745016,Q4 (worst),3141.3,Q4 worst,2.58
3177,North,Commercial,1994.58,1909.32,85.26,82864.58,971.9045273281727,Q4 (worst),971.9,Q4 worst,4.27
3178,North,Commercial,803.64,777.51,26.13,62796.02,2403.21546115576,Q4 (worst),2403.22,Q4 worst,3.25
3179,West,Industrial,1872.96,1692.59,180.37,36261.52,201.03964073848198,Q2,201.04,Q2,9.63
3180,South,Commercial,1483.21,1294.01,189.2,79393.15,419.62552854122623,Q3,419.63,Q3,12.76
3181,South,Residential,1318.53,1067.09,251.44,55098.27,219.13088609608653,Q2,219.13,Q2,19.07
3182,West,Commercial,2450.61,2223.18,227.43,67347.03,296.1220155652288,Q2,296.12,Q2,9.28
3183,East,Industrial,1909.99,1654.3,255.69,77955.08,304.88122335640816,Q2,304.88,Q2,13.39
3184,South,Industrial,1391.35,1256.72,134.63,37730.68,280.2546237837035,Q2,280.25,Q2,9.68
3185,East,Residential,2349.08,2013.12,335.96,8600.78,25.600607215144663,Q1 (best),25.6,Q1 best,14.3
3186,East,Residential,1657.15,1554.97,102.18,32237.67,315.498825601879,Q2,315.5,Q2,6.17
3187,North,Industrial,1759.53,1636.75,122.78,89093.94,725.638866264864,Q4 (worst),725.64,Q4 worst,6.98
3188,West,Commercial,1105.51,901.32,204.19,96123.49,470.75513002595625,Q3,470.76,Q3,18.47
3189,South,Commercial,1524.34,1455.9,68.44,43600.07,637.0553769725307,Q3,637.06,Q3,4.49
3190,South,Industrial,2243.27,1989.77,253.5,74718.62,294.74800788954633,Q2,294.75,Q2,11.3
3191,South,Commercial,2234.77,2060.85,173.92,42376.34,243.65420883164674,Q2,243.65,Q2,7.78
3192,Central,Residential,1559.91,1412.77,147.14,37873.7,257.39907571020797,Q2,257.4,Q2,9.43
3193,South,Industrial,833.32,756.73,76.59,72901.79,951.8447578012795,Q4 (worst),951.84,Q4 worst,9.19
3194,South,Commercial,1599.07,1552.47,46.6,95251.18,2044.0167381974247,Q4 (worst),2044.02,Q4 worst,2.91
3195,Central,Residential,1547.72,1385.7,162.02,76405.73,471.5820886310332,Q3,471.58,Q3,10.47
3196,Central,Commercial,1072.84,1024.66,48.18,24458.85,507.6556662515566,Q3,507.66,Q3,4.49
3197,West,Residential,1362.24,1136.32,225.92,97172.95,430.1210605524079,Q3,430.12,Q3,16.58
3198,North,Residential,2132.94,2058.81,74.13,13205.41,178.1385404019965,Q2,178.14,Q2,3.48
3199,East,Industrial,2424.84,2072.26,352.58,6728.59,19.08386749106586,Q1 (best),19.08,Q1 best,14.54
3200,South,Residential,1082.34,1053.55,28.79,91035.05,3162.0371656825287,Q4 (worst),3162.04,Q4 worst,2.66
3201,Central,Residential,1580.56,1361.0,219.56,63627.26,289.7944069958098,Q2,289.79,Q2,13.89
3202,West,Industrial,1431.31,1374.85,56.46,91627.66,1622.877435352462,Q4 (worst),1622.88,Q4 worst,3.94
3203,Central,Commercial,1098.92,907.9,191.02,84164.36,440.6049628311171,Q3,440.6,Q3,17.38
3204,West,Residential,1105.58,925.45,180.13,13023.93,72.30294787098207,Q1 (best),72.3,Q1 best,16.29
3205,North,Commercial,1098.12,886.21,211.91,50838.93,239.9081213722807,Q2,239.91,Q2,19.3
3206,East,Residential,2493.77,2100.69,393.08,84157.56,214.09779179810727,Q2,214.1,Q2,15.76
3207,North,Residential,1938.16,1637.56,300.6,37435.1,124.5345974717232,Q1 (best),124.53,Q1 best,15.51
3208,North,Commercial,2132.42,1751.23,381.19,65072.62,170.70914766914137,Q1 (best),170.71,Q1 best,17.88
3209,North,Residential,1879.38,1721.24,158.14,14799.74,93.58631592260024,Q1 (best),93.59,Q1 best,8.41
3210,West,Commercial,1337.21,1265.83,71.38,30113.08,421.86999159428416,Q3,421.87,Q3,5.34
3211,East,Industrial,1194.67,1034.6,160.07,90611.45,566.0739051664897,Q3,566.07,Q3,13.4
3212,North,Residential,1460.62,1201.88,258.74,30442.46,117.65656643735022,Q1 (best),117.66,Q1 best,17.71
3213,West,Residential,1062.06,935.96,126.1,41561.52,329.5917525773196,Q2,329.59,Q2,11.87
3214,West,Residential,1439.47,1208.01,231.46,52336.51,226.11470664477665,Q2,226.11,Q2,16.08
3215,North,Industrial,1867.99,1621.74,246.25,49574.37,201.31723857868022,Q2,201.32,Q2,13.18
3216,West,Commercial,2152.69,1825.01,327.68,96796.45,295.3993225097656,Q2,295.4,Q2,15.22
3217,South,Industrial,1163.11,1027.39,135.72,78438.13,577.9408340701444,Q3,577.94,Q3,11.67
3218,West,Industrial,900.72,764.55,136.17,13284.31,97.55680399500625,Q1 (best),97.56,Q1 best,15.12
3219,East,Industrial,929.11,792.03,137.08,44165.78,322.18981616574257,Q2,322.19,Q2,14.75
3220,East,Commercial,2309.37,1857.58,451.79,94907.46,210.06985546382168,Q2,210.07,Q2,19.56
3221,South,Commercial,1536.62,1461.28,75.34,27392.73,363.5881337934696,Q3,363.59,Q3,4.9
3222,South,Commercial,1654.5,1407.47,247.03,14813.79,59.967574788487234,Q1 (best),59.97,Q1 best,14.93
3223,East,Commercial,2222.52,2059.51,163.01,43262.79,265.39960738605,Q2,265.4,Q2,7.33
3224,Central,Commercial,887.82,771.45,116.37,18391.03,158.0392712898513,Q1 (best),158.04,Q1 best,13.11
3225,West,Industrial,1355.37,1145.1,210.27,65707.38,312.4905121986018,Q2,312.49,Q2,15.51
3226,West,Industrial,2133.9,1958.75,175.15,82142.61,468.98435626605766,Q3,468.98,Q3,8.21
3227,Central,Industrial,1253.74,1042.74,211.0,32237.46,152.78417061611373,Q1 (best),152.78,Q1 best,16.83
3228,Central,Industrial,1899.14,1839.61,59.53,40044.24,672.6732739795061,Q4 (worst),672.67,Q4 worst,3.13
3229,South,Commercial,1989.75,1687.03,302.72,38783.38,128.1163451374207,Q1 (best),128.12,Q1 best,15.21
3230,Central,Residential,1885.22,1525.96,359.26,61800.69,172.02218449034126,Q2,172.02,Q2,19.06
3231,East,Commercial,2437.51,2277.11,160.4,95658.35,596.373753117207,Q3,596.37,Q3,6.58
3232,West,Commercial,2440.06,2018.38,421.68,19657.6,46.61734016315689,Q1 (best),46.62,Q1 best,17.28
3233,North,Industrial,1146.92,1082.63,64.29,31646.0,492.23829522476274,Q3,492.24,Q3,5.61
3234,South,Commercial,820.97,669.71,151.26,94591.4,625.3563400766891,Q3,625.36,Q3,18.42
3235,West,Commercial,2308.22,2156.08,152.14,81261.33,534.122058630209,Q3,534.12,Q3,6.59
3236,North,Industrial,2480.05,2096.57,383.48,24117.68,62.891624074267234,Q1 (best),62.89,Q1 best,15.46
3237,Central,Residential,1418.68,1329.72,88.96,31390.65,352.8625224820144,Q3,352.86,Q3,6.27
3238,East,Residential,1057.08,912.18,144.9,11900.47,82.12884748102138,Q1 (best),82.13,Q1 best,13.71
3239,North,Industrial,967.05,943.16,23.89,64017.75,2679.688154039347,Q4 (worst),2679.69,Q4 worst,2.47
3240,South,Industrial,1009.04,882.24,126.8,83427.23,657.943454258675,Q4 (worst),657.94,Q4 worst,12.57
3241,South,Industrial,2262.25,2073.14,189.11,18029.82,95.34038390354819,Q1 (best),95.34,Q1 best,8.36
3242,East,Commercial,941.68,764.96,176.72,35733.09,202.20173155273878,Q2,202.2,Q2,18.77
3243,North,Commercial,2188.35,1941.28,247.07,50342.87,203.75954183025055,Q2,203.76,Q2,11.29
3244,East,Residential,1483.99,1402.66,81.33,76133.19,936.1021763187016,Q4 (worst),936.1,Q4 worst,5.48
3245,West,Industrial,1752.26,1699.44,52.82,33639.92,636.8784551306323,Q3,636.88,Q3,3.01
3246,West,Commercial,971.73,838.41,133.32,86675.28,650.1296129612962,Q4 (worst),650.13,Q4 worst,13.72
3247,Central,Residential,718.42,636.86,81.56,42914.14,526.1665031878372,Q3,526.17,Q3,11.35
3248,Central,Residential,1976.87,1617.15,359.72,31285.03,86.9705048370955,Q1 (best),86.97,Q1 best,18.2
3249,West,Industrial,511.09,442.53,68.56,17689.54,258.0154609101517,Q2,258.02,Q2,13.41
3250,Central,Industrial,2389.54,2155.2,234.34,94240.29,402.15195869249806,Q3,402.15,Q3,9.81
3251,North,Residential,2389.38,2143.04,246.34,38509.09,156.32495737598438,Q1 (best),156.32,Q1 best,10.31
3252,West,Industrial,2075.95,1901.64,174.31,60125.76,344.93580402730765,Q3,344.94,Q3,8.4
3253,South,Commercial,1673.76,1597.4,76.36,99616.48,1304.5636458878994,Q4 (worst),1304.56,Q4 worst,4.56
3254,East,Commercial,810.13,718.41,91.72,50477.39,550.3422372437855,Q3,550.34,Q3,11.32
3255,East,Commercial,1801.42,1747.82,53.6,37077.14,691.7376865671641,Q4 (worst),691.74,Q4 worst,2.98
3256,East,Residential,2474.02,2298.78,175.24,33983.43,193.92507418397625,Q2,193.93,Q2,7.08
3257,Central,Residential,770.46,668.67,101.79,69458.17,682.3673248845662,Q4 (worst),682.37,Q4 worst,13.21
3258,South,Commercial,631.8,505.59,126.21,59897.83,474.58862213770703,Q3,474.59,Q3,19.98
3259,South,Commercial,734.83,637.45,97.38,44409.23,456.04056274388995,Q3,456.04,Q3,13.25
3260,North,Commercial,781.08,647.3,133.78,81953.33,612.5977724622514,Q3,612.6,Q3,17.13
3261,North,Residential,581.17,480.76,100.41,36552.85,364.0359525943631,Q3,364.04,Q3,17.28
3262,Central,Industrial,1824.76,1578.82,245.94,8006.48,32.554606814670244,Q1 (best),32.55,Q1 best,13.48
3263,East,Residential,2096.25,1845.0,251.25,5699.66,22.685213930348258,Q1 (best),22.69,Q1 best,11.99
3264,East,Residential,1693.29,1597.27,96.02,58088.3,604.9604249114768,Q3,604.96,Q3,5.67
3265,Central,Residential,1147.61,1073.98,73.63,33808.79,459.1713975281815,Q3,459.17,Q3,6.42
3266,South,Commercial,1537.08,1360.82,176.26,81901.38,464.66231703165784,Q3,464.66,Q3,11.47
3267,East,Commercial,1297.28,1245.22,52.06,74739.06,1435.6331156358046,Q4 (worst),1435.63,Q4 worst,4.01
3268,Central,Residential,1888.84,1827.94,60.9,40415.06,663.6298850574713,Q4 (worst),663.63,Q4 worst,3.22
3269,Central,Commercial,2268.19,2070.28,197.91,36663.97,185.25577282603206,Q2,185.26,Q2,8.73
3270,West,Residential,1717.9,1574.16,143.74,45808.58,318.69055238625293,Q2,318.69,Q2,8.37
3271,West,Industrial,2147.76,1990.2,157.56,23393.77,148.47531099263773,Q1 (best),148.48,Q1 best,7.34
3272,Central,Commercial,750.78,632.42,118.36,10387.98,87.76596823251099,Q1 (best),87.77,Q1 best,15.76
3273,East,Commercial,2134.3,1920.68,213.62,64563.45,302.2350435352495,Q2,302.24,Q2,10.01
3274,South,Commercial,1649.27,1568.98,80.29,75222.07,936.8796861377507,Q4 (worst),936.88,Q4 worst,4.87
3275,North,Commercial,1327.28,1251.77,75.51,7683.95,101.76069394782147,Q1 (best),101.76,Q1 best,5.69
3276,Central,Residential,2039.36,1837.05,202.31,15763.49,77.91750284217291,Q1 (best),77.92,Q1 best,9.92
3277,West,Commercial,693.28,625.73,67.55,65239.95,965.8023686158401,Q4 (worst),965.8,Q4 worst,9.74
3278,West,Industrial,1289.99,1194.37,95.62,21934.74,229.39489646517467,Q2,229.39,Q2,7.41
3279,Central,Commercial,574.81,464.46,110.35,56107.64,508.4516538287268,Q3,508.45,Q3,19.2
3280,North,Commercial,2404.93,2337.47,67.46,84185.49,1247.9319596798105,Q4 (worst),1247.93,Q4 worst,2.81
3281,Central,Commercial,1165.78,1100.75,65.03,84875.52,1305.17484238044,Q4 (worst),1305.17,Q4 worst,5.58
3282,East,Industrial,1290.75,1088.44,202.31,81306.55,401.8909099896199,Q3,401.89,Q3,15.67
3283,North,Industrial,1990.9,1728.15,262.75,85266.59,324.51604186489055,Q2,324.52,Q2,13.2
3284,Central,Residential,2309.2,2021.96,287.24,56245.91,195.8150327252472,Q2,195.82,Q2,12.44
3285,South,Commercial,2082.9,1865.29,217.61,77926.87,358.1033500298699,Q3,358.1,Q3,10.45
3286,Central,Industrial,1079.66,1039.44,40.22,59836.28,1487.7245151665838,Q4 (worst),1487.72,Q4 worst,3.73
3287,Central,Industrial,997.63,835.79,161.84,35666.53,220.3814260998517,Q2,220.38,Q2,16.22
3288,East,Commercial,2276.02,1986.79,289.23,82300.98,284.55201742557824,Q2,284.55,Q2,12.71
3289,West,Residential,565.22,502.79,62.43,68430.68,1096.1185327566873,Q4 (worst),1096.12,Q4 worst,11.05
3290,West,Residential,1362.87,1204.55,158.32,20540.83,129.74248357756446,Q1 (best),129.74,Q1 best,11.62
3291,North,Industrial,1588.06,1378.41,209.65,21717.23,103.5880276651562,Q1 (best),103.59,Q1 best,13.2
3292,East,Commercial,1036.72,914.31,122.41,21520.72,175.80851237643984,Q2,175.81,Q2,11.81
3293,South,Residential,2324.07,2180.67,143.4,49666.23,346.34748953974895,Q3,346.35,Q3,6.17
3294,North,Residential,1229.4,1123.86,105.54,58809.61,557.2257911692249,Q3,557.23,Q3,8.58
3295,North,Residential,1018.54,961.56,56.98,11434.38,200.67356967356966,Q2,200.67,Q2,5.59
3296,West,Residential,2090.56,1673.68,416.88,66077.99,158.50602091729036,Q1 (best),158.51,Q1 best,19.94
3297,West,Industrial,1058.43,940.95,117.48,94130.33,801.2455737146748,Q4 (worst),801.25,Q4 worst,11.1
3298,North,Commercial,2442.76,1970.54,472.22,43967.71,93.10852992249374,Q1 (best),93.11,Q1 best,19.33
3299,Central,Industrial,629.4,560.43,68.97,82543.1,1196.797158184718,Q4 (worst),1196.8,Q4 worst,10.96
3300,South,Industrial,1325.23,1213.45,111.78,41761.6,373.60529611737337,Q3,373.61,Q3,8.43
3301,East,Commercial,1723.45,1437.81,285.64,62713.98,219.55601456378662,Q2,219.56,Q2,16.57
3302,Central,Industrial,898.72,830.08,68.64,82463.41,1201.3900058275058,Q4 (worst),1201.39,Q4 worst,7.64
3303,Central,Residential,1527.24,1388.98,138.26,86815.21,627.9127007088096,Q3,627.91,Q3,9.05
3304,Central,Residential,1395.17,1263.05,132.12,70508.61,533.6709809264305,Q3,533.67,Q3,9.47
3305,West,Residential,899.59,823.22,76.37,74783.94,979.2318973418882,Q4 (worst),979.23,Q4 worst,8.49
3306,West,Commercial,2187.6,1876.27,311.33,53520.95,171.91067356181543,Q2,171.91,Q2,14.23
3307,Central,Residential,904.17,815.17,89.0,29015.35,326.0151685393258,Q2,326.02,Q2,9.84
3308,West,Residential,1980.16,1657.77,322.39,16666.53,51.69679580632153,Q1 (best),51.7,Q1 best,16.28
3309,West,Residential,1787.95,1699.28,88.67,61537.93,694.0107138829367,Q4 (worst),694.01,Q4 worst,4.96
3310,South,Industrial,1480.47,1336.82,143.65,50929.25,354.53706926557606,Q3,354.54,Q3,9.7
3311,South,Residential,1967.43,1803.68,163.75,51690.88,315.6694961832061,Q2,315.67,Q2,8.32
3312,Central,Commercial,638.77,541.08,97.69,15830.35,162.04678063261338,Q1 (best),162.05,Q1 best,15.29
3313,Central,Commercial,644.14,520.19,123.95,82891.97,668.7532876159742,Q4 (worst),668.75,Q4 worst,19.24
3314,Central,Residential,1001.94,843.03,158.91,89786.75,565.016361462463,Q3,565.02,Q3,15.86
3315,South,Industrial,1198.07,1022.82,175.25,5224.86,29.813751783166904,Q1 (best),29.81,Q1 best,14.63
3316,East,Commercial,1734.21,1659.77,74.44,85040.8,1142.407307898979,Q4 (worst),1142.41,Q4 worst,4.29
3317,North,Residential,2388.96,2316.46,72.5,19572.52,269.9657931034483,Q2,269.97,Q2,3.03
3318,West,Industrial,2440.29,2067.02,373.27,98574.87,264.0846304283762,Q2,264.08,Q2,15.3
3319,South,Industrial,589.64,503.14,86.5,98387.3,1137.4254335260116,Q4 (worst),1137.43,Q4 worst,14.67
3320,South,Residential,502.1,466.08,36.02,45187.23,1254.5038867295946,Q4 (worst),1254.5,Q4 worst,7.17
3321,West,Residential,1700.44,1457.15,243.29,77935.56,320.34017016729007,Q2,320.34,Q2,14.31
3322,Central,Residential,1192.8,994.72,198.08,11660.4,58.86712439418416,Q1 (best),58.87,Q1 best,16.61
3323,North,Residential,892.38,796.74,95.64,33922.81,354.69270179841067,Q3,354.69,Q3,10.72
3324,Central,Residential,1469.47,1289.35,180.12,7266.76,40.34399289362647,Q1 (best),40.34,Q1 best,12.26
3325,West,Commercial,881.94,710.41,171.53,35870.53,209.121028391535,Q2,209.12,Q2,19.45
3326,South,Industrial,2393.32,2152.36,240.96,73299.02,304.1958001328021,Q2,304.2,Q2,10.07
3327,Central,Industrial,2386.22,2158.32,227.9,48915.01,214.6336551118912,Q2,214.63,Q2,9.55
3328,East,Residential,2479.88,2096.27,383.61,13935.23,36.32655561638122,Q1 (best),36.33,Q1 best,15.47
3329,North,Residential,1053.36,952.76,100.6,31865.27,316.7521868787277,Q2,316.75,Q2,9.55
3330,South,Industrial,1353.77,1138.95,214.82,20943.39,97.49273810632157,Q1 (best),97.49,Q1 best,15.87
3331,West,Industrial,1853.08,1625.97,227.11,35796.07,157.6155607414909,Q1 (best),157.62,Q1 best,12.26
3332,North,Commercial,1006.63,971.88,34.75,34840.39,1002.6011510791367,Q4 (worst),1002.6,Q4 worst,3.45
3333,West,Residential,2472.9,1994.92,477.98,48416.5,101.29398719611699,Q1 (best),101.29,Q1 best,19.33
3334,North,Commercial,971.11,949.89,21.22,30377.16,1431.5344015080113,Q4 (worst),1431.53,Q4 worst,2.19
3335,North,Commercial,1807.96,1500.93,307.03,51191.56,166.73145946650166,Q1 (best),166.73,Q1 best,16.98
3336,West,Industrial,2229.01,1811.67,417.34,33997.04,81.46125461254613,Q1 (best),81.46,Q1 best,18.72
3337,Central,Commercial,917.26,843.51,73.75,70135.57,950.9907796610171,Q4 (worst),950.99,Q4 worst,8.04
3338,West,Industrial,2286.16,1969.53,316.63,88114.46,278.28841234248176,Q2,278.29,Q2,13.85
3339,West,Residential,2068.49,1965.75,102.74,86237.99,839.3808643176952,Q4 (worst),839.38,Q4 worst,4.97
3340,East,Industrial,1004.64,929.66,74.98,86007.39,1147.0710856228327,Q4 (worst),1147.07,Q4 worst,7.46
3341,West,Residential,1881.58,1563.44,318.14,78188.68,245.76815238574213,Q2,245.77,Q2,16.91
3342,Central,Residential,2048.85,1859.88,188.97,67913.93,359.39000899613694,Q3,359.39,Q3,9.22
3343,West,Residential,1663.05,1595.31,67.74,67385.54,994.7673457336876,Q4 (worst),994.77,Q4 worst,4.07
3344,South,Industrial,1073.96,894.89,179.07,92290.3,515.3867202769867,Q3,515.39,Q3,16.67
3345,Central,Residential,1774.29,1472.71,301.58,61454.24,203.77425558724053,Q2,203.77,Q2,17.0
3346,North,Residential,584.65,540.07,44.58,36841.93,826.4228353521759,Q4 (worst),826.42,Q4 worst,7.63
3347,Central,Commercial,1040.89,1009.04,31.85,17512.86,549.85431711146,Q3,549.85,Q3,3.06
3348,East,Commercial,935.61,904.4,31.21,65857.74,2110.1486702979814,Q4 (worst),2110.15,Q4 worst,3.34
3349,North,Residential,1158.64,940.03,218.61,34952.24,159.88399432779835,Q1 (best),159.88,Q1 best,18.87
3350,East,Commercial,2216.3,1975.31,240.99,37088.95,153.90244408481678,Q1 (best),153.9,Q1 best,10.87
3351,North,Residential,2400.18,2003.42,396.76,22439.11,56.555877608629906,Q1 (best),56.56,Q1 best,16.53
3352,North,Commercial,1809.35,1643.5,165.85,76054.34,458.5730479348809,Q3,458.57,Q3,9.17
3353,Central,Industrial,1730.77,1584.84,145.93,18789.95,128.7600219283218,Q1 (best),128.76,Q1 best,8.43
3354,East,Industrial,1923.05,1670.25,252.8,27335.22,108.12982594936709,Q1 (best),108.13,Q1 best,13.15
3355,North,Commercial,732.46,593.55,138.91,97701.81,703.3461233892448,Q4 (worst),703.35,Q4 worst,18.96
3356,Central,Industrial,567.5,502.08,65.42,72135.01,1102.6446040966064,Q4 (worst),1102.64,Q4 worst,11.53
3357,West,Industrial,561.49,492.07,69.42,21219.24,305.6646499567848,Q2,305.66,Q2,12.36
3358,North,Industrial,703.0,651.54,51.46,47520.2,923.4395647104546,Q4 (worst),923.44,Q4 worst,7.32
3359,Central,Commercial,2235.05,1987.22,247.83,56432.82,227.70778356131217,Q2,227.71,Q2,11.09
3360,South,Industrial,1357.69,1233.25,124.44,43328.58,348.188524590164,Q3,348.19,Q3,9.17
3361,North,Residential,1035.42,917.77,117.65,81631.28,693.8485337866553,Q4 (worst),693.85,Q4 worst,11.36
3362,West,Residential,916.52,778.51,138.01,24925.14,180.60386928483445,Q2,180.6,Q2,15.06
3363,East,Industrial,2185.58,1916.74,268.84,40749.52,151.57536080940338,Q1 (best),151.58,Q1 best,12.3
3364,East,Commercial,1104.9,1066.63,38.27,18774.46,490.57904363731376,Q3,490.58,Q3,3.46
3365,West,Residential,1713.6,1465.15,248.45,98866.26,397.93221976252767,Q3,397.93,Q3,14.5
3366,East,Residential,656.33,595.02,61.31,90745.64,1480.1115641820256,Q4 (worst),1480.11,Q4 worst,9.34
3367,East,Industrial,1991.01,1615.84,375.17,22416.74,59.75088626489325,Q1 (best),59.75,Q1 best,18.84
3368,Central,Industrial,2245.47,1906.55,338.92,77989.59,230.1120913489909,Q2,230.11,Q2,15.09
3369,West,Industrial,2273.72,1861.73,411.99,87586.32,212.59331537173233,Q2,212.59,Q2,18.12
3370,East,Commercial,512.0,461.8,50.2,55242.39,1100.446015936255,Q4 (worst),1100.45,Q4 worst,9.8
3371,East,Residential,2435.69,2276.98,158.71,98523.58,620.7773927288765,Q3,620.78,Q3,6.52
3372,Central,Commercial,907.49,788.79,118.7,23649.79,199.24001684919966,Q2,199.24,Q2,13.08
3373,North,Residential,646.74,567.11,79.63,56058.58,703.9881954037423,Q4 (worst),703.99,Q4 worst,12.31
3374,North,Commercial,999.32,915.25,84.07,88890.42,1057.3381705721424,Q4 (worst),1057.34,Q4 worst,8.41
3375,Central,Commercial,2231.94,1808.12,423.82,70721.86,166.86767967533387,Q1 (best),166.87,Q1 best,18.99
3376,Central,Industrial,2131.64,1971.0,160.64,48630.7,302.7309511952191,Q2,302.73,Q2,7.54
3377,Central,Residential,995.94,826.92,169.02,8031.87,47.52023429179978,Q1 (best),47.52,Q1 best,16.97
3378,South,Industrial,2030.01,1744.89,285.12,11584.08,40.628787878787875,Q1 (best),40.63,Q1 best,14.05
3379,North,Commercial,2172.25,1992.17,180.08,80043.15,444.4866170590848,Q3,444.49,Q3,8.29
3380,South,Commercial,1773.81,1529.63,244.18,80703.42,330.50790400524204,Q3,330.51,Q3,13.77
3381,South,Industrial,1804.28,1718.01,86.27,11176.08,129.5476990842703,Q1 (best),129.55,Q1 best,4.78
3382,East,Industrial,1576.83,1371.07,205.76,24330.98,118.24931959564542,Q1 (best),118.25,Q1 best,13.05
3383,South,Industrial,2004.22,1899.17,105.05,86917.73,827.3939076630176,Q4 (worst),827.39,Q4 worst,5.24
3384,West,Industrial,1085.4,1055.52,29.88,73253.68,2451.5957161981255,Q4 (worst),2451.6,Q4 worst,2.75
3385,East,Commercial,1427.8,1305.47,122.33,19308.65,157.84067685768005,Q1 (best),157.84,Q1 best,8.57
3386,West,Commercial,1602.07,1402.96,199.11,77964.63,391.56561699563053,Q3,391.57,Q3,12.43
3387,South,Commercial,511.92,411.59,100.33,54155.74,539.7761387421509,Q3,539.78,Q3,19.6
3388,West,Industrial,1361.95,1306.7,55.25,65089.43,1178.0892307692309,Q4 (worst),1178.09,Q4 worst,4.06
3389,South,Commercial,1303.25,1259.75,43.5,71752.28,1649.4777011494252,Q4 (worst),1649.48,Q4 worst,3.34
3390,North,Commercial,2464.98,2134.37,330.61,73162.17,221.29448595021321,Q2,221.29,Q2,13.41
3391,North,Industrial,1528.71,1293.1,235.61,53140.19,225.54301600101863,Q2,225.54,Q2,15.41
3392,East,Residential,1298.74,1221.32,77.42,35906.96,463.79436838026345,Q3,463.79,Q3,5.96
3393,East,Commercial,1150.55,1076.25,74.3,6796.56,91.47456258411844,Q1 (best),91.47,Q1 best,6.46
3394,South,Commercial,2048.74,1733.29,315.45,9564.52,30.320240925661757,Q1 (best),30.32,Q1 best,15.4
3395,Central,Commercial,2181.47,1764.26,417.21,30505.57,73.11802209918267,Q1 (best),73.12,Q1 best,19.13
3396,West,Residential,1953.95,1693.58,260.37,14672.96,56.3542650843031,Q1 (best),56.35,Q1 best,13.33
3397,South,Industrial,1189.08,953.0,236.08,38554.54,163.3113351406303,Q1 (best),163.31,Q1 best,19.85
3398,Central,Industrial,2235.28,2178.97,56.31,42786.5,759.8383946013141,Q4 (worst),759.84,Q4 worst,2.52
3399,East,Residential,2470.22,2129.58,340.64,31016.76,91.05436824800375,Q1 (best),91.05,Q1 best,13.79
3400,Central,Residential,501.35,414.72,86.63,91566.11,1056.9792219785295,Q4 (worst),1056.98,Q4 worst,17.28
3401,East,Residential,666.52,650.37,16.15,89036.83,5513.116408668731,Q4 (worst),5513.12,Q4 worst,2.42
3402,East,Industrial,2034.99,1903.35,131.64,29596.63,224.8300668489821,Q2,224.83,Q2,6.47
3403,North,Residential,2001.46,1658.63,342.83,93794.55,273.5890966368171,Q2,273.59,Q2,17.13
3404,East,Commercial,674.8,561.56,113.24,14945.63,131.98189685623456,Q1 (best),131.98,Q1 best,16.78
3405,South,Industrial,1110.46,1080.48,29.98,50787.4,1694.0426951300867,Q4 (worst),1694.04,Q4 worst,2.7
3406,Central,Industrial,679.74,613.77,65.97,87422.47,1325.185235713203,Q4 (worst),1325.19,Q4 worst,9.71
3407,West,Residential,2220.25,2151.22,69.03,90030.48,1304.2225119513255,Q4 (worst),1304.22,Q4 worst,3.11
3408,North,Residential,1237.18,1039.13,198.05,31013.49,156.59424387780862,Q1 (best),156.59,Q1 best,16.01
3409,West,Residential,968.09,833.97,134.12,64730.99,482.6348792126454,Q3,482.63,Q3,13.85
3410,South,Industrial,1059.67,1029.28,30.39,92581.1,3046.433037183284,Q4 (worst),3046.43,Q4 worst,2.87
3411,West,Commercial,2215.54,1867.82,347.72,43354.13,124.68115150120785,Q1 (best),124.68,Q1 best,15.69
3412,Central,Commercial,1603.22,1392.3,210.92,71399.97,338.51683102598145,Q3,338.52,Q3,13.16
3413,South,Commercial,1872.97,1545.46,327.51,20245.35,61.81597508473023,Q1 (best),61.82,Q1 best,17.49
3414,South,Commercial,1115.18,1028.16,87.02,15578.7,179.02436221558264,Q2,179.02,Q2,7.8
3415,West,Residential,2389.91,1996.61,393.3,44569.93,113.3229849987287,Q1 (best),113.32,Q1 best,16.46
3416,North,Residential,1858.86,1679.66,179.2,21512.47,120.04726562500001,Q1 (best),120.05,Q1 best,9.64
3417,West,Commercial,2398.94,2308.41,90.53,19819.43,218.9266541477963,Q2,218.93,Q2,3.77
3418,Central,Industrial,1289.32,1037.7,251.62,71890.64,285.7111517367459,Q2,285.71,Q2,19.52
3419,North,Residential,2305.2,2180.6,124.6,72789.77,584.1875601926164,Q3,584.19,Q3,5.41
3420,South,Industrial,783.12,652.85,130.27,38466.48,295.2827205035695,Q2,295.28,Q2,16.63
3421,Central,Commercial,1727.4,1488.04,239.36,66541.82,277.9989137700535,Q2,278.0,Q2,13.86
3422,West,Commercial,1740.68,1672.68,68.0,11306.58,166.27323529411765,Q1 (best),166.27,Q1 best,3.91
3423,South,Residential,682.84,586.45,96.39,51801.41,537.4147733167341,Q3,537.41,Q3,14.12
3424,East,Residential,2421.04,2226.28,194.76,68888.95,353.7120045183816,Q3,353.71,Q3,8.04
3425,South,Residential,1042.23,1009.94,32.29,14058.83,435.3926912356767,Q3,435.39,Q3,3.1
3426,East,Residential,1242.4,1102.57,139.83,66115.71,472.829221197168,Q3,472.83,Q3,11.25
3427,East,Commercial,1258.89,1054.92,203.97,33520.81,164.34186399960777,Q1 (best),164.34,Q1 best,16.2
3428,Central,Residential,509.0,477.23,31.77,83715.62,2635.0525653131886,Q4 (worst),2635.05,Q4 worst,6.24
3429,East,Industrial,1764.92,1585.02,179.9,56588.78,314.5568649249583,Q2,314.56,Q2,10.19
3430,South,Commercial,2384.61,1985.37,399.24,74097.63,185.5967087466186,Q2,185.6,Q2,16.74
3431,East,Commercial,1735.35,1406.67,328.68,35160.32,106.9743215285384,Q1 (best),106.97,Q1 best,18.94
3432,North,Residential,912.49,869.79,42.7,43060.77,1008.4489461358312,Q4 (worst),1008.45,Q4 worst,4.68
3433,East,Residential,2491.83,2433.39,58.44,13770.74,235.63894592744697,Q2,235.64,Q2,2.35
3434,North,Residential,2037.74,1802.74,235.0,65610.08,279.19182978723404,Q2,279.19,Q2,11.53
3435,East,Commercial,1312.76,1267.3,45.46,36199.42,796.2916849978002,Q4 (worst),796.29,Q4 worst,3.46
3436,South,Industrial,1194.51,998.32,196.19,57380.36,292.4734186248025,Q2,292.47,Q2,16.42
3437,Central,Commercial,2477.78,2101.34,376.44,67777.83,180.04948995855915,Q2,180.05,Q2,15.19
3438,East,Commercial,2003.39,1712.05,291.34,91104.46,312.70838195922295,Q2,312.71,Q2,14.54
3439,East,Industrial,1805.81,1639.88,165.93,88066.69,530.7460374856868,Q3,530.75,Q3,9.19
3440,Central,Residential,780.27,733.88,46.39,85976.23,1853.3354171157575,Q4 (worst),1853.34,Q4 worst,5.95
3441,Central,Residential,2483.77,2025.52,458.25,88593.28,193.32957992362248,Q2,193.33,Q2,18.45
3442,West,Residential,2024.03,1655.09,368.94,69131.52,187.37876077410962,Q2,187.38,Q2,18.23
3443,North,Commercial,1529.25,1280.81,248.44,77243.14,310.91265496699407,Q2,310.91,Q2,16.25
3444,North,Industrial,512.84,410.91,101.93,9308.35,91.32100461100755,Q1 (best),91.32,Q1 best,19.88
3445,Central,Industrial,674.66,634.44,40.22,41564.32,1033.4241670810543,Q4 (worst),1033.42,Q4 worst,5.96
3446,West,Commercial,1696.6,1659.1,37.5,86947.06,2318.5882666666666,Q4 (worst),2318.59,Q4 worst,2.21
3447,East,Commercial,519.03,495.42,23.61,27083.98,1147.140194832698,Q4 (worst),1147.14,Q4 worst,4.55
3448,South,Residential,894.11,788.61,105.5,49815.59,472.1856872037914,Q3,472.19,Q3,11.8
3449,Central,Commercial,677.78,577.43,100.35,21941.46,218.6493273542601,Q2,218.65,Q2,14.81
3450,North,Industrial,967.75,905.72,62.03,69699.91,1123.6483959374495,Q4 (worst),1123.65,Q4 worst,6.41
3451,South,Industrial,1738.95,1546.4,192.55,43254.63,224.64102830433652,Q2,224.64,Q2,11.07
3452,South,Residential,1858.8,1625.51,233.29,68871.47,295.2182691071199,Q2,295.22,Q2,12.55
3453,South,Industrial,613.8,546.73,67.07,95889.43,1429.6918145221412,Q4 (worst),1429.69,Q4 worst,10.93
3454,West,Residential,2289.31,2023.16,266.15,70897.53,266.38185233890664,Q2,266.38,Q2,11.63
3455,West,Residential,888.31,842.28,46.03,94083.35,2043.9572018248969,Q4 (worst),2043.96,Q4 worst,5.18
3456,North,Commercial,2042.76,1940.73,102.03,8855.05,86.78868960109772,Q1 (best),86.79,Q1 best,4.99
3457,West,Commercial,1936.29,1822.35,113.94,81691.23,716.9670879410215,Q4 (worst),716.97,Q4 worst,5.88
3458,Central,Residential,1464.13,1285.08,179.05,38676.74,216.010834962301,Q2,216.01,Q2,12.23
3459,North,Residential,721.88,581.87,140.01,68945.43,492.4321834154703,Q3,492.43,Q3,19.4
3460,East,Commercial,1048.19,893.39,154.8,61779.4,399.09173126614985,Q3,399.09,Q3,14.77
3461,West,Industrial,1991.48,1743.99,247.49,86194.75,348.27568790658205,Q3,348.28,Q3,12.43
3462,East,Industrial,1970.95,1850.23,120.72,29946.09,248.06237574552685,Q2,248.06,Q2,6.12
3463,South,Residential,1901.15,1649.26,251.89,36551.0,145.10699114692923,Q1 (best),145.11,Q1 best,13.25
3464,Central,Residential,2461.33,2336.45,124.88,25827.35,206.81734465086484,Q2,206.82,Q2,5.07
3465,East,Commercial,2054.16,1703.04,351.12,55153.47,157.07869104579632,Q1 (best),157.08,Q1 best,17.09
3466,North,Industrial,2068.4,1658.29,410.11,39149.54,95.46107141986296,Q1 (best),95.46,Q1 best,19.83
3467,Central,Industrial,1768.59,1693.88,74.71,46725.62,625.4265827867756,Q3,625.43,Q3,4.22
3468,North,Residential,787.73,671.73,116.0,67003.09,577.6128448275862,Q3,577.61,Q3,14.73
3469,East,Residential,1923.57,1880.46,43.11,62252.13,1444.0299234516353,Q4 (worst),1444.03,Q4 worst,2.24
3470,North,Residential,1060.99,908.75,152.24,22885.28,150.3236994219653,Q1 (best),150.32,Q1 best,14.35
3471,West,Industrial,686.45,601.46,84.99,52379.56,616.3026238380986,Q3,616.3,Q3,12.38
3472,Central,Commercial,1938.56,1804.64,133.92,45371.63,338.79652031063324,Q3,338.8,Q3,6.91
3473,South,Residential,2314.85,2094.5,220.35,57544.71,261.1513955071477,Q2,261.15,Q2,9.52
3474,South,Residential,748.07,668.9,79.17,57729.78,729.18757104964,Q4 (worst),729.19,Q4 worst,10.58
3475,North,Industrial,1565.25,1484.13,81.12,98875.52,1218.8796844181459,Q4 (worst),1218.88,Q4 worst,5.18
3476,Central,Industrial,1457.33,1239.56,217.77,75902.15,348.5427285668365,Q3,348.54,Q3,14.94
3477,South,Residential,1340.79,1167.7,173.09,31629.92,182.73684210526315,Q2,182.74,Q2,12.91
3478,West,Residential,1388.98,1139.89,249.09,24562.71,98.60977959773575,Q1 (best),98.61,Q1 best,17.93
3479,West,Residential,2433.94,1947.47,486.47,11955.91,24.576870105042445,Q1 (best),24.58,Q1 best,19.99
3480,West,Industrial,2167.87,2109.69,58.18,49203.25,845.7072877277415,Q4 (worst),845.71,Q4 worst,2.68
3481,South,Residential,676.94,619.41,57.53,58001.86,1008.2019815748305,Q4 (worst),1008.2,Q4 worst,8.5
3482,South,Commercial,2262.24,1869.06,393.18,59163.2,150.47357444427487,Q1 (best),150.47,Q1 best,17.38
3483,Central,Commercial,2071.33,2006.21,65.12,80783.11,1240.5268734643735,Q4 (worst),1240.53,Q4 worst,3.14
3484,North,Industrial,1299.32,1048.1,251.22,78538.81,312.62960751532523,Q2,312.63,Q2,19.33
3485,South,Commercial,881.56,738.69,142.87,68567.29,479.9278364947154,Q3,479.93,Q3,16.21
3486,East,Residential,1925.93,1825.83,100.1,85682.9,855.973026973027,Q4 (worst),855.97,Q4 worst,5.2
3487,Central,Industrial,1740.3,1408.14,332.16,70400.23,211.94674253371866,Q2,211.95,Q2,19.09
3488,East,Industrial,628.41,573.31,55.1,91821.39,1666.4499092558983,Q4 (worst),1666.45,Q4 worst,8.77
3489,South,Residential,542.07,457.03,85.04,19801.39,232.84795390404514,Q2,232.85,Q2,15.69
3490,East,Commercial,2306.84,1862.65,444.19,62630.1,140.99844661068462,Q1 (best),141.0,Q1 best,19.26
3491,Central,Commercial,1029.56,993.05,36.51,40817.74,1117.9879485072584,Q4 (worst),1117.99,Q4 worst,3.55
3492,South,Industrial,1065.5,1040.74,24.76,46255.01,1868.1344911147012,Q4 (worst),1868.13,Q4 worst,2.32
3493,North,Residential,2198.2,2114.69,83.51,66389.05,794.9832355406538,Q4 (worst),794.98,Q4 worst,3.8
3494,East,Industrial,2121.96,1933.98,187.98,20203.12,107.47483774869667,Q1 (best),107.47,Q1 best,8.86
3495,Central,Commercial,1131.86,1077.54,54.32,40489.08,745.380706921944,Q4 (worst),745.38,Q4 worst,4.8
3496,East,Commercial,742.52,672.52,70.0,79571.13,1136.7304285714285,Q4 (worst),1136.73,Q4 worst,9.43
3497,East,Residential,2159.0,2088.67,70.33,13554.67,192.7295606426845,Q2,192.73,Q2,3.26
3498,South,Commercial,1839.65,1799.68,39.97,33372.65,834.942456842632,Q4 (worst),834.94,Q4 worst,2.17
3499,West,Commercial,981.82,856.34,125.48,12343.31,98.36874402295186,Q1 (best),98.37,Q1 best,12.78
3500,Central,Industrial,850.38,732.51,117.87,36336.39,308.2751336217867,Q2,308.28,Q2,13.86
3501,East,Residential,731.07,715.2,15.87,89996.08,5670.830497794582,Q4 (worst),5670.83,Q4 worst,2.17
3502,East,Industrial,584.7,525.72,58.98,99303.05,1683.6732790776537,Q4 (worst),1683.67,Q4 worst,10.09
3503,East,Residential,1573.23,1516.49,56.74,18007.78,317.37363412054987,Q2,317.37,Q2,3.61
3504,North,Industrial,2378.09,1983.86,394.23,64265.31,163.01476295563504,Q1 (best),163.01,Q1 best,16.58
3505,South,Industrial,1010.09,974.67,35.42,84962.62,2398.718802936194,Q4 (worst),2398.72,Q4 worst,3.51
3506,South,Residential,869.02,831.61,37.41,78447.25,2096.9593691526334,Q4 (worst),2096.96,Q4 worst,4.3
3507,East,Residential,880.51,727.5,153.01,44055.83,287.92778249787597,Q2,287.93,Q2,17.38
3508,West,Industrial,2000.56,1920.75,79.81,80073.95,1003.3072296704673,Q4 (worst),1003.31,Q4 worst,3.99
3509,East,Industrial,1520.13,1356.37,163.76,91982.19,561.6889960918418,Q3,561.69,Q3,10.77
3510,East,Residential,2455.81,2004.9,450.91,75677.9,167.83371404493133,Q1 (best),167.83,Q1 best,18.36
3511,North,Commercial,2260.62,2064.93,195.69,48473.68,247.7064745260361,Q2,247.71,Q2,8.66
3512,East,Commercial,755.37,662.99,92.38,32113.71,347.62621779605973,Q3,347.63,Q3,12.23
3513,North,Commercial,1104.18,905.57,198.61,81823.36,411.9800614269171,Q3,411.98,Q3,17.99
3514,North,Industrial,948.35,917.95,30.4,57756.73,1899.8924342105265,Q4 (worst),1899.89,Q4 worst,3.21
3515,Central,Industrial,698.44,612.85,85.59,20582.94,240.4830003505082,Q2,240.48,Q2,12.25
3516,Central,Industrial,609.84,537.59,72.25,43910.19,607.7534948096886,Q3,607.75,Q3,11.85
3517,West,Residential,2280.38,1973.14,307.24,54594.29,177.69265069652388,Q2,177.69,Q2,13.47
3518,North,Industrial,1619.2,1581.56,37.64,36959.92,981.9319872476088,Q4 (worst),981.93,Q4 worst,2.32
3519,North,Industrial,2136.35,1983.41,152.94,34371.81,224.7404864652805,Q2,224.74,Q2,7.16
3520,South,Commercial,849.3,769.52,79.78,53230.52,667.2163449486086,Q4 (worst),667.22,Q4 worst,9.39
3521,West,Residential,1463.53,1331.69,131.84,65146.69,494.1344811893204,Q3,494.13,Q3,9.01
3522,Central,Commercial,1709.72,1398.74,310.98,72959.63,234.61196861534503,Q2,234.61,Q2,18.19
3523,West,Residential,2217.3,2007.0,210.3,84178.97,400.2804089396101,Q3,400.28,Q3,9.48
3524,South,Commercial,719.06,640.79,78.27,85030.25,1086.3708956177336,Q4 (worst),1086.37,Q4 worst,10.89
3525,South,Residential,1360.29,1331.26,29.03,45129.08,1554.5669996555287,Q4 (worst),1554.57,Q4 worst,2.13
3526,North,Residential,2258.82,1820.06,438.76,78680.19,179.32398121980125,Q2,179.32,Q2,19.42
3527,South,Industrial,1415.54,1153.84,261.7,84060.18,321.20817730225446,Q2,321.21,Q2,18.49
3528,South,Commercial,2439.12,2354.7,84.42,23481.95,278.1562425965411,Q2,278.16,Q2,3.46
3529,Central,Residential,723.72,693.14,30.58,29996.64,980.9234793982996,Q4 (worst),980.92,Q4 worst,4.23
3530,South,Industrial,2221.43,1961.93,259.5,70337.66,271.05071290944124,Q2,271.05,Q2,11.68
3531,East,Industrial,671.27,601.11,70.16,89217.87,1271.6344070695552,Q4 (worst),1271.63,Q4 worst,10.45
3532,West,Residential,1479.16,1395.29,83.87,41506.7,494.8932872302372,Q3,494.89,Q3,5.67
3533,North,Residential,2169.22,1870.52,298.7,87808.67,293.96943421493137,Q2,293.97,Q2,13.77
3534,West,Commercial,699.51,638.7,60.81,55202.37,907.7844104588062,Q4 (worst),907.78,Q4 worst,8.69
3535,North,Industrial,1859.55,1520.42,339.13,47592.42,140.33680299590128,Q1 (best),140.34,Q1 best,18.24
3536,South,Residential,1606.43,1402.63,203.8,79925.23,392.1748282630029,Q3,392.17,Q3,12.69
3537,East,Commercial,641.2,596.87,44.33,83934.7,1893.4062711482065,Q4 (worst),1893.41,Q4 worst,6.91
3538,South,Residential,980.85,832.63,148.22,86412.05,582.9985831871543,Q3,583.0,Q3,15.11
3539,South,Industrial,2126.1,1784.91,341.19,96040.42,281.48662035815823,Q2,281.49,Q2,16.05
3540,North,Residential,1929.42,1747.0,182.42,63012.78,345.4269268720535,Q3,345.43,Q3,9.45
3541,North,Commercial,1589.18,1496.75,92.43,44088.64,476.9949150708644,Q3,476.99,Q3,5.82
3542,East,Commercial,2304.37,2035.96,268.41,57462.0,214.0829328266458,Q2,214.08,Q2,11.65
3543,West,Commercial,790.28,762.41,27.87,13661.8,490.19734481521346,Q3,490.2,Q3,3.53
3544,Central,Industrial,2413.34,2346.08,67.26,9105.61,135.37927445732976,Q1 (best),135.38,Q1 best,2.79
3545,Central,Residential,1602.87,1331.79,271.08,37024.96,136.58314888593773,Q1 (best),136.58,Q1 best,16.91
3546,East,Residential,823.05,720.7,102.35,35377.65,345.65363947239865,Q3,345.65,Q3,12.44
3547,Central,Commercial,519.74,447.13,72.61,32389.74,446.0782261396502,Q3,446.08,Q3,13.97
3548,East,Residential,820.64,744.29,76.35,97334.13,1274.8412573673872,Q4 (worst),1274.84,Q4 worst,9.3
3549,North,Residential,1752.13,1469.04,283.09,89444.52,315.9578932494967,Q2,315.96,Q2,16.16
3550,South,Industrial,1259.74,1234.34,25.4,38838.48,1529.0740157480318,Q4 (worst),1529.07,Q4 worst,2.02
3551,West,Residential,591.96,544.08,47.88,61800.34,1290.7339181286548,Q4 (worst),1290.73,Q4 worst,8.09
3552,North,Residential,618.23,582.45,35.78,16954.87,473.8644494130799,Q3,473.86,Q3,5.79
3553,South,Industrial,1510.25,1219.44,290.81,65544.95,225.38753825521817,Q2,225.39,Q2,19.26
3554,Central,Industrial,2427.57,2160.97,266.6,22668.67,85.0287696924231,Q1 (best),85.03,Q1 best,10.98
3555,West,Industrial,524.72,456.79,67.93,27481.68,404.558810540262,Q3,404.56,Q3,12.95
3556,West,Residential,855.15,826.8,28.35,64102.48,2261.110405643739,Q4 (worst),2261.11,Q4 worst,3.32
3557,West,Residential,1285.43,1037.21,248.22,89352.91,359.97465957618243,Q3,359.97,Q3,19.31
3558,Central,Commercial,758.11,650.7,107.41,84785.19,789.3603016478913,Q4 (worst),789.36,Q4 worst,14.17
3559,South,Residential,1730.42,1489.51,240.91,93673.35,388.8313062969574,Q3,388.83,Q3,13.92
3560,Central,Residential,943.28,860.25,83.03,42575.55,512.7730940623871,Q3,512.77,Q3,8.8
3561,North,Residential,1555.01,1494.15,60.86,37347.42,613.661189615511,Q3,613.66,Q3,3.91
3562,West,Commercial,2486.26,2419.63,66.63,40181.4,603.0526789734355,Q3,603.05,Q3,2.68
3563,South,Industrial,2161.57,1990.61,170.96,47430.65,277.43711979410386,Q2,277.44,Q2,7.91
3564,North,Commercial,836.12,682.93,153.19,76117.92,496.8856974998368,Q3,496.89,Q3,18.32
3565,North,Residential,1587.23,1272.55,314.68,86776.07,275.75972416423036,Q2,275.76,Q2,19.83
3566,Central,Residential,594.65,537.05,57.6,61243.98,1063.2635416666667,Q4 (worst),1063.26,Q4 worst,9.69
3567,North,Residential,1290.16,1172.54,117.62,68017.61,578.2826900187043,Q3,578.28,Q3,9.12
3568,North,Industrial,1019.24,982.59,36.65,44449.53,1212.8111869031377,Q4 (worst),1212.81,Q4 worst,3.6
3569,North,Industrial,607.09,558.94,48.15,7889.27,163.8477673935618,Q1 (best),163.85,Q1 best,7.93
3570,East,Industrial,572.02,537.5,34.52,12951.53,375.18916570104284,Q3,375.19,Q3,6.03
3571,West,Industrial,2441.13,2249.6,191.53,57406.52,299.7259959275309,Q2,299.73,Q2,7.85
3572,South,Residential,1445.63,1199.73,245.9,81743.15,332.42435949572996,Q3,332.42,Q3,17.01
3573,Central,Commercial,2072.12,1957.74,114.38,60221.59,526.5045462493442,Q3,526.5,Q3,5.52
3574,North,Commercial,2362.02,1950.27,411.75,10252.17,24.899016393442622,Q1 (best),24.9,Q1 best,17.43
3575,East,Industrial,1886.09,1610.72,275.37,28444.86,103.29687329774485,Q1 (best),103.3,Q1 best,14.6
3576,North,Industrial,1222.2,1089.37,132.83,85390.93,642.8587668448391,Q3,642.86,Q3,10.87
3577,East,Residential,1081.22,932.45,148.77,18394.87,123.64636687504199,Q1 (best),123.65,Q1 best,13.76
3578,South,Industrial,1800.68,1565.1,235.58,81622.31,346.4738517700993,Q3,346.47,Q3,13.08
3579,North,Commercial,567.8,469.62,98.18,64439.12,656.3365247504584,Q4 (worst),656.34,Q4 worst,17.29
3580,South,Commercial,685.47,644.49,40.98,74952.22,1828.9951195705223,Q4 (worst),1829.0,Q4 worst,5.98
3581,North,Industrial,897.62,747.71,149.91,56341.37,375.83463411380166,Q3,375.83,Q3,16.7
3582,North,Commercial,2349.25,1888.04,461.21,83885.57,181.88150733938988,Q2,181.88,Q2,19.63
3583,East,Industrial,1875.76,1832.96,42.8,46285.16,1081.428971962617,Q4 (worst),1081.43,Q4 worst,2.28
3584,Central,Residential,1938.24,1811.43,126.81,90682.34,715.1040138790315,Q4 (worst),715.1,Q4 worst,6.54
3585,West,Residential,2409.99,2242.67,167.32,82611.67,493.73458044465696,Q3,493.73,Q3,6.94
3586,South,Industrial,1464.01,1314.58,149.43,76085.3,509.17018001739945,Q3,509.17,Q3,10.21
3587,North,Commercial,2323.9,1898.66,425.24,76953.39,180.96460822123976,Q2,180.96,Q2,18.3
3588,South,Commercial,524.35,420.57,103.78,47354.3,456.2950472152631,Q3,456.3,Q3,19.79
3589,Central,Residential,1732.94,1394.98,337.96,73922.4,218.73121079417683,Q2,218.73,Q2,19.5
3590,South,Commercial,1203.14,1120.14,83.0,87244.23,1051.1353012048191,Q4 (worst),1051.14,Q4 worst,6.9
3591,South,Residential,787.61,644.19,143.42,85914.28,599.0397434109609,Q3,599.04,Q3,18.21
3592,Central,Residential,502.7,429.29,73.41,41189.87,561.093447759161,Q3,561.09,Q3,14.6
3593,Central,Commercial,535.42,501.09,34.33,56410.18,1643.1744829595107,Q4 (worst),1643.17,Q4 worst,6.41
3594,South,Industrial,879.09,812.42,66.67,24710.88,370.6446677666117,Q3,370.64,Q3,7.58
3595,Central,Commercial,1214.91,1005.54,209.37,60002.15,286.5842766394421,Q2,286.58,Q2,17.23
3596,West,Residential,1637.32,1458.24,179.08,66940.01,373.79947509492956,Q3,373.8,Q3,10.94
3597,West,Industrial,788.69,676.19,112.5,78677.33,699.3540444444444,Q4 (worst),699.35,Q4 worst,14.26
3598,South,Commercial,1473.12,1263.93,209.19,37404.54,178.8065395095368,Q2,178.81,Q2,14.2
3599,East,Commercial,2015.8,1634.46,381.34,50942.53,133.5882152409923,Q1 (best),133.59,Q1 best,18.92
3600,East,Commercial,2007.75,1877.77,129.98,51809.79,398.59816894906913,Q3,398.6,Q3,6.47
3601,North,Industrial,1709.45,1493.88,215.57,79416.27,368.4013081597625,Q3,368.4,Q3,12.61
3602,West,Residential,1808.52,1586.74,221.78,98925.51,446.0524393543151,Q3,446.05,Q3,12.26
3603,Central,Commercial,958.54,925.57,32.97,95086.47,2884.0300272975433,Q4 (worst),2884.03,Q4 worst,3.44
3604,Central,Residential,2301.59,2066.51,235.08,23151.53,98.48362259656287,Q1 (best),98.48,Q1 best,10.21
3605,Central,Industrial,1425.57,1239.86,185.71,98799.74,532.0108771740886,Q3,532.01,Q3,13.03
3606,East,Commercial,617.37,562.58,54.79,83765.96,1528.854900529294,Q4 (worst),1528.85,Q4 worst,8.87
3607,Central,Industrial,1550.17,1290.96,259.21,16388.46,63.22464411095251,Q1 (best),63.22,Q1 best,16.72
3608,East,Residential,1632.28,1442.37,189.91,62593.36,329.59486072350063,Q2,329.59,Q2,11.63
3609,South,Commercial,2346.89,2258.04,88.85,28154.89,316.881148002251,Q2,316.88,Q2,3.79
3610,Central,Industrial,1135.71,978.57,157.14,43185.64,274.82270586737945,Q2,274.82,Q2,13.84
3611,East,Industrial,1055.98,1031.87,24.11,23719.74,983.8133554541685,Q4 (worst),983.81,Q4 worst,2.28
3612,North,Industrial,1611.98,1384.19,227.79,75811.73,332.8141270468414,Q3,332.81,Q3,14.13
3613,South,Industrial,817.41,776.43,40.98,13375.74,326.3967789165447,Q2,326.4,Q2,5.01
3614,East,Residential,1654.68,1458.74,195.94,73183.61,373.5001020720629,Q3,373.5,Q3,11.84
3615,East,Commercial,1934.35,1686.33,248.02,23696.26,95.54173050560438,Q1 (best),95.54,Q1 best,12.82
3616,Central,Industrial,2015.6,1690.65,324.95,47376.85,145.79735343899063,Q1 (best),145.8,Q1 best,16.12
3617,North,Industrial,2471.13,2108.7,362.43,59982.35,165.50051044339597,Q1 (best),165.5,Q1 best,14.67
3618,North,Industrial,757.05,646.5,110.55,88533.02,800.8414292175487,Q4 (worst),800.84,Q4 worst,14.6
3619,East,Commercial,2310.81,2254.41,56.4,29172.95,517.2508865248227,Q3,517.25,Q3,2.44
3620,Central,Residential,572.36,526.49,45.87,70062.14,1527.40658382385,Q4 (worst),1527.41,Q4 worst,8.01
3621,West,Industrial,1006.72,808.58,198.14,8618.0,43.4944988392046,Q1 (best),43.49,Q1 best,19.68
3622,North,Industrial,560.81,463.17,97.64,7150.41,73.23238426874232,Q1 (best),73.23,Q1 best,17.41
3623,North,Commercial,2366.71,2300.69,66.02,61455.51,930.8620115116632,Q4 (worst),930.86,Q4 worst,2.79
3624,East,Residential,942.32,889.89,52.43,51953.21,990.9061605950791,Q4 (worst),990.91,Q4 worst,5.56
3625,West,Industrial,1775.31,1693.85,81.46,43263.77,531.1044684507734,Q3,531.1,Q3,4.59
3626,West,Commercial,1615.48,1571.53,43.95,62012.74,1410.9838452787258,Q4 (worst),1410.98,Q4 worst,2.72
3627,North,Residential,2391.59,2296.83,94.76,12409.42,130.95631067961165,Q1 (best),130.96,Q1 best,3.96
3628,North,Industrial,2055.65,1738.74,316.91,51148.32,161.39698968161306,Q1 (best),161.4,Q1 best,15.42
3629,East,Industrial,769.65,668.84,100.81,37025.55,367.28052772542407,Q3,367.28,Q3,13.1
3630,East,Commercial,2400.66,2257.85,142.81,67614.67,473.4589314473776,Q3,473.46,Q3,5.95
3631,North,Residential,1153.65,974.51,179.14,46885.15,261.7235123367199,Q2,261.72,Q2,15.53
3632,Central,Industrial,1335.92,1163.42,172.5,33664.94,195.15907246376813,Q2,195.16,Q2,12.91
3633,South,Industrial,1721.49,1416.77,304.72,87378.9,286.7514439485429,Q2,286.75,Q2,17.7
3634,West,Industrial,630.75,617.08,13.67,76853.39,5622.0475493782005,Q4 (worst),5622.05,Q4 worst,2.17
3635,South,Commercial,534.97,518.68,16.29,40134.48,2463.749539594844,Q4 (worst),2463.75,Q4 worst,3.05
3636,West,Residential,1519.39,1236.65,282.74,62436.83,220.82772158166514,Q2,220.83,Q2,18.61
3637,East,Industrial,657.77,554.82,102.95,6838.29,66.42340942204953,Q1 (best),66.42,Q1 best,15.65
3638,South,Residential,572.45,532.51,39.94,44838.02,1122.6344516775162,Q4 (worst),1122.63,Q4 worst,6.98
3639,East,Commercial,1946.32,1794.16,152.16,76612.73,503.5011172450052,Q3,503.5,Q3,7.82
3640,West,Industrial,2460.83,2341.65,119.18,78564.92,659.2122839402584,Q4 (worst),659.21,Q4 worst,4.84
3641,South,Industrial,653.28,541.51,111.77,57775.32,516.9125883510782,Q3,516.91,Q3,17.11
3642,West,Industrial,2289.24,1914.85,374.39,85995.6,229.695237586474,Q2,229.7,Q2,16.35
3643,Central,Residential,1354.55,1180.64,173.91,13114.09,75.40733712839975,Q1 (best),75.41,Q1 best,12.84
3644,Central,Commercial,2106.52,2024.92,81.6,15331.17,187.88198529411767,Q2,187.88,Q2,3.87
3645,Central,Residential,2048.93,1757.46,291.47,15106.28,51.82790681716814,Q1 (best),51.83,Q1 best,14.23
3646,North,Industrial,2412.29,2311.26,101.03,37100.54,367.22300306839554,Q3,367.22,Q3,4.19
3647,East,Residential,521.43,493.31,28.12,29167.1,1037.2368421052631,Q4 (worst),1037.24,Q4 worst,5.39
3648,Central,Industrial,2100.91,1695.93,404.98,46556.25,114.95938071015853,Q1 (best),114.96,Q1 best,19.28
3649,East,Residential,1420.55,1190.81,229.74,81590.26,355.1417254287455,Q3,355.14,Q3,16.17
3650,East,Industrial,1322.42,1102.93,219.49,48178.47,219.50189074673105,Q2,219.5,Q2,16.6
3651,South,Industrial,1733.56,1487.81,245.75,81157.5,330.2441505595117,Q3,330.24,Q3,14.18
3652,North,Industrial,1815.8,1694.7,121.1,32394.52,267.5022295623452,Q2,267.5,Q2,6.67
3653,East,Residential,1683.47,1380.86,302.61,75120.58,248.2422259674168,Q2,248.24,Q2,17.98
3654,Central,Industrial,1350.78,1246.98,103.8,56156.59,541.0076107899807,Q3,541.01,Q3,7.68
3655,East,Industrial,1651.42,1373.51,277.91,10548.69,37.957216365010254,Q1 (best),37.96,Q1 best,16.83
3656,East,Commercial,2290.29,2195.81,94.48,20340.25,215.28630397967822,Q2,215.29,Q2,4.13
3657,South,Commercial,1156.25,1037.73,118.52,16501.67,139.23110023624704,Q1 (best),139.23,Q1 best,10.25
3658,Central,Commercial,1465.03,1259.79,205.24,37425.51,182.34998051062172,Q2,182.35,Q2,14.01
3659,Central,Residential,1141.81,994.54,147.27,24233.58,164.55204726013446,Q1 (best),164.55,Q1 best,12.9
3660,East,Residential,1703.48,1429.26,274.22,52300.68,190.72525709284514,Q2,190.73,Q2,16.1
3661,South,Residential,1993.23,1667.27,325.96,33129.45,101.6365504969935,Q1 (best),101.64,Q1 best,16.35
3662,West,Commercial,2281.72,2063.64,218.08,20635.88,94.62527512839326,Q1 (best),94.63,Q1 best,9.56
3663,North,Industrial,1156.98,949.3,207.68,51206.1,246.56249999999997,Q2,246.56,Q2,17.95
3664,South,Residential,1580.6,1416.9,163.7,95914.58,585.9167990226024,Q3,585.92,Q3,10.36
3665,South,Residential,2433.5,2269.67,163.83,97370.67,594.3396813770371,Q3,594.34,Q3,6.73
3666,North,Commercial,1076.64,980.52,96.12,54709.62,569.1803995006243,Q3,569.18,Q3,8.93
3667,East,Residential,2488.39,2145.85,342.54,46651.9,136.19402113621766,Q1 (best),136.19,Q1 best,13.77
3668,North,Residential,1958.68,1616.59,342.09,70862.98,207.14718348972494,Q2,207.15,Q2,17.47
3669,North,Residential,901.87,856.14,45.73,32670.15,714.4139514541877,Q4 (worst),714.41,Q4 worst,5.07
3670,West,Commercial,943.42,882.28,61.14,82145.55,1343.5647693817468,Q4 (worst),1343.56,Q4 worst,6.48
3671,West,Residential,595.44,557.14,38.3,26573.57,693.8268929503917,Q4 (worst),693.83,Q4 worst,6.43
3672,Central,Commercial,1135.55,1067.87,67.68,79361.08,1172.5927895981088,Q4 (worst),1172.59,Q4 worst,5.96
3673,South,Commercial,2180.75,2110.57,70.18,54407.68,775.2590481618694,Q4 (worst),775.26,Q4 worst,3.22
3674,East,Residential,2048.14,1904.41,143.73,19278.45,134.12961803381341,Q1 (best),134.13,Q1 best,7.02
3675,East,Residential,1441.91,1231.16,210.75,14800.61,70.22827995255042,Q1 (best),70.23,Q1 best,14.62
3676,Central,Residential,1134.07,956.6,177.47,55165.63,310.8448188426213,Q2,310.84,Q2,15.65
3677,East,Industrial,1434.36,1286.62,147.74,43266.98,292.8589413835116,Q2,292.86,Q2,10.3
3678,West,Residential,1446.51,1407.24,39.27,60131.4,1531.2299465240642,Q4 (worst),1531.23,Q4 worst,2.71
3679,East,Commercial,1870.37,1742.39,127.98,53349.3,416.8565400843882,Q3,416.86,Q3,6.84
3680,North,Industrial,636.4,570.86,65.54,96248.68,1468.5486725663714,Q4 (worst),1468.55,Q4 worst,10.3
3681,South,Residential,1096.24,962.29,133.95,35437.3,264.5561776782382,Q2,264.56,Q2,12.22
3682,West,Industrial,960.64,887.03,73.61,47664.42,647.5264230403477,Q3,647.53,Q3,7.66
3683,East,Industrial,2160.32,1826.37,333.95,16188.12,48.4746818385986,Q1 (best),48.47,Q1 best,15.46
3684,Central,Residential,687.61,615.3,72.31,57089.11,789.5050477112433,Q4 (worst),789.51,Q4 worst,10.52
3685,Central,Commercial,582.58,510.17,72.41,92405.47,1276.1423836486674,Q4 (worst),1276.14,Q4 worst,12.43
3686,North,Residential,2218.73,1895.41,323.32,87759.11,271.43112087096375,Q2,271.43,Q2,14.57
3687,South,Industrial,1797.66,1631.67,165.99,73595.24,443.37152840532565,Q3,443.37,Q3,9.23
3688,West,Commercial,1872.65,1684.02,188.63,73811.51,391.3031331177437,Q3,391.3,Q3,10.07
3689,Central,Commercial,1172.02,1031.17,140.85,9946.4,70.61696840610578,Q1 (best),70.62,Q1 best,12.02
3690,Central,Commercial,1855.46,1516.7,338.76,75094.94,221.67593576573387,Q2,221.68,Q2,18.26
3691,West,Industrial,1518.25,1410.47,107.78,68173.01,632.5200408239004,Q3,632.52,Q3,7.1
3692,West,Commercial,1638.25,1599.58,38.67,70271.09,1817.199120765451,Q4 (worst),1817.2,Q4 worst,2.36
3693,South,Industrial,1519.09,1437.67,81.42,74146.78,910.6703512650454,Q4 (worst),910.67,Q4 worst,5.36
3694,North,Residential,1936.4,1860.3,76.1,15001.17,197.12444152431013,Q2,197.12,Q2,3.93
3695,East,Residential,2073.17,1755.33,317.84,24843.44,78.16335263025422,Q1 (best),78.16,Q1 best,15.33
3696,Central,Industrial,1056.0,866.91,189.09,80306.25,424.6985562430589,Q3,424.7,Q3,17.91
3697,West,Industrial,1167.44,1010.43,157.01,99820.22,635.7570855359531,Q3,635.76,Q3,13.45
3698,West,Residential,817.02,778.24,38.78,62436.21,1610.010572460031,Q4 (worst),1610.01,Q4 worst,4.75
3699,North,Industrial,1674.24,1410.57,263.67,77752.75,294.88660067508624,Q2,294.89,Q2,15.75
3700,East,Commercial,1159.9,1117.17,42.73,87719.4,2052.876199391528,Q4 (worst),2052.88,Q4 worst,3.68
3701,South,Commercial,2026.01,1867.29,158.72,60824.14,383.21660786290323,Q3,383.22,Q3,7.83
3702,Central,Commercial,646.21,558.71,87.5,71893.01,821.6343999999999,Q4 (worst),821.63,Q4 worst,13.54
3703,West,Industrial,2272.67,1887.88,384.79,56957.32,148.0218300891395,Q1 (best),148.02,Q1 best,16.93
3704,South,Commercial,815.9,669.98,145.92,22087.54,151.36746162280704,Q1 (best),151.37,Q1 best,17.88
3705,Central,Residential,2065.4,1708.72,356.68,72807.21,204.12473365481665,Q2,204.12,Q2,17.27
3706,West,Industrial,1003.54,882.63,120.91,70573.01,583.6821602845091,Q3,583.68,Q3,12.05
3707,East,Commercial,692.63,673.65,18.98,12896.93,679.5010537407798,Q4 (worst),679.5,Q4 worst,2.74
3708,North,Residential,1360.96,1274.62,86.34,37499.62,434.3249942089414,Q3,434.32,Q3,6.34
3709,North,Industrial,2204.11,2071.41,132.7,47076.84,354.76141672946494,Q3,354.76,Q3,6.02
3710,West,Commercial,640.67,557.79,82.88,90873.58,1096.4476351351352,Q4 (worst),1096.45,Q4 worst,12.94
3711,South,Residential,1157.75,1131.57,26.18,53705.03,2051.376241405653,Q4 (worst),2051.38,Q4 worst,2.26
3712,North,Residential,1745.35,1495.26,250.09,27314.52,109.21876124595146,Q1 (best),109.22,Q1 best,14.33
3713,South,Industrial,534.74,441.93,92.81,42420.36,457.0666953992027,Q3,457.07,Q3,17.36
3714,South,Residential,2481.73,2417.05,64.68,61738.46,954.5216450216449,Q4 (worst),954.52,Q4 worst,2.61
3715,North,Residential,1114.3,987.37,126.93,41989.09,330.80508941936495,Q3,330.81,Q3,11.39
3716,South,Residential,2279.79,2188.62,91.17,51039.09,559.8232971372162,Q3,559.82,Q3,4.0
3717,West,Industrial,742.44,712.16,30.28,12621.54,416.827608982827,Q3,416.83,Q3,4.08
3718,Central,Industrial,1246.21,1194.78,51.43,93635.78,1820.6451487458683,Q4 (worst),1820.65,Q4 worst,4.13
3719,South,Residential,2415.68,2227.54,188.14,25802.47,137.14505155735094,Q1 (best),137.15,Q1 best,7.79
3720,North,Residential,2097.43,1986.61,110.82,8470.57,76.43539072369609,Q1 (best),76.44,Q1 best,5.28
3721,East,Residential,1469.03,1244.34,224.69,72732.07,323.69963060216304,Q2,323.7,Q2,15.3
3722,North,Commercial,1185.5,1056.88,128.62,90562.9,704.1121132016793,Q4 (worst),704.11,Q4 worst,10.85
3723,West,Industrial,899.96,804.54,95.42,75267.59,788.8030811150702,Q4 (worst),788.8,Q4 worst,10.6
3724,North,Commercial,1979.12,1765.56,213.56,64265.85,300.9264375351189,Q2,300.93,Q2,10.79
3725,West,Commercial,1749.3,1702.08,47.22,49895.07,1056.651207115629,Q4 (worst),1056.65,Q4 worst,2.7
3726,North,Industrial,1663.71,1555.15,108.56,90854.69,836.9076086956521,Q4 (worst),836.91,Q4 worst,6.53
3727,Central,Residential,1972.23,1845.88,126.35,6157.94,48.737158686189154,Q1 (best),48.74,Q1 best,6.41
3728,Central,Residential,1158.63,985.11,173.52,67756.44,390.4820193637621,Q3,390.48,Q3,14.98
3729,Central,Industrial,2473.2,2110.17,363.03,6824.19,18.79786794479795,Q1 (best),18.8,Q1 best,14.68
3730,Central,Industrial,1459.68,1373.59,86.09,5443.73,63.23301196422348,Q1 (best),63.23,Q1 best,5.9
3731,South,Industrial,683.39,657.57,25.82,84125.87,3258.166924864446,Q4 (worst),3258.17,Q4 worst,3.78
3732,North,Residential,2360.45,2243.65,116.8,7605.7,65.11729452054794,Q1 (best),65.12,Q1 best,4.95
3733,North,Industrial,2391.43,2246.86,144.57,47045.07,325.4137787922806,Q2,325.41,Q2,6.05
3734,North,Commercial,2098.99,1966.03,132.96,97421.93,732.7160800240673,Q4 (worst),732.72,Q4 worst,6.33
3735,East,Industrial,2020.07,1831.44,188.63,23768.54,126.00614960504693,Q1 (best),126.01,Q1 best,9.34
3736,South,Commercial,1456.23,1280.01,176.22,79709.24,452.3279990920441,Q3,452.33,Q3,12.1
3737,North,Residential,2001.27,1678.22,323.05,68841.71,213.09924160346696,Q2,213.1,Q2,16.14
3738,South,Commercial,1238.01,995.84,242.17,55912.47,230.8810752776975,Q2,230.88,Q2,19.56
3739,West,Industrial,701.41,609.82,91.59,53729.26,586.6280161589693,Q3,586.63,Q3,13.06
3740,East,Residential,1811.02,1539.84,271.18,14889.22,54.90530275094033,Q1 (best),54.91,Q1 best,14.97
3741,East,Industrial,2177.31,1765.87,411.44,6768.12,16.449834726813144,Q1 (best),16.45,Q1 best,18.9
3742,North,Residential,696.5,672.4,24.1,19430.91,806.2618257261411,Q4 (worst),806.26,Q4 worst,3.46
3743,South,Industrial,866.61,712.52,154.09,37961.3,246.35797261340775,Q2,246.36,Q2,17.78
3744,East,Commercial,1008.12,826.3,181.82,22031.72,121.17324826751734,Q1 (best),121.17,Q1 best,18.04
3745,East,Industrial,1520.07,1381.35,138.72,6965.55,50.21301903114187,Q1 (best),50.21,Q1 best,9.13
3746,East,Residential,1705.51,1629.41,76.1,95019.52,1248.613929040736,Q4 (worst),1248.61,Q4 worst,4.46
3747,North,Residential,895.55,735.26,160.29,11992.47,74.81733108740409,Q1 (best),74.82,Q1 best,17.9
3748,East,Industrial,1596.42,1453.25,143.17,87153.0,608.73786407767,Q3,608.74,Q3,8.97
3749,South,Commercial,1961.09,1838.64,122.45,70137.29,572.7830951408738,Q3,572.78,Q3,6.24
3750,East,Industrial,1814.78,1776.47,38.31,30744.62,802.5220569042025,Q4 (worst),802.52,Q4 worst,2.11
3751,West,Residential,2395.77,2235.9,159.87,72873.48,455.829611559392,Q3,455.83,Q3,6.67
3752,East,Residential,565.69,491.41,74.28,37059.79,498.92016693591813,Q3,498.92,Q3,13.13
3753,North,Residential,1758.02,1631.68,126.34,86108.94,681.5651416811778,Q4 (worst),681.57,Q4 worst,7.19
3754,West,Commercial,1381.1,1105.65,275.45,32553.84,118.18420766019241,Q1 (best),118.18,Q1 best,19.94
3755,South,Residential,670.09,625.64,44.45,56940.21,1280.9946006749155,Q4 (worst),1280.99,Q4 worst,6.63
3756,North,Industrial,1786.1,1633.61,152.49,21678.46,142.16315823988458,Q1 (best),142.16,Q1 best,8.54
3757,East,Industrial,2066.65,1904.99,161.66,88919.67,550.0412594333787,Q3,550.04,Q3,7.82
3758,Central,Industrial,1917.92,1655.24,262.68,14531.76,55.321151210598444,Q1 (best),55.32,Q1 best,13.7
3759,Central,Industrial,1700.18,1537.48,162.7,81856.61,503.11376767055935,Q3,503.11,Q3,9.57
3760,North,Residential,1447.46,1216.74,230.72,92150.21,399.40278259362,Q3,399.4,Q3,15.94
3761,Central,Commercial,623.92,533.27,90.65,81133.43,895.0185328185327,Q4 (worst),895.02,Q4 worst,14.53
3762,South,Commercial,2315.47,1879.33,436.14,41552.94,95.27431558673821,Q1 (best),95.27,Q1 best,18.84
3763,North,Residential,2423.75,2323.98,99.77,5473.47,54.860880024055334,Q1 (best),54.86,Q1 best,4.12
3764,Central,Commercial,1096.64,973.98,122.66,74683.8,608.8684167617806,Q3,608.87,Q3,11.19
3765,East,Industrial,867.36,799.48,67.88,44009.89,648.3484089569829,Q3,648.35,Q3,7.83
3766,West,Residential,2452.65,2210.55,242.1,28051.97,115.86935150764148,Q1 (best),115.87,Q1 best,9.87
3767,Central,Commercial,1688.8,1623.32,65.48,5833.9,89.09437996334758,Q1 (best),89.09,Q1 best,3.88
3768,North,Commercial,2062.2,1859.32,202.88,93712.86,461.9127563091483,Q3,461.91,Q3,9.84
3769,West,Commercial,1008.5,906.06,102.44,81005.75,790.7628855915658,Q4 (worst),790.76,Q4 worst,10.16
3770,South,Commercial,1154.73,965.61,189.12,66151.57,349.7862203891709,Q3,349.79,Q3,16.38
3771,East,Industrial,2164.4,1994.18,170.22,10464.63,61.47708847373986,Q1 (best),61.48,Q1 best,7.86
3772,North,Industrial,1521.34,1245.26,276.08,78184.24,283.19414662416693,Q2,283.19,Q2,18.15
3773,South,Industrial,2390.66,2189.04,201.62,55438.57,274.96562840987997,Q2,274.97,Q2,8.43
3774,West,Industrial,1799.79,1555.0,244.79,32430.09,132.48126965970832,Q1 (best),132.48,Q1 best,13.6
3775,East,Residential,1926.23,1808.44,117.79,25980.76,220.56846930978858,Q2,220.57,Q2,6.12
3776,South,Industrial,1644.37,1565.69,78.68,47121.03,598.8946365022877,Q3,598.89,Q3,4.78
3777,Central,Commercial,1207.89,1038.0,169.89,12244.74,72.07451880628642,Q1 (best),72.07,Q1 best,14.07
3778,West,Industrial,1022.18,947.65,74.53,17621.45,236.43432174963104,Q2,236.43,Q2,7.29
3779,South,Commercial,1428.63,1290.02,138.61,60089.73,433.51655724695183,Q3,433.52,Q3,9.7
3780,Central,Industrial,2107.85,1773.33,334.52,27701.65,82.81014588066485,Q1 (best),82.81,Q1 best,15.87
3781,West,Industrial,1578.72,1487.11,91.61,14004.79,152.8740312192992,Q1 (best),152.87,Q1 best,5.8
3782,West,Residential,1498.23,1417.66,80.57,86439.87,1072.8542881965993,Q4 (worst),1072.85,Q4 worst,5.38
3783,Central,Commercial,1507.53,1313.95,193.58,91017.99,470.1828184729827,Q3,470.18,Q3,12.84
3784,West,Commercial,1947.47,1610.11,337.36,65503.51,194.1650165994783,Q2,194.17,Q2,17.32
3785,East,Industrial,1961.25,1880.4,80.85,33511.05,414.4842300556587,Q3,414.48,Q3,4.12
3786,Central,Commercial,819.28,726.99,92.29,80711.37,874.5407953191027,Q4 (worst),874.54,Q4 worst,11.26
3787,South,Residential,1814.0,1663.68,150.32,18005.93,119.78399414582225,Q1 (best),119.78,Q1 best,8.29
3788,North,Commercial,1769.17,1532.37,236.8,73036.43,308.4308699324324,Q2,308.43,Q2,13.38
3789,East,Industrial,1400.01,1159.43,240.58,62936.96,261.6051209576856,Q2,261.61,Q2,17.18
3790,East,Residential,2098.83,1681.44,417.39,38358.36,91.90052468913966,Q1 (best),91.9,Q1 best,19.89
3791,South,Commercial,2240.77,2009.33,231.44,84780.29,366.31649671621153,Q3,366.32,Q3,10.33
3792,North,Residential,822.61,738.96,83.65,95608.96,1142.9642558278542,Q4 (worst),1142.96,Q4 worst,10.17
3793,North,Residential,994.7,874.97,119.73,38134.95,318.50789275870704,Q2,318.51,Q2,12.04
3794,North,Commercial,751.36,636.28,115.08,28344.99,246.3068300312826,Q2,246.31,Q2,15.32
3795,East,Industrial,1758.2,1581.57,176.63,36971.49,209.31602785483778,Q2,209.32,Q2,10.05
3796,West,Commercial,1485.98,1413.05,72.93,15662.22,214.75689016865485,Q2,214.76,Q2,4.91
3797,Central,Commercial,1996.96,1769.55,227.41,21798.29,95.8545798337804,Q1 (best),95.85,Q1 best,11.39
3798,East,Commercial,1163.18,978.51,184.67,16190.78,87.67412140575081,Q1 (best),87.67,Q1 best,15.88
3799,East,Commercial,1358.11,1125.63,232.48,19091.83,82.1224621472815,Q1 (best),82.12,Q1 best,17.12
3800,North,Residential,2290.89,1949.56,341.33,29370.72,86.04787156124573,Q1 (best),86.05,Q1 best,14.9
3801,North,Commercial,1491.46,1375.64,115.82,20929.94,180.71093075461923,Q2,180.71,Q2,7.77
3802,East,Commercial,1661.69,1533.44,128.25,35368.21,275.77551656920076,Q2,275.78,Q2,7.72
3803,North,Industrial,2215.26,2018.57,196.69,79503.46,404.2069246021659,Q3,404.21,Q3,8.88
3804,South,Industrial,1183.07,1134.98,48.09,11568.99,240.56955708047408,Q2,240.57,Q2,4.06
3805,West,Commercial,2410.58,2191.04,219.54,93190.62,424.48127903798854,Q3,424.48,Q3,9.11
3806,North,Industrial,2166.43,1911.0,255.43,74977.22,293.5333359433113,Q2,293.53,Q2,11.79
3807,North,Residential,763.07,616.88,146.19,41723.16,285.40365278062797,Q2,285.4,Q2,19.16
3808,East,Industrial,1701.48,1426.16,275.32,78912.81,286.62214877233765,Q2,286.62,Q2,16.18
3809,South,Residential,762.83,687.46,75.37,81639.32,1083.1805758259254,Q4 (worst),1083.18,Q4 worst,9.88
3810,West,Commercial,1721.54,1584.69,136.85,84139.5,614.8301059554257,Q3,614.83,Q3,7.95
3811,West,Residential,2008.8,1701.12,307.68,58209.65,189.1889300572023,Q2,189.19,Q2,15.32
3812,Central,Residential,1511.29,1424.97,86.32,91711.35,1062.457715477294,Q4 (worst),1062.46,Q4 worst,5.71
3813,West,Residential,653.26,553.58,99.68,61007.79,612.0364165329053,Q3,612.04,Q3,15.26
3814,West,Industrial,1123.59,947.68,175.91,60506.71,343.9640156898414,Q3,343.96,Q3,15.66
3815,West,Industrial,2074.61,1995.11,79.5,91766.8,1154.2993710691824,Q4 (worst),1154.3,Q4 worst,3.83
3816,North,Commercial,2393.3,2113.76,279.54,10762.32,38.5001073191672,Q1 (best),38.5,Q1 best,11.68
3817,South,Industrial,2208.16,1952.2,255.96,25956.32,101.40771995624316,Q1 (best),101.41,Q1 best,11.59
3818,Central,Residential,1120.42,943.37,177.05,42980.66,242.76001129624402,Q2,242.76,Q2,15.8
3819,North,Industrial,2375.69,2139.36,236.33,27458.14,116.18558794905428,Q1 (best),116.19,Q1 best,9.95
3820,Central,Commercial,2256.81,2121.95,134.86,58591.96,434.465074892481,Q3,434.47,Q3,5.98
3821,West,Residential,1071.8,900.38,171.42,80259.94,468.20639365301605,Q3,468.21,Q3,15.99
3822,South,Industrial,2140.94,1842.5,298.44,72331.36,242.36483045168208,Q2,242.36,Q2,13.94
3823,East,Industrial,1311.1,1097.34,213.76,76563.92,358.17702095808386,Q3,358.18,Q3,16.3
3824,West,Industrial,1838.92,1731.9,107.02,7572.88,70.76135301812745,Q1 (best),70.76,Q1 best,5.82
3825,East,Residential,640.76,565.01,75.75,65030.85,858.4930693069307,Q4 (worst),858.49,Q4 worst,11.82
3826,North,Residential,1137.05,964.35,172.7,23599.93,136.6527504342791,Q1 (best),136.65,Q1 best,15.19
3827,Central,Residential,2084.99,1875.58,209.41,19451.37,92.88653836970536,Q1 (best),92.89,Q1 best,10.04
3828,North,Industrial,2328.14,1869.09,459.05,41924.85,91.32959372617361,Q1 (best),91.33,Q1 best,19.72
3829,North,Industrial,1821.2,1639.87,181.33,79429.45,438.0381073181492,Q3,438.04,Q3,9.96
3830,West,Industrial,1612.75,1470.74,142.01,82120.34,578.2715301739314,Q3,578.27,Q3,8.81
3831,South,Commercial,2405.0,1953.32,451.68,56542.67,125.1830278072972,Q1 (best),125.18,Q1 best,18.78
3832,West,Industrial,1528.74,1332.16,196.58,7390.13,37.593498829992875,Q1 (best),37.59,Q1 best,12.86
3833,North,Commercial,1630.08,1348.34,281.74,27168.52,96.43117768155037,Q1 (best),96.43,Q1 best,17.28
3834,South,Commercial,1638.79,1325.44,313.35,42512.89,135.6722195627892,Q1 (best),135.67,Q1 best,19.12
3835,North,Industrial,1536.08,1359.68,176.4,95315.35,540.3364512471655,Q3,540.34,Q3,11.48
3836,East,Industrial,648.24,595.9,52.34,40768.05,778.9081008788689,Q4 (worst),778.91,Q4 worst,8.07
3837,Central,Industrial,1581.77,1399.32,182.45,45636.44,250.13121403124146,Q2,250.13,Q2,11.53
3838,North,Residential,1424.63,1269.27,155.36,95363.14,613.8204170957775,Q3,613.82,Q3,10.91
3839,North,Commercial,2266.95,1847.18,419.77,67826.67,161.5805560187722,Q1 (best),161.58,Q1 best,18.52
3840,West,Commercial,1610.45,1492.54,117.91,99651.64,845.1500296836571,Q4 (worst),845.15,Q4 worst,7.32
3841,South,Residential,1105.81,1012.26,93.55,82220.48,878.8934259754142,Q4 (worst),878.89,Q4 worst,8.46
3842,East,Residential,1053.86,984.38,69.48,18258.41,262.78655728267125,Q2,262.79,Q2,6.59
3843,Central,Commercial,1679.9,1563.27,116.63,38526.61,330.33190431278405,Q3,330.33,Q3,6.94
3844,South,Residential,1563.81,1525.09,38.72,38267.51,988.3137913223142,Q4 (worst),988.31,Q4 worst,2.48
3845,North,Industrial,661.33,641.57,19.76,34865.18,1764.4321862348177,Q4 (worst),1764.43,Q4 worst,2.99
3846,North,Residential,1417.42,1260.4,157.02,11865.2,75.56489619156795,Q1 (best),75.56,Q1 best,11.08
3847,South,Residential,1032.41,871.49,160.92,32927.39,204.6196246582153,Q2,204.62,Q2,15.59
3848,South,Commercial,731.21,598.85,132.36,80161.09,605.6292686612269,Q3,605.63,Q3,18.1
3849,Central,Residential,2399.71,1989.94,409.77,42723.58,104.26234228957709,Q1 (best),104.26,Q1 best,17.08
3850,West,Residential,877.48,762.26,115.22,97590.22,846.9902794653706,Q4 (worst),846.99,Q4 worst,13.13
3851,Central,Residential,630.73,527.45,103.28,62118.32,601.4554608830364,Q3,601.46,Q3,16.37
3852,Central,Residential,773.45,715.01,58.44,90200.47,1543.4714236824093,Q4 (worst),1543.47,Q4 worst,7.56
3853,Central,Commercial,998.65,920.72,77.93,21258.26,272.78660336199147,Q2,272.79,Q2,7.8
3854,West,Residential,2396.81,2038.46,358.35,51011.31,142.35052323147758,Q1 (best),142.35,Q1 best,14.95
3855,Central,Industrial,735.95,658.06,77.89,51074.29,655.723327769932,Q4 (worst),655.72,Q4 worst,10.58
3856,Central,Residential,529.67,437.38,92.29,83630.53,906.1710911257991,Q4 (worst),906.17,Q4 worst,17.42
3857,North,Residential,1691.69,1460.77,230.92,54802.82,237.323835094405,Q2,237.32,Q2,13.65
3858,North,Commercial,787.93,710.07,77.86,74256.39,953.7167993835088,Q4 (worst),953.72,Q4 worst,9.88
3859,West,Commercial,2162.82,1772.37,390.45,78640.93,201.41101293379432,Q2,201.41,Q2,18.05
3860,South,Residential,1729.94,1467.25,262.69,47881.68,182.2744680041113,Q2,182.27,Q2,15.18
3861,East,Industrial,1283.76,1229.37,54.39,83600.35,1537.0536863394007,Q4 (worst),1537.05,Q4 worst,4.24
3862,East,Residential,677.18,569.37,107.81,51173.25,474.6614414247287,Q3,474.66,Q3,15.92
3863,Central,Industrial,1424.48,1316.11,108.37,52283.47,482.45335424933097,Q3,482.45,Q3,7.61
3864,Central,Commercial,1114.93,994.71,120.22,32041.02,266.5198802195974,Q2,266.52,Q2,10.78
3865,East,Residential,1285.4,1234.96,50.44,16039.81,317.99781919111814,Q2,318.0,Q2,3.92
3866,East,Industrial,1109.57,1031.03,78.54,91271.48,1162.1018589253881,Q4 (worst),1162.1,Q4 worst,7.08
3867,Central,Residential,1008.7,952.81,55.89,19568.79,350.1304347826087,Q3,350.13,Q3,5.54
3868,Central,Residential,541.5,490.05,51.45,74625.22,1450.4415937803692,Q4 (worst),1450.44,Q4 worst,9.5
3869,South,Residential,1280.77,1118.26,162.51,68848.97,423.6598978524399,Q3,423.66,Q3,12.69
3870,North,Industrial,2328.35,2039.64,288.71,59340.94,205.53822174500365,Q2,205.54,Q2,12.4
3871,North,Commercial,1275.63,1182.71,92.92,15659.28,168.52432199741713,Q1 (best),168.52,Q1 best,7.28
3872,West,Residential,1184.97,1124.11,60.86,5735.3,94.23759447913244,Q1 (best),94.24,Q1 best,5.14
3873,North,Industrial,2234.4,1815.88,418.52,59904.33,143.1337331549269,Q1 (best),143.13,Q1 best,18.73
3874,North,Residential,1810.78,1558.21,252.57,66733.92,264.21950350397907,Q2,264.22,Q2,13.95
3875,South,Commercial,1063.68,940.95,122.73,52736.28,429.69347347836714,Q3,429.69,Q3,11.54
3876,Central,Commercial,1931.53,1740.77,190.76,89816.25,470.8337701824282,Q3,470.83,Q3,9.88
3877,West,Commercial,1586.47,1515.89,70.58,88743.65,1257.348398979881,Q4 (worst),1257.35,Q4 worst,4.45
3878,North,Commercial,914.17,755.72,158.45,31888.5,201.25276112338278,Q2,201.25,Q2,17.33
3879,West,Industrial,1285.52,1040.31,245.21,45894.59,187.164430488153,Q2,187.16,Q2,19.07
3880,Central,Residential,714.55,585.33,129.22,8619.68,66.70546355053398,Q1 (best),66.71,Q1 best,18.08
3881,South,Residential,1656.01,1374.8,281.21,18272.29,64.97738345009068,Q1 (best),64.98,Q1 best,16.98
3882,East,Residential,2061.56,1793.88,267.68,12263.0,45.81216377764495,Q1 (best),45.81,Q1 best,12.98
3883,North,Commercial,940.48,761.9,178.58,31348.2,175.5414940082876,Q2,175.54,Q2,18.99
3884,South,Industrial,1573.54,1418.29,155.25,97150.36,625.7672141706925,Q3,625.77,Q3,9.87
3885,North,Industrial,766.84,690.88,75.96,46759.0,615.5739863085835,Q3,615.57,Q3,9.91
3886,South,Residential,1821.79,1721.83,99.96,30079.47,300.9150660264106,Q2,300.92,Q2,5.49
3887,South,Residential,1737.59,1575.26,162.33,29561.33,182.10638822152404,Q2,182.11,Q2,9.34
3888,West,Commercial,928.4,770.9,157.5,74738.76,474.5318095238095,Q3,474.53,Q3,16.96
3889,Central,Industrial,578.92,536.14,42.78,78321.77,1830.8034128097243,Q4 (worst),1830.8,Q4 worst,7.39
3890,Central,Commercial,1530.31,1440.9,89.41,49651.26,555.3211050218097,Q3,555.32,Q3,5.84
3891,West,Residential,1556.19,1444.28,111.91,13889.03,124.1089268161916,Q1 (best),124.11,Q1 best,7.19
3892,Central,Industrial,1756.86,1650.2,106.66,17227.42,161.51715732233262,Q1 (best),161.52,Q1 best,6.07
3893,North,Commercial,980.64,859.24,121.4,52400.87,431.6381383855025,Q3,431.64,Q3,12.38
3894,Central,Commercial,515.2,424.76,90.44,76397.08,844.7266696152145,Q4 (worst),844.73,Q4 worst,17.55
3895,West,Industrial,1653.28,1434.49,218.79,43704.43,199.75515334338866,Q2,199.76,Q2,13.23
3896,East,Residential,1494.33,1198.85,295.48,40496.16,137.05211858670637,Q1 (best),137.05,Q1 best,19.77
3897,North,Residential,1961.13,1685.33,275.8,96620.92,350.329659173314,Q3,350.33,Q3,14.06
3898,Central,Commercial,859.54,728.48,131.06,21937.54,167.3854723027621,Q1 (best),167.39,Q1 best,15.25
3899,West,Industrial,1486.75,1313.3,173.45,60140.58,346.7315076390891,Q3,346.73,Q3,11.67
3900,North,Residential,1027.73,827.15,200.58,89972.03,448.559327948948,Q3,448.56,Q3,19.52
3901,West,Industrial,1170.69,1107.44,63.25,95476.04,1509.502608695652,Q4 (worst),1509.5,Q4 worst,5.4
3902,East,Residential,1878.32,1566.23,312.09,34146.55,109.41250921208628,Q1 (best),109.41,Q1 best,16.62
3903,South,Industrial,2226.94,2025.33,201.61,45160.14,223.99751996428748,Q2,224.0,Q2,9.05
3904,East,Commercial,775.18,725.9,49.28,98200.68,1992.7086038961038,Q4 (worst),1992.71,Q4 worst,6.36
3905,North,Residential,934.04,874.17,59.87,47902.59,800.1100718222816,Q4 (worst),800.11,Q4 worst,6.41
3906,Central,Commercial,1147.53,984.91,162.62,99942.34,614.5759439183372,Q3,614.58,Q3,14.17
3907,East,Residential,1199.79,1101.52,98.27,54321.3,552.7760252365931,Q3,552.78,Q3,8.19
3908,East,Commercial,1166.13,1057.41,108.72,64988.09,597.7565305371596,Q3,597.76,Q3,9.32
3909,South,Industrial,1369.63,1219.19,150.44,15671.91,104.17382345120978,Q1 (best),104.17,Q1 best,10.98
3910,Central,Residential,1145.45,953.59,191.86,48400.77,252.2712915667674,Q2,252.27,Q2,16.75
3911,Central,Commercial,1268.02,1214.76,53.26,97152.39,1824.1154712730004,Q4 (worst),1824.12,Q4 worst,4.2
3912,West,Commercial,1021.52,909.45,112.07,86018.03,767.5384134915678,Q4 (worst),767.54,Q4 worst,10.97
3913,South,Industrial,1774.17,1680.98,93.19,17814.13,191.15924455413673,Q2,191.16,Q2,5.25
3914,South,Industrial,2064.6,1970.76,93.84,81786.13,871.5486999147486,Q4 (worst),871.55,Q4 worst,4.55
3915,East,Commercial,1731.28,1538.68,192.6,17347.62,90.07071651090342,Q1 (best),90.07,Q1 best,11.12
3916,North,Residential,778.09,682.45,95.64,60336.41,630.8700334588038,Q3,630.87,Q3,12.29
3917,South,Commercial,622.63,558.18,64.45,32761.55,508.3250581846392,Q3,508.33,Q3,10.35
3918,South,Residential,1839.96,1774.74,65.22,24641.91,377.827506899724,Q3,377.83,Q3,3.54
3919,Central,Industrial,1042.79,1015.68,27.11,91306.16,3367.9881962375507,Q4 (worst),3367.99,Q4 worst,2.6
3920,North,Residential,2343.84,2177.58,166.26,30970.2,186.2757127390834,Q2,186.28,Q2,7.09
3921,West,Residential,1199.05,969.66,229.39,94106.11,410.24504119621605,Q3,410.25,Q3,19.13
3922,East,Industrial,623.71,564.54,59.17,73843.89,1247.9954368767956,Q4 (worst),1248.0,Q4 worst,9.49
3923,South,Residential,876.61,728.3,148.31,96252.42,648.994808172072,Q4 (worst),648.99,Q4 worst,16.92
3924,Central,Industrial,936.84,782.44,154.4,99869.45,646.8228626943005,Q3,646.82,Q3,16.48
3925,South,Industrial,552.49,476.31,76.18,17783.02,233.43423470727222,Q2,233.43,Q2,13.79
3926,Central,Industrial,2382.07,2109.97,272.1,28267.41,103.88610804851157,Q1 (best),103.89,Q1 best,11.42
3927,West,Residential,1718.56,1667.66,50.9,78251.35,1537.3546168958744,Q4 (worst),1537.35,Q4 worst,2.96
3928,East,Industrial,1302.07,1147.57,154.5,79165.91,512.4007119741101,Q3,512.4,Q3,11.87
3929,West,Commercial,1362.66,1160.98,201.68,93310.34,462.66531138437125,Q3,462.67,Q3,14.8
3930,North,Commercial,894.28,750.3,143.98,88721.46,616.2068342825394,Q3,616.21,Q3,16.1
3931,West,Industrial,1876.04,1737.39,138.65,7952.4,57.35593220338983,Q1 (best),57.36,Q1 best,7.39
3932,South,Residential,500.72,426.59,74.13,64931.34,875.9117766086605,Q4 (worst),875.91,Q4 worst,14.8
3933,South,Industrial,621.84,548.01,73.83,58288.92,789.5018285249898,Q4 (worst),789.5,Q4 worst,11.87
3934,West,Industrial,658.67,640.3,18.37,31858.3,1734.2569406641262,Q4 (worst),1734.26,Q4 worst,2.79
3935,South,Commercial,1357.11,1291.79,65.32,15026.24,230.04041641151258,Q2,230.04,Q2,4.81
3936,Central,Industrial,1748.05,1510.2,237.85,61620.58,259.07328147992433,Q2,259.07,Q2,13.61
3937,East,Commercial,2450.85,2029.19,421.66,95128.78,225.6054166864298,Q2,225.61,Q2,17.2
3938,South,Residential,1778.12,1723.65,54.47,39512.27,725.3950798604736,Q4 (worst),725.4,Q4 worst,3.06
3939,Central,Commercial,1529.24,1332.4,196.84,89689.97,455.6491058727901,Q3,455.65,Q3,12.87
3940,South,Commercial,2033.26,1764.08,269.18,17157.98,63.74165985585853,Q1 (best),63.74,Q1 best,13.24
3941,North,Industrial,1333.61,1127.06,206.55,60714.56,293.94606632776566,Q2,293.95,Q2,15.49
3942,East,Residential,2382.52,2017.48,365.04,62118.29,170.1684472934473,Q1 (best),170.17,Q1 best,15.32
3943,West,Industrial,1187.69,1104.18,83.51,44298.53,530.457789486289,Q3,530.46,Q3,7.03
3944,West,Industrial,1116.29,1075.79,40.5,90922.95,2245.011111111111,Q4 (worst),2245.01,Q4 worst,3.63
3945,Central,Industrial,1883.45,1614.38,269.07,85707.6,318.5327238265136,Q2,318.53,Q2,14.29
3946,South,Commercial,2235.27,1844.35,390.92,77118.71,197.27491558375115,Q2,197.27,Q2,17.49
3947,Central,Residential,996.2,883.59,112.61,54081.39,480.2538850901341,Q3,480.25,Q3,11.3
3948,North,Industrial,2368.13,2123.78,244.35,71709.46,293.4702680581134,Q2,293.47,Q2,10.32
3949,West,Residential,1686.67,1360.56,326.11,16067.88,49.27135015792217,Q1 (best),49.27,Q1 best,19.33
3950,South,Residential,1749.79,1464.49,285.3,82320.77,288.5410795653698,Q2,288.54,Q2,16.3
3951,South,Residential,2250.73,1807.28,443.45,46804.94,105.54727703235991,Q1 (best),105.55,Q1 best,19.7
3952,Central,Industrial,1970.97,1726.6,244.37,20980.48,85.85538323034741,Q1 (best),85.86,Q1 best,12.4
3953,West,Commercial,1581.87,1277.45,304.42,12670.27,41.62101701596478,Q1 (best),41.62,Q1 best,19.24
3954,North,Residential,2446.44,1991.15,455.29,81093.92,178.1148718399262,Q2,178.11,Q2,18.61
3955,West,Industrial,1641.87,1517.85,124.02,45076.4,363.46073213997744,Q3,363.46,Q3,7.55
3956,East,Residential,927.63,767.67,159.96,16602.95,103.79438609652414,Q1 (best),103.79,Q1 best,17.24
3957,North,Residential,1811.23,1663.74,147.49,29795.84,202.01939114516236,Q2,202.02,Q2,8.14
3958,West,Industrial,2346.6,2181.03,165.57,24689.73,149.11958688168147,Q1 (best),149.12,Q1 best,7.06
3959,Central,Industrial,1324.41,1099.24,225.17,95920.3,425.99058489141544,Q3,425.99,Q3,17.0
3960,Central,Industrial,2424.92,2049.55,375.37,89788.72,239.20057543224019,Q2,239.2,Q2,15.48
3961,West,Industrial,602.43,509.9,92.53,98797.75,1067.7374905436075,Q4 (worst),1067.74,Q4 worst,15.36
3962,North,Commercial,2028.18,1732.69,295.49,27333.07,92.50082913127348,Q1 (best),92.5,Q1 best,14.57
3963,West,Residential,1402.97,1330.66,72.31,86167.5,1191.640160420412,Q4 (worst),1191.64,Q4 worst,5.15
3964,East,Commercial,512.69,452.75,59.94,50803.25,847.5684017350684,Q4 (worst),847.57,Q4 worst,11.69
3965,East,Commercial,1638.09,1471.9,166.19,98532.02,592.8877790480775,Q3,592.89,Q3,10.15
3966,South,Commercial,2493.32,2052.8,440.52,59004.97,133.94390720058115,Q1 (best),133.94,Q1 best,17.67
3967,West,Commercial,1203.01,1009.39,193.62,6406.17,33.08630306786489,Q1 (best),33.09,Q1 best,16.09
3968,Central,Residential,1564.18,1384.46,179.72,26554.24,147.75339416870688,Q1 (best),147.75,Q1 best,11.49
3969,Central,Commercial,1718.99,1614.77,104.22,57596.06,552.6392247169449,Q3,552.64,Q3,6.06
3970,South,Commercial,1891.45,1577.28,314.17,78972.06,251.3672852277429,Q2,251.37,Q2,16.61
3971,Central,Industrial,1994.44,1864.63,129.81,78900.2,607.8129573992759,Q3,607.81,Q3,6.51
3972,West,Industrial,2059.5,1892.53,166.97,68547.18,410.5359046535305,Q3,410.54,Q3,8.11
3973,North,Residential,2334.3,2105.43,228.87,11259.15,49.19452090706514,Q1 (best),49.19,Q1 best,9.8
3974,North,Commercial,2498.47,2363.49,134.98,36549.86,270.7798192324789,Q2,270.78,Q2,5.4
3975,South,Residential,1221.94,1137.63,84.31,70360.69,834.54738465188,Q4 (worst),834.55,Q4 worst,6.9
3976,West,Residential,1420.68,1320.08,100.6,16114.84,160.18727634194832,Q1 (best),160.19,Q1 best,7.08
3977,East,Industrial,822.88,720.84,102.04,60803.61,595.8801450411603,Q3,595.88,Q3,12.4
3978,North,Industrial,2314.06,1903.66,410.4,45359.61,110.52536549707604,Q1 (best),110.53,Q1 best,17.74
3979,East,Commercial,1390.32,1153.64,236.68,24093.37,101.79723677539293,Q1 (best),101.8,Q1 best,17.02
3980,South,Commercial,827.06,730.34,96.72,24885.59,257.29518196856907,Q2,257.3,Q2,11.69
3981,South,Commercial,950.83,892.08,58.75,94716.71,1612.1993191489362,Q4 (worst),1612.2,Q4 worst,6.18
3982,South,Residential,1199.17,1105.86,93.31,38758.18,415.37005679991427,Q3,415.37,Q3,7.78
3983,West,Residential,1542.13,1466.48,75.65,63881.17,844.4305353602114,Q4 (worst),844.43,Q4 worst,4.91
3984,Central,Residential,1948.54,1909.45,39.09,19393.41,496.12202609363004,Q3,496.12,Q3,2.01
3985,South,Commercial,552.16,462.43,89.73,54408.66,606.3597459043798,Q3,606.36,Q3,16.25
3986,East,Industrial,1473.56,1415.21,58.35,30953.92,530.48706083976,Q3,530.49,Q3,3.96
3987,West,Commercial,536.0,463.54,72.46,11843.37,163.44700524427273,Q1 (best),163.45,Q1 best,13.52
3988,South,Residential,2053.99,1724.68,329.31,87141.01,264.61695666697034,Q2,264.62,Q2,16.03
3989,North,Residential,1196.67,993.92,202.75,73612.81,363.0718125770653,Q3,363.07,Q3,16.94
3990,East,Residential,551.95,448.9,103.05,84636.44,821.3143134400776,Q4 (worst),821.31,Q4 worst,18.67
3991,North,Commercial,733.37,617.04,116.33,36124.63,310.53580331814663,Q2,310.54,Q2,15.86
3992,East,Industrial,2174.19,1831.15,343.04,44641.25,130.13424090485074,Q1 (best),130.13,Q1 best,15.78
3993,East,Commercial,2302.03,1875.46,426.57,73463.88,172.21998734088194,Q2,172.22,Q2,18.53
3994,Central,Industrial,567.09,500.31,66.78,45258.68,677.7280622941,Q4 (worst),677.73,Q4 worst,11.78
3995,North,Industrial,680.17,619.71,60.46,93088.23,1539.6663910023155,Q4 (worst),1539.67,Q4 worst,8.89
3996,Central,Residential,1235.74,1105.66,130.08,56473.91,434.147524600246,Q3,434.15,Q3,10.53
3997,West,Industrial,2487.43,2185.63,301.8,72446.0,240.04638833664677,Q2,240.05,Q2,12.13
3998,South,Industrial,1419.27,1229.67,189.6,38233.62,201.65411392405065,Q2,201.65,Q2,13.36
3999,South,Residential,2432.29,1973.57,458.72,80917.97,176.3994811649808,Q2,176.4,Q2,18.86
4000,Central,Residential,2071.63,1872.76,198.87,51978.86,261.3710464122291,Q2,261.37,Q2,9.6
4001,Central,Residential,1448.71,1371.68,77.03,11909.71,154.61132026483187,Q1 (best),154.61,Q1 best,5.32
4002,North,Commercial,2463.69,2160.79,302.9,10339.91,34.13638164410697,Q1 (best),34.14,Q1 best,12.29
4003,West,Commercial,1372.74,1101.52,271.22,37439.93,138.04265909593687,Q1 (best),138.04,Q1 best,19.76
4004,South,Residential,1129.59,1092.56,37.03,34311.18,926.5779098028626,Q4 (worst),926.58,Q4 worst,3.28
4005,Central,Commercial,516.56,415.63,100.93,6888.24,68.24769642326365,Q1 (best),68.25,Q1 best,19.54
4006,North,Commercial,1320.64,1111.67,208.97,51534.16,246.6103268411734,Q2,246.61,Q2,15.82
4007,West,Industrial,1894.3,1815.88,78.42,12442.83,158.6690895179801,Q1 (best),158.67,Q1 best,4.14
4008,North,Residential,669.72,632.6,37.12,58912.53,1587.0832435344828,Q4 (worst),1587.08,Q4 worst,5.54
4009,North,Industrial,2402.33,1950.57,451.76,54977.3,121.695811935541,Q1 (best),121.7,Q1 best,18.81
4010,East,Industrial,1881.63,1806.9,74.73,35437.67,474.20942058075735,Q3,474.21,Q3,3.97
4011,Central,Industrial,1416.41,1191.75,224.66,5443.36,24.229324312294132,Q1 (best),24.23,Q1 best,15.86
4012,North,Industrial,2494.74,2030.5,464.24,57759.94,124.41827503015682,Q1 (best),124.42,Q1 best,18.61
4013,South,Residential,1012.68,887.2,125.48,46171.73,367.9608702582085,Q3,367.96,Q3,12.39
4014,West,Commercial,692.04,571.39,120.65,23896.1,198.06133443845832,Q2,198.06,Q2,17.43
4015,South,Commercial,816.95,790.61,26.34,98163.4,3726.7805618830675,Q4 (worst),3726.78,Q4 worst,3.22
4016,Central,Industrial,881.36,721.44,159.92,20347.48,127.23536768384193,Q1 (best),127.24,Q1 best,18.14
4017,East,Residential,850.83,829.19,21.64,76221.45,3522.2481515711643,Q4 (worst),3522.25,Q4 worst,2.54
4018,Central,Residential,810.71,690.5,120.21,15397.95,128.0920888445221,Q1 (best),128.09,Q1 best,14.83
4019,South,Commercial,2323.93,1948.01,375.92,42851.74,113.99164715896998,Q1 (best),113.99,Q1 best,16.18
4020,East,Commercial,2285.26,1906.4,378.86,74446.24,196.50065987435994,Q2,196.5,Q2,16.58
4021,Central,Industrial,1089.5,986.52,102.98,28266.31,274.48349194018255,Q2,274.48,Q2,9.45
4022,West,Commercial,2467.19,2334.9,132.29,38812.27,293.38778441303197,Q2,293.39,Q2,5.36
4023,North,Commercial,1300.03,1150.66,149.37,19003.2,127.22233380196826,Q1 (best),127.22,Q1 best,11.49
4024,East,Industrial,2127.93,1805.93,322.0,31074.13,96.50350931677019,Q1 (best),96.5,Q1 best,15.13
4025,South,Residential,644.98,517.34,127.64,51177.93,400.95526480727045,Q3,400.96,Q3,19.79
4026,East,Residential,696.16,575.69,120.47,31638.73,262.62745911845275,Q2,262.63,Q2,17.3
4027,North,Industrial,2057.3,1791.8,265.5,75693.08,285.09634651600754,Q2,285.1,Q2,12.91
4028,East,Industrial,1139.17,933.24,205.93,22919.66,111.29830524935657,Q1 (best),111.3,Q1 best,18.08
4029,Central,Residential,773.37,692.1,81.27,12095.47,148.83068783068782,Q1 (best),148.83,Q1 best,10.51
4030,North,Commercial,2325.51,2256.34,69.17,81621.04,1180.006361139222,Q4 (worst),1180.01,Q4 worst,2.97
4031,West,Industrial,824.76,702.68,122.08,36493.66,298.9323394495413,Q2,298.93,Q2,14.8
4032,East,Commercial,814.58,762.25,52.33,28757.4,549.5394611121728,Q3,549.54,Q3,6.42
4033,Central,Industrial,1418.08,1382.9,35.18,80661.81,2292.8314383172255,Q4 (worst),2292.83,Q4 worst,2.48
4034,West,Residential,1527.62,1442.08,85.54,31601.69,369.4375730652326,Q3,369.44,Q3,5.6
4035,East,Residential,1343.18,1265.78,77.4,72061.42,931.0260981912144,Q4 (worst),931.03,Q4 worst,5.76
4036,North,Industrial,2453.31,2136.28,317.03,98694.0,311.3080780998644,Q2,311.31,Q2,12.92
4037,Central,Residential,1208.88,1102.04,106.84,17156.68,160.58292774241858,Q1 (best),160.58,Q1 best,8.84
4038,North,Residential,2049.34,1946.05,103.29,48194.6,466.5950237196243,Q3,466.6,Q3,5.04
4039,Central,Commercial,1284.38,1122.08,162.3,65351.32,402.6575477510782,Q3,402.66,Q3,12.64
4040,East,Industrial,1734.23,1646.3,87.93,76941.56,875.0319572387125,Q4 (worst),875.03,Q4 worst,5.07
4041,South,Residential,653.22,607.44,45.78,51430.86,1123.435124508519,Q4 (worst),1123.44,Q4 worst,7.01
4042,North,Industrial,2290.51,2123.01,167.5,73610.62,439.46638805970144,Q3,439.47,Q3,7.31
4043,Central,Commercial,899.62,746.32,153.3,36861.25,240.45172863666014,Q2,240.45,Q2,17.04
4044,East,Commercial,1489.59,1272.72,216.87,56906.83,262.4006547701388,Q2,262.4,Q2,14.56
4045,West,Residential,2255.54,1878.02,377.52,8161.42,21.61851027760119,Q1 (best),21.62,Q1 best,16.74
4046,North,Commercial,920.42,893.06,27.36,71299.86,2605.9890350877195,Q4 (worst),2605.99,Q4 worst,2.97
4047,West,Residential,923.06,876.62,46.44,97232.33,2093.7194229112833,Q4 (worst),2093.72,Q4 worst,5.03
4048,West,Commercial,1816.0,1540.38,275.62,77394.09,280.7999782308976,Q2,280.8,Q2,15.18
4049,West,Residential,2418.17,1980.34,437.83,17917.19,40.92270972751981,Q1 (best),40.92,Q1 best,18.11
4050,West,Industrial,2436.54,2186.69,249.85,21574.75,86.35081048629178,Q1 (best),86.35,Q1 best,10.25
4051,East,Industrial,2239.5,2042.24,197.26,10465.99,53.056828551150765,Q1 (best),53.06,Q1 best,8.81
4052,West,Residential,1367.5,1118.35,249.15,79954.08,320.90740517760383,Q2,320.91,Q2,18.22
4053,North,Residential,2187.18,1954.97,232.21,14025.35,60.399422936135394,Q1 (best),60.4,Q1 best,10.62
4054,West,Residential,1255.49,1021.4,234.09,89279.12,381.38801315733264,Q3,381.39,Q3,18.65
4055,North,Residential,2311.03,2108.32,202.71,72067.29,355.5191653100488,Q3,355.52,Q3,8.77
4056,Central,Residential,644.12,539.58,104.54,40635.92,388.7116893055289,Q3,388.71,Q3,16.23
4057,West,Commercial,914.69,871.5,43.19,14050.25,325.31257235471173,Q2,325.31,Q2,4.72
4058,East,Residential,2048.02,1676.87,371.15,25171.68,67.82077327226189,Q1 (best),67.82,Q1 best,18.12
4059,South,Commercial,704.08,682.1,21.98,7445.81,338.75386715195634,Q3,338.75,Q3,3.12
4060,South,Residential,548.53,452.59,95.94,63640.71,663.3386491557224,Q4 (worst),663.34,Q4 worst,17.49
4061,East,Industrial,1508.89,1367.54,141.35,87053.32,615.8706756278741,Q3,615.87,Q3,9.37
4062,South,Industrial,686.78,567.25,119.53,74701.33,624.9588387852422,Q3,624.96,Q3,17.4
4063,West,Commercial,1527.41,1460.6,66.81,36842.84,551.4569675198322,Q3,551.46,Q3,4.37
4064,Central,Residential,1423.76,1352.06,71.7,56488.2,787.8410041841004,Q4 (worst),787.84,Q4 worst,5.04
4065,North,Industrial,600.92,544.93,55.99,38558.9,688.6747633505984,Q4 (worst),688.67,Q4 worst,9.32
4066,Central,Residential,614.15,581.08,33.07,56217.36,1699.9504082249773,Q4 (worst),1699.95,Q4 worst,5.38
4067,South,Commercial,1932.44,1562.12,370.32,61389.79,165.774978397062,Q1 (best),165.77,Q1 best,19.16
4068,North,Industrial,1642.19,1461.08,181.11,28559.81,157.69316989674783,Q1 (best),157.69,Q1 best,11.03
4069,South,Industrial,1332.64,1138.36,194.28,8990.16,46.27424336009882,Q1 (best),46.27,Q1 best,14.58
4070,East,Industrial,695.28,647.01,48.27,53925.27,1117.1591050341826,Q4 (worst),1117.16,Q4 worst,6.94
4071,West,Industrial,1609.09,1429.88,179.21,26330.18,146.92360917359522,Q1 (best),146.92,Q1 best,11.14
4072,East,Commercial,2214.74,1851.31,363.43,86998.15,239.38076108191396,Q2,239.38,Q2,16.41
4073,Central,Residential,799.51,704.01,95.5,19529.77,204.50020942408378,Q2,204.5,Q2,11.94
4074,East,Residential,1147.67,952.48,195.19,52594.81,269.45442901788,Q2,269.45,Q2,17.01
4075,East,Commercial,1187.33,1069.31,118.02,73632.34,623.8971360786308,Q3,623.9,Q3,9.94
4076,West,Residential,668.35,647.38,20.97,38123.34,1817.9942775393417,Q4 (worst),1817.99,Q4 worst,3.14
4077,West,Industrial,2045.04,1707.6,337.44,35027.12,103.80251303935515,Q1 (best),103.8,Q1 best,16.5
4078,South,Residential,825.73,757.65,68.08,76585.19,1124.929347826087,Q4 (worst),1124.93,Q4 worst,8.24
4079,North,Residential,2464.62,2327.41,137.21,48222.16,351.44785365498143,Q3,351.45,Q3,5.57
4080,South,Residential,1761.51,1587.37,174.14,18170.05,104.34162168370277,Q1 (best),104.34,Q1 best,9.89
4081,North,Residential,752.48,602.68,149.8,36182.34,241.537650200267,Q2,241.54,Q2,19.91
4082,South,Commercial,1489.14,1358.04,131.1,63626.52,485.32814645308923,Q3,485.33,Q3,8.8
4083,Central,Commercial,1095.59,969.55,126.04,83404.28,661.7286575690257,Q4 (worst),661.73,Q4 worst,11.5
4084,Central,Industrial,1275.53,1033.26,242.27,52133.83,215.1889627275354,Q2,215.19,Q2,18.99
4085,North,Commercial,2316.17,1920.0,396.17,40119.9,101.26940454855239,Q1 (best),101.27,Q1 best,17.1
4086,Central,Industrial,2262.99,2011.14,251.85,44945.44,178.46114750843756,Q2,178.46,Q2,11.13
4087,North,Residential,680.11,657.63,22.48,25214.37,1121.6356761565835,Q4 (worst),1121.64,Q4 worst,3.31
4088,East,Industrial,2482.7,2357.94,124.76,48797.31,391.12944854119905,Q3,391.13,Q3,5.03
4089,East,Industrial,1669.93,1536.06,133.87,40220.04,300.4410248748786,Q2,300.44,Q2,8.02
4090,North,Residential,1339.62,1161.05,178.57,6778.49,37.95984767878143,Q1 (best),37.96,Q1 best,13.33
4091,South,Industrial,689.66,581.15,108.51,47948.58,441.8816698921758,Q3,441.88,Q3,15.73
4092,Central,Commercial,1387.51,1182.48,205.03,23340.11,113.83753597034581,Q1 (best),113.84,Q1 best,14.78
4093,South,Commercial,911.95,865.77,46.18,5227.56,113.19965352966653,Q1 (best),113.2,Q1 best,5.06
4094,Central,Residential,1451.35,1249.13,202.22,81728.5,404.1563643556523,Q3,404.16,Q3,13.93
4095,North,Residential,1708.42,1666.84,41.58,52227.64,1256.075998075998,Q4 (worst),1256.08,Q4 worst,2.43
4096,North,Residential,1802.03,1658.99,143.04,97235.46,679.7781040268458,Q4 (worst),679.78,Q4 worst,7.94
4097,Central,Residential,2477.05,1986.22,490.83,84477.6,172.1117291119125,Q2,172.11,Q2,19.82
4098,North,Industrial,1525.81,1423.72,102.09,91039.22,891.7545303163874,Q4 (worst),891.75,Q4 worst,6.69
4099,East,Residential,1831.27,1537.54,293.73,70301.01,239.33888264732914,Q2,239.34,Q2,16.04
4100,West,Residential,1135.23,929.27,205.96,63141.4,306.5711788696834,Q2,306.57,Q2,18.14
4101,Central,Commercial,1986.67,1767.82,218.85,29593.63,135.2233493260224,Q1 (best),135.22,Q1 best,11.02
4102,West,Commercial,1333.55,1109.0,224.55,59515.04,265.0413716321532,Q2,265.04,Q2,16.84
4103,South,Commercial,2427.65,2227.32,200.33,70864.96,353.7411271402186,Q3,353.74,Q3,8.25
4104,West,Residential,778.57,754.82,23.75,15839.53,666.9275789473685,Q4 (worst),666.93,Q4 worst,3.05
4105,West,Commercial,1390.25,1119.39,270.86,59017.12,217.88791257476186,Q2,217.89,Q2,19.48
4106,Central,Residential,1934.74,1838.77,95.97,20252.17,211.0260498072314,Q2,211.03,Q2,4.96
4107,Central,Commercial,520.13,451.03,69.1,26852.47,388.60303907380614,Q3,388.6,Q3,13.29
4108,North,Residential,2043.44,1988.93,54.51,96227.14,1765.3116859291874,Q4 (worst),1765.31,Q4 worst,2.67
4109,West,Residential,1668.9,1372.86,296.04,34731.96,117.321848398865,Q1 (best),117.32,Q1 best,17.74
4110,North,Commercial,2046.58,1767.75,278.83,26539.23,95.18068357063444,Q1 (best),95.18,Q1 best,13.62
4111,East,Commercial,744.58,712.34,32.24,94293.0,2924.7208436724563,Q4 (worst),2924.72,Q4 worst,4.33
4112,East,Residential,1947.76,1660.7,287.06,54343.65,189.3111196265589,Q2,189.31,Q2,14.74
4113,North,Residential,1937.86,1857.99,79.87,67762.09,848.4047827720044,Q4 (worst),848.4,Q4 worst,4.12
4114,East,Residential,1940.8,1742.27,198.53,90014.12,453.4031128796655,Q3,453.4,Q3,10.23
4115,West,Commercial,1167.54,1066.41,101.13,10322.15,102.06813012953624,Q1 (best),102.07,Q1 best,8.66
4116,North,Commercial,1211.79,1089.98,121.81,37200.8,305.40021344717184,Q2,305.4,Q2,10.05
4117,North,Residential,1069.19,928.4,140.79,59961.43,425.8926770367214,Q3,425.89,Q3,13.17
4118,East,Commercial,1388.55,1192.91,195.64,93111.44,475.93252913514624,Q3,475.93,Q3,14.09
4119,East,Commercial,919.95,835.44,84.51,26340.54,311.6854810081647,Q2,311.69,Q2,9.19
4120,Central,Residential,835.42,681.58,153.84,73417.86,477.2351794071763,Q3,477.24,Q3,18.41
4121,West,Industrial,1053.72,999.54,54.18,53952.23,995.796050203027,Q4 (worst),995.8,Q4 worst,5.14
4122,East,Residential,1768.87,1669.25,99.62,7947.22,79.7753463160008,Q1 (best),79.78,Q1 best,5.63
4123,South,Industrial,2222.44,1980.23,242.21,9151.28,37.782420213864,Q1 (best),37.78,Q1 best,10.9
4124,East,Residential,2068.5,1988.15,80.35,46600.76,579.972121966397,Q3,579.97,Q3,3.88
4125,Central,Residential,629.76,555.05,74.71,60214.36,805.9745683308795,Q4 (worst),805.97,Q4 worst,11.86
4126,South,Residential,1212.92,1098.56,114.36,94620.94,827.3954179783141,Q4 (worst),827.4,Q4 worst,9.43
4127,West,Industrial,2106.91,1733.69,373.22,91626.76,245.50334923101653,Q2,245.5,Q2,17.71
4128,East,Residential,758.52,681.7,76.82,87427.27,1138.0795365790161,Q4 (worst),1138.08,Q4 worst,10.13
4129,Central,Industrial,955.19,884.41,70.78,49012.86,692.467646227748,Q4 (worst),692.47,Q4 worst,7.41
4130,North,Residential,692.96,601.85,91.11,61266.84,672.4491274283832,Q4 (worst),672.45,Q4 worst,13.15
4131,North,Industrial,2084.12,1936.19,147.93,21065.64,142.40275806124518,Q1 (best),142.4,Q1 best,7.1
4132,East,Commercial,530.64,493.84,36.8,83506.1,2269.1875000000005,Q4 (worst),2269.19,Q4 worst,6.94
4133,North,Commercial,2289.74,2110.43,179.31,63686.44,355.1750599520384,Q3,355.18,Q3,7.83
4134,South,Industrial,834.46,775.65,58.81,41581.41,707.0465907158647,Q4 (worst),707.05,Q4 worst,7.05
4135,South,Commercial,1316.79,1272.83,43.96,11552.15,262.7877616014559,Q2,262.79,Q2,3.34
4136,Central,Industrial,1185.84,1009.46,176.38,22365.86,126.80496654949542,Q1 (best),126.8,Q1 best,14.87
4137,East,Commercial,735.33,633.9,101.43,17706.99,174.57349896480332,Q2,174.57,Q2,13.79
4138,South,Commercial,2135.06,1934.02,201.04,79358.13,394.7380123358536,Q3,394.74,Q3,9.42
4139,South,Commercial,2438.25,2281.47,156.78,14342.1,91.47914274779947,Q1 (best),91.48,Q1 best,6.43
4140,Central,Commercial,2004.0,1962.72,41.28,94434.7,2287.66230620155,Q4 (worst),2287.66,Q4 worst,2.06
4141,South,Industrial,2430.32,2128.72,301.6,63507.64,210.56909814323606,Q2,210.57,Q2,12.41
4142,South,Industrial,1571.87,1472.15,99.72,49130.88,492.68832731648615,Q3,492.69,Q3,6.34
4143,East,Industrial,2105.38,1865.58,239.8,10706.5,44.64762301918265,Q1 (best),44.65,Q1 best,11.39
4144,South,Industrial,1429.61,1147.14,282.47,31073.25,110.00548730838672,Q1 (best),110.01,Q1 best,19.76
4145,West,Industrial,1796.47,1748.68,47.79,62585.69,1309.59803306131,Q4 (worst),1309.6,Q4 worst,2.66
4146,East,Commercial,1559.44,1526.36,33.08,8930.36,269.96251511487304,Q2,269.96,Q2,2.12
4147,South,Commercial,1687.67,1592.93,94.74,11161.87,117.81581169516573,Q1 (best),117.82,Q1 best,5.61
4148,East,Commercial,1389.54,1267.35,122.19,96299.36,788.1116294295769,Q4 (worst),788.11,Q4 worst,8.79
4149,Central,Residential,2146.04,1911.73,234.31,82546.89,352.2977679143016,Q3,352.3,Q3,10.92
4150,North,Commercial,1800.17,1572.04,228.13,71429.21,313.1074825757244,Q2,313.11,Q2,12.67
4151,South,Commercial,1445.59,1295.51,150.08,71426.25,475.9211753731343,Q3,475.92,Q3,10.38
4152,West,Industrial,2284.13,1892.16,391.97,48695.51,124.23274740413807,Q1 (best),124.23,Q1 best,17.16
4153,Central,Industrial,1001.34,958.55,42.79,53595.04,1252.5132040196308,Q4 (worst),1252.51,Q4 worst,4.27
4154,South,Industrial,1026.59,874.45,152.14,11801.41,77.56940975417379,Q1 (best),77.57,Q1 best,14.82
4155,Central,Residential,2490.55,2012.33,478.22,7750.89,16.207791393082683,Q1 (best),16.21,Q1 best,19.2
4156,South,Commercial,2169.87,2016.11,153.76,48065.09,312.5981399583767,Q2,312.6,Q2,7.09
4157,North,Commercial,1958.27,1728.76,229.51,18892.97,82.31872249575183,Q1 (best),82.32,Q1 best,11.72
4158,West,Residential,1585.98,1541.52,44.46,56049.4,1260.6702654071075,Q4 (worst),1260.67,Q4 worst,2.8
4159,North,Commercial,2409.99,2142.29,267.7,37406.09,139.73137840866642,Q1 (best),139.73,Q1 best,11.11
4160,North,Industrial,2063.02,1723.01,340.01,40249.7,118.37798888267992,Q1 (best),118.38,Q1 best,16.48
4161,East,Residential,1615.41,1474.13,141.28,23350.37,165.2772508493771,Q1 (best),165.28,Q1 best,8.75
4162,Central,Industrial,906.27,752.79,153.48,40483.98,263.7736512900704,Q2,263.77,Q2,16.94
4163,South,Residential,2064.95,1866.4,198.55,84249.63,424.32450264417025,Q3,424.32,Q3,9.62
4164,West,Residential,1267.85,1162.18,105.67,56284.62,532.6452162392354,Q3,532.65,Q3,8.33
4165,West,Residential,1466.34,1376.48,89.86,74277.64,826.5929223236145,Q4 (worst),826.59,Q4 worst,6.13
4166,East,Industrial,934.0,790.62,143.38,40268.73,280.8531873343563,Q2,280.85,Q2,15.35
4167,South,Residential,546.5,534.05,12.45,75321.92,6049.953413654619,Q4 (worst),6049.95,Q4 worst,2.28
4168,East,Commercial,1953.67,1657.7,295.97,24160.39,81.63121262290096,Q1 (best),81.63,Q1 best,15.15
4169,West,Industrial,1585.88,1401.61,184.27,22505.35,122.13246866011829,Q1 (best),122.13,Q1 best,11.62
4170,North,Industrial,1765.2,1578.69,186.51,21207.98,113.7096134255536,Q1 (best),113.71,Q1 best,10.57
4171,East,Industrial,1454.91,1170.35,284.56,11431.0,40.170789991565925,Q1 (best),40.17,Q1 best,19.56
4172,East,Commercial,741.93,701.1,40.83,73893.0,1809.7722263041883,Q4 (worst),1809.77,Q4 worst,5.5
4173,Central,Commercial,558.16,468.23,89.93,7902.15,87.87001000778382,Q1 (best),87.87,Q1 best,16.11
4174,Central,Residential,2469.86,2099.24,370.62,91918.29,248.01222276185848,Q2,248.01,Q2,15.01
4175,West,Commercial,991.7,956.14,35.56,47704.16,1341.5118110236222,Q4 (worst),1341.51,Q4 worst,3.59
4176,North,Commercial,1617.7,1490.32,127.38,54336.3,426.5685350918512,Q3,426.57,Q3,7.87
4177,South,Residential,1401.87,1368.24,33.63,47675.97,1417.6619090098127,Q4 (worst),1417.66,Q4 worst,2.4
4178,West,Residential,2214.97,1783.92,431.05,5039.46,11.691126319452499,Q1 (best),11.69,Q1 best,19.46
4179,South,Commercial,580.05,539.82,40.23,63168.27,1570.178225205071,Q4 (worst),1570.18,Q4 worst,6.94
4180,West,Industrial,1160.02,1042.59,117.43,73623.69,626.9581026994805,Q3,626.96,Q3,10.12
4181,North,Residential,2113.18,2010.25,102.93,21070.76,204.7096084717769,Q2,204.71,Q2,4.87
4182,West,Industrial,1978.11,1839.9,138.21,65055.4,470.69965993777583,Q3,470.7,Q3,6.99
4183,East,Industrial,1726.32,1434.69,291.63,33566.16,115.09844666186608,Q1 (best),115.1,Q1 best,16.89
4184,Central,Industrial,1792.48,1577.36,215.12,28383.65,131.94333395314243,Q1 (best),131.94,Q1 best,12.0
4185,South,Industrial,904.08,733.22,170.86,5841.78,34.1904483202622,Q1 (best),34.19,Q1 best,18.9
4186,West,Residential,742.48,694.96,47.52,7716.92,162.39309764309763,Q1 (best),162.39,Q1 best,6.4
4187,North,Industrial,771.03,652.91,118.12,49937.81,422.77184219437856,Q3,422.77,Q3,15.32
4188,South,Industrial,612.96,510.0,102.96,40936.0,397.59129759129763,Q3,397.59,Q3,16.8
4189,South,Commercial,1589.2,1296.96,292.24,62023.28,212.23405420202573,Q2,212.23,Q2,18.39
4190,West,Residential,1597.57,1329.94,267.63,19556.89,73.07435638754997,Q1 (best),73.07,Q1 best,16.75
4191,East,Commercial,1658.18,1529.74,128.44,71891.64,559.7293677981937,Q3,559.73,Q3,7.75
4192,North,Industrial,1409.44,1140.77,268.67,37506.19,139.5994714705773,Q1 (best),139.6,Q1 best,19.06
4193,West,Commercial,687.12,659.38,27.74,81201.03,2927.2180966113915,Q4 (worst),2927.22,Q4 worst,4.04
4194,West,Residential,891.49,840.07,51.42,94870.37,1845.009140412291,Q4 (worst),1845.01,Q4 worst,5.77
4195,North,Residential,2045.54,1696.04,349.5,97526.46,279.04566523605155,Q2,279.05,Q2,17.09
4196,South,Residential,741.21,637.44,103.77,47919.76,461.7881854100415,Q3,461.79,Q3,14.0
4197,West,Commercial,1130.13,998.9,131.23,87999.68,670.5759353806294,Q4 (worst),670.58,Q4 worst,11.61
4198,East,Commercial,1818.3,1624.45,193.85,97837.41,504.7067835955636,Q3,504.71,Q3,10.66
4199,North,Residential,2478.57,2428.85,49.72,59465.27,1196.0030168946098,Q4 (worst),1196.0,Q4 worst,2.01
4200,East,Industrial,2177.38,1910.48,266.9,82905.2,310.62270513300865,Q2,310.62,Q2,12.26
4201,South,Industrial,1098.55,1035.37,63.18,56020.18,886.6758467869579,Q4 (worst),886.68,Q4 worst,5.75
4202,East,Residential,1071.5,960.21,111.29,67968.74,610.7353760445683,Q3,610.74,Q3,10.39
4203,North,Industrial,1787.96,1520.96,267.0,93621.25,350.64138576779027,Q3,350.64,Q3,14.93
4204,Central,Industrial,2377.55,2227.38,150.17,92809.16,618.0273023906241,Q3,618.03,Q3,6.32
4205,East,Commercial,1812.66,1730.91,81.75,57047.07,697.8234862385322,Q4 (worst),697.82,Q4 worst,4.51
4206,Central,Commercial,1745.07,1589.32,155.75,21082.74,135.3626966292135,Q1 (best),135.36,Q1 best,8.93
4207,North,Commercial,1670.87,1549.62,121.25,19291.35,159.10391752577317,Q1 (best),159.1,Q1 best,7.26
4208,East,Residential,1789.77,1477.95,311.82,68436.0,219.47277275351163,Q2,219.47,Q2,17.42
4209,Central,Residential,564.91,459.75,105.16,68516.24,651.5427919360975,Q4 (worst),651.54,Q4 worst,18.62
4210,West,Industrial,1101.73,994.52,107.21,6382.43,59.53203992164911,Q1 (best),59.53,Q1 best,9.73
4211,Central,Residential,1122.24,912.48,209.76,41735.46,198.96767734553777,Q2,198.97,Q2,18.69
4212,East,Residential,731.2,609.95,121.25,84674.5,698.3463917525773,Q4 (worst),698.35,Q4 worst,16.58
4213,North,Residential,1510.01,1452.67,57.34,9197.84,160.40878967561912,Q1 (best),160.41,Q1 best,3.8
4214,East,Commercial,1072.9,958.65,114.25,25842.61,226.19352297593,Q2,226.19,Q2,10.65
4215,North,Residential,1343.47,1276.65,66.82,98615.37,1475.8361269081115,Q4 (worst),1475.84,Q4 worst,4.97
4216,East,Residential,1432.45,1149.02,283.43,72816.6,256.91211233814346,Q2,256.91,Q2,19.79
4217,West,Industrial,1709.47,1504.73,204.74,10954.53,53.504591188824854,Q1 (best),53.5,Q1 best,11.98
4218,South,Commercial,1068.9,916.63,152.27,35104.81,230.54317987784853,Q2,230.54,Q2,14.25
4219,Central,Industrial,557.68,538.6,19.08,47672.65,2498.566561844864,Q4 (worst),2498.57,Q4 worst,3.42
4220,North,Industrial,1472.84,1420.08,52.76,82336.13,1560.5786580742988,Q4 (worst),1560.58,Q4 worst,3.58
4221,Central,Commercial,1186.15,1020.73,165.42,54189.02,327.58445169870635,Q2,327.58,Q2,13.95
4222,East,Industrial,1671.33,1568.27,103.06,92452.78,897.0772365612264,Q4 (worst),897.08,Q4 worst,6.17
4223,West,Commercial,2165.76,1959.99,205.77,63459.25,308.39894056470814,Q2,308.4,Q2,9.5
4224,Central,Industrial,1624.1,1348.74,275.36,6662.24,24.194654270772805,Q1 (best),24.19,Q1 best,16.95
4225,North,Residential,1893.37,1812.63,80.74,31895.91,395.04471141937086,Q3,395.04,Q3,4.26
4226,South,Industrial,2201.12,1840.09,361.03,35893.29,99.41913414397696,Q1 (best),99.42,Q1 best,16.4
4227,Central,Commercial,1767.93,1534.18,233.75,69710.85,298.22823529411767,Q2,298.23,Q2,13.22
4228,West,Residential,2296.25,2129.44,166.81,47321.09,283.68257298723097,Q2,283.68,Q2,7.26
4229,Central,Residential,2479.24,2082.02,397.22,67239.92,169.27627007703538,Q1 (best),169.28,Q1 best,16.02
4230,North,Commercial,633.24,530.65,102.59,96300.84,938.6961692172725,Q4 (worst),938.7,Q4 worst,16.2
4231,South,Commercial,876.69,851.37,25.32,21771.48,859.8530805687203,Q4 (worst),859.85,Q4 worst,2.89
4232,West,Commercial,1656.33,1497.56,158.77,89897.72,566.2135164073817,Q3,566.21,Q3,9.59
4233,South,Residential,1262.59,1159.68,102.91,20118.41,195.49518997182005,Q2,195.5,Q2,8.15
4234,South,Residential,1812.75,1585.9,226.85,71497.1,315.1734626405114,Q2,315.17,Q2,12.51
4235,East,Commercial,1640.34,1575.26,65.08,8401.37,129.09296250768287,Q1 (best),129.09,Q1 best,3.97
4236,North,Industrial,1665.27,1537.42,127.85,41461.18,324.29550254204145,Q2,324.3,Q2,7.68
4237,South,Residential,602.86,541.51,61.35,94023.86,1532.5812550937244,Q4 (worst),1532.58,Q4 worst,10.18
4238,South,Residential,1781.99,1620.9,161.09,89202.81,553.7451735054938,Q3,553.75,Q3,9.04
4239,West,Residential,1233.08,1203.16,29.92,93219.76,3115.6336898395716,Q4 (worst),3115.63,Q4 worst,2.43
4240,Central,Industrial,2140.96,1938.22,202.74,54278.12,267.722797671895,Q2,267.72,Q2,9.47
4241,Central,Residential,2001.54,1638.53,363.01,82502.73,227.27398694250846,Q2,227.27,Q2,18.14
4242,West,Residential,1961.17,1689.7,271.47,5226.17,19.251372158986257,Q1 (best),19.25,Q1 best,13.84
4243,West,Industrial,2276.08,2199.35,76.73,74321.61,968.6121464876841,Q4 (worst),968.61,Q4 worst,3.37
4244,Central,Residential,1695.34,1452.19,243.15,62756.54,258.09804647337035,Q2,258.1,Q2,14.34
4245,South,Commercial,1852.47,1710.19,142.28,55799.52,392.1810514478493,Q3,392.18,Q3,7.68
4246,East,Industrial,1293.63,1251.86,41.77,80594.16,1929.474742638257,Q4 (worst),1929.47,Q4 worst,3.23
4247,West,Residential,1594.1,1375.82,218.28,72929.06,334.1078431372549,Q3,334.11,Q3,13.69
4248,East,Residential,1479.65,1422.03,57.62,76175.57,1322.0334953141273,Q4 (worst),1322.03,Q4 worst,3.89
4249,South,Commercial,2416.92,2124.67,292.25,66804.52,228.58689478186486,Q2,228.59,Q2,12.09
4250,West,Commercial,1089.35,892.15,197.2,81279.03,412.1654665314402,Q3,412.17,Q3,18.1
4251,East,Residential,680.92,635.95,44.97,29618.95,658.6379808761396,Q4 (worst),658.64,Q4 worst,6.6
4252,West,Commercial,1481.82,1306.61,175.21,6712.08,38.308772330346436,Q1 (best),38.31,Q1 best,11.82
4253,Central,Residential,813.7,653.87,159.83,39254.37,245.60076331101794,Q2,245.6,Q2,19.64
4254,Central,Commercial,1870.45,1703.37,167.08,89077.33,533.1417883648551,Q3,533.14,Q3,8.93
4255,Central,Commercial,1576.04,1417.68,158.36,9814.08,61.973225562010605,Q1 (best),61.97,Q1 best,10.05
4256,Central,Residential,1868.27,1770.55,97.72,33301.78,340.78776094965207,Q3,340.79,Q3,5.23
4257,West,Residential,1220.87,1128.16,92.71,64314.05,693.7121130406645,Q4 (worst),693.71,Q4 worst,7.59
4258,North,Industrial,1007.02,942.57,64.45,80611.76,1250.7643134212567,Q4 (worst),1250.76,Q4 worst,6.4
4259,East,Residential,1677.49,1391.45,286.04,44315.89,154.92899594462313,Q1 (best),154.93,Q1 best,17.05
4260,West,Industrial,1879.31,1688.27,191.04,17799.48,93.1714824120603,Q1 (best),93.17,Q1 best,10.17
4261,South,Commercial,709.49,646.21,63.28,13756.42,217.38969658659923,Q2,217.39,Q2,8.92
4262,North,Commercial,2005.01,1872.63,132.38,74727.78,564.4944855718387,Q3,564.49,Q3,6.6
4263,South,Commercial,2424.84,2177.43,247.41,27725.53,112.06309365021623,Q1 (best),112.06,Q1 best,10.2
4264,West,Industrial,2125.18,1748.47,376.71,6068.09,16.108120304743704,Q1 (best),16.11,Q1 best,17.73
4265,North,Commercial,2184.66,2048.17,136.49,28080.6,205.7337533885266,Q2,205.73,Q2,6.25
4266,West,Commercial,2451.49,2148.49,303.0,48000.87,158.41871287128714,Q1 (best),158.42,Q1 best,12.36
4267,South,Industrial,1590.41,1422.37,168.04,46352.37,275.8412877886218,Q2,275.84,Q2,10.57
4268,West,Industrial,887.25,857.14,30.11,71069.86,2360.3407505812024,Q4 (worst),2360.34,Q4 worst,3.39
4269,Central,Commercial,1898.04,1737.87,160.17,68379.58,426.91877380283455,Q3,426.92,Q3,8.44
4270,Central,Industrial,2049.99,1977.57,72.42,48789.06,673.6959403479701,Q4 (worst),673.7,Q4 worst,3.53
4271,West,Commercial,2380.43,2150.33,230.1,39816.63,173.0405475880052,Q2,173.04,Q2,9.67
4272,North,Industrial,2085.66,1826.83,258.83,15269.61,58.99474558590581,Q1 (best),58.99,Q1 best,12.41
4273,West,Residential,1048.16,915.16,133.0,20876.57,156.96669172932332,Q1 (best),156.97,Q1 best,12.69
4274,Central,Commercial,2459.79,2048.86,410.93,5972.03,14.532961818314554,Q1 (best),14.53,Q1 best,16.71
4275,West,Residential,2105.58,2004.14,101.44,66499.16,655.5516561514196,Q4 (worst),655.55,Q4 worst,4.82
4276,East,Residential,1871.86,1560.29,311.57,44707.05,143.48958500497483,Q1 (best),143.49,Q1 best,16.64
4277,Central,Residential,1195.53,970.57,224.96,92076.84,409.30316500711234,Q3,409.3,Q3,18.82
4278,East,Residential,2231.71,1846.59,385.12,65601.67,170.34085479850435,Q1 (best),170.34,Q1 best,17.26
4279,East,Residential,1355.25,1326.99,28.26,60135.57,2127.9394904458595,Q4 (worst),2127.94,Q4 worst,2.09
4280,North,Industrial,2040.89,1911.59,129.3,83353.07,644.6486465583913,Q3,644.65,Q3,6.34
4281,West,Residential,1546.1,1490.7,55.4,59910.66,1081.419855595668,Q4 (worst),1081.42,Q4 worst,3.58
4282,North,Industrial,1883.29,1797.32,85.97,71724.04,834.2914970338489,Q4 (worst),834.29,Q4 worst,4.56
4283,South,Residential,1462.2,1310.99,151.21,85824.5,567.5848158190596,Q3,567.58,Q3,10.34
4284,West,Industrial,1519.58,1230.21,289.37,81918.86,283.0938245153264,Q2,283.09,Q2,19.04
4285,South,Commercial,727.71,582.31,145.4,76489.0,526.0591471801926,Q3,526.06,Q3,19.98
4286,South,Industrial,2439.12,2083.33,355.79,88869.49,249.78074144860733,Q2,249.78,Q2,14.59
4287,East,Industrial,2195.42,1788.61,406.81,99857.73,245.46527863130208,Q2,245.47,Q2,18.53
4288,East,Residential,500.87,477.64,23.23,21281.84,916.1360309944038,Q4 (worst),916.14,Q4 worst,4.64
4289,North,Commercial,721.29,675.37,45.92,34256.35,746.0006533101044,Q4 (worst),746.0,Q4 worst,6.37
4290,South,Commercial,2095.73,1797.5,298.23,17987.86,60.31539415887067,Q1 (best),60.32,Q1 best,14.23
4291,East,Residential,2256.94,2145.97,110.97,97039.42,874.4653509957647,Q4 (worst),874.47,Q4 worst,4.92
4292,South,Commercial,853.36,758.68,94.68,68330.0,721.6941275876636,Q4 (worst),721.69,Q4 worst,11.09
4293,West,Industrial,2015.44,1965.12,50.32,27751.71,551.5045707472178,Q3,551.5,Q3,2.5
4294,Central,Industrial,633.47,523.47,110.0,66662.09,606.019,Q3,606.02,Q3,17.36
4295,North,Commercial,866.59,770.09,96.5,19768.87,204.85875647668394,Q2,204.86,Q2,11.14
4296,West,Commercial,1184.64,975.6,209.04,94293.7,451.07969766551855,Q3,451.08,Q3,17.65
4297,West,Industrial,1515.73,1413.49,102.24,26876.57,262.8772496087637,Q2,262.88,Q2,6.75
4298,West,Residential,1776.22,1641.08,135.14,79626.04,589.2114843865621,Q3,589.21,Q3,7.61
4299,Central,Residential,2467.59,2141.59,326.0,23419.43,71.83874233128834,Q1 (best),71.84,Q1 best,13.21
4300,West,Industrial,1219.49,1076.83,142.66,46690.16,327.28277022290763,Q2,327.28,Q2,11.7
4301,West,Industrial,1976.07,1745.13,230.94,99391.27,430.3770243353252,Q3,430.38,Q3,11.69
4302,Central,Industrial,1968.64,1741.79,226.85,65643.13,289.36799647344066,Q2,289.37,Q2,11.52
4303,South,Industrial,1418.34,1209.3,209.04,62751.25,300.18776310753924,Q2,300.19,Q2,14.74
4304,Central,Residential,2305.9,2080.8,225.1,82669.08,367.2549089293647,Q3,367.25,Q3,9.76
4305,South,Commercial,1259.51,1231.01,28.5,60966.27,2139.1673684210527,Q4 (worst),2139.17,Q4 worst,2.26
4306,South,Residential,2476.11,1981.1,495.01,81770.85,165.19029918587503,Q1 (best),165.19,Q1 best,19.99
4307,Central,Residential,2016.47,1793.57,222.9,32559.66,146.0729475100942,Q1 (best),146.07,Q1 best,11.05
4308,South,Residential,1816.73,1582.27,234.46,46818.09,199.68476499189626,Q2,199.68,Q2,12.91
4309,West,Residential,815.11,691.66,123.45,33050.82,267.72636695018224,Q2,267.73,Q2,15.15
4310,East,Residential,1812.82,1482.08,330.74,23456.47,70.9211767551551,Q1 (best),70.92,Q1 best,18.24
4311,West,Industrial,1766.23,1653.8,112.43,11033.56,98.13715200569241,Q1 (best),98.14,Q1 best,6.37
4312,East,Residential,784.28,731.3,52.98,82103.4,1549.705549263873,Q4 (worst),1549.71,Q4 worst,6.76
4313,North,Commercial,1602.67,1353.42,249.25,30621.78,122.85568706118354,Q1 (best),122.86,Q1 best,15.55
4314,North,Industrial,1116.91,929.24,187.67,87697.18,467.2946128843182,Q3,467.29,Q3,16.8
4315,West,Commercial,1430.3,1198.2,232.1,53037.46,228.51124515295132,Q2,228.51,Q2,16.23
4316,East,Residential,907.55,852.92,54.63,53531.4,979.8901702361339,Q4 (worst),979.89,Q4 worst,6.02
4317,East,Residential,1284.89,1082.94,201.95,81441.7,403.27655360237685,Q3,403.28,Q3,15.72
4318,South,Industrial,603.98,487.14,116.84,61098.03,522.9204895583704,Q3,522.92,Q3,19.35
4319,North,Commercial,1869.15,1776.02,93.13,59098.69,634.5827338129496,Q3,634.58,Q3,4.98
4320,South,Residential,1354.75,1097.24,257.51,5978.52,23.21665178051338,Q1 (best),23.22,Q1 best,19.01
4321,North,Industrial,2113.05,1843.85,269.2,21942.43,81.50976968796434,Q1 (best),81.51,Q1 best,12.74
4322,West,Industrial,1680.55,1573.65,106.9,8295.88,77.60411599625817,Q1 (best),77.6,Q1 best,6.36
4323,North,Residential,930.02,880.97,49.05,44495.92,907.1543323139654,Q4 (worst),907.15,Q4 worst,5.27
4324,North,Residential,769.28,693.91,75.37,80552.01,1068.7542788908052,Q4 (worst),1068.75,Q4 worst,9.8
4325,West,Industrial,1676.99,1609.2,67.79,27522.6,405.9979347986428,Q3,406.0,Q3,4.04
4326,North,Residential,1292.25,1078.31,213.94,73546.38,343.7710573057867,Q3,343.77,Q3,16.56
4327,South,Industrial,609.49,488.21,121.28,53306.19,439.5299307387863,Q3,439.53,Q3,19.9
4328,Central,Commercial,2410.02,2354.54,55.48,46825.38,844.004686373468,Q4 (worst),844.0,Q4 worst,2.3
4329,West,Commercial,1174.3,1105.0,69.3,49234.5,710.4545454545455,Q4 (worst),710.45,Q4 worst,5.9
4330,Central,Commercial,2304.29,2258.18,46.11,18063.32,391.7440902190414,Q3,391.74,Q3,2.0
4331,North,Industrial,1248.28,1029.25,219.03,77664.39,354.58334474729486,Q3,354.58,Q3,17.55
4332,South,Residential,2237.64,1904.8,332.84,75993.69,228.3189820934984,Q2,228.32,Q2,14.87
4333,North,Commercial,948.75,830.24,118.51,56585.71,477.4762467302337,Q3,477.48,Q3,12.49
4334,North,Commercial,2450.38,2328.76,121.62,37080.31,304.8866140437428,Q2,304.89,Q2,4.96
4335,West,Residential,2195.16,1896.3,298.86,79256.79,265.1970487853844,Q2,265.2,Q2,13.61
4336,South,Residential,2146.41,2072.63,73.78,24542.23,332.6406885334779,Q3,332.64,Q3,3.44
4337,Central,Residential,1382.84,1174.38,208.46,27266.71,130.800681185839,Q1 (best),130.8,Q1 best,15.07
4338,Central,Residential,1518.54,1284.45,234.09,29832.68,127.44106967405699,Q1 (best),127.44,Q1 best,15.42
4339,West,Residential,1011.54,991.24,20.3,12939.29,637.403448275862,Q3,637.4,Q3,2.01
4340,East,Commercial,617.22,499.73,117.49,32187.45,273.95906034556134,Q2,273.96,Q2,19.04
4341,South,Commercial,622.47,524.31,98.16,13325.29,135.75071312143442,Q1 (best),135.75,Q1 best,15.77
4342,Central,Industrial,1206.59,1007.98,198.61,25586.71,128.82891093097024,Q1 (best),128.83,Q1 best,16.46
4343,South,Residential,1683.91,1459.73,224.18,31312.88,139.6774020876082,Q1 (best),139.68,Q1 best,13.31
4344,East,Commercial,810.44,782.87,27.57,10510.07,381.21400072542616,Q3,381.21,Q3,3.4
4345,North,Industrial,2429.32,2282.61,146.71,51100.77,348.3114307136527,Q3,348.31,Q3,6.04
4346,Central,Residential,1796.84,1548.27,248.57,92060.14,370.3590135575492,Q3,370.36,Q3,13.83
4347,South,Residential,1631.3,1432.18,199.12,79630.82,399.9137203696264,Q3,399.91,Q3,12.21
4348,West,Industrial,1786.14,1624.32,161.82,54569.63,337.2242615251514,Q3,337.22,Q3,9.06
4349,North,Residential,1431.72,1367.41,64.31,83037.08,1291.2001243974498,Q4 (worst),1291.2,Q4 worst,4.49
4350,South,Industrial,1758.52,1561.91,196.61,50107.37,254.85667056609532,Q2,254.86,Q2,11.18
4351,North,Industrial,2389.21,2277.82,111.39,83675.78,751.1965167429751,Q4 (worst),751.2,Q4 worst,4.66
4352,North,Industrial,777.37,746.58,30.79,58147.34,1888.5138031828515,Q4 (worst),1888.51,Q4 worst,3.96
4353,North,Industrial,1142.64,1014.47,128.17,35337.82,275.71054068814857,Q2,275.71,Q2,11.22
4354,South,Industrial,1046.68,849.18,197.5,28478.95,144.19721518987342,Q1 (best),144.2,Q1 best,18.87
4355,East,Commercial,2435.85,1984.13,451.72,30700.03,67.96252103072699,Q1 (best),67.96,Q1 best,18.54
4356,East,Residential,1053.84,940.54,113.3,71154.96,628.0225948808474,Q3,628.02,Q3,10.75
4357,North,Industrial,2251.25,2139.9,111.35,55190.72,495.65083071396504,Q3,495.65,Q3,4.95
4358,North,Residential,682.22,584.96,97.26,22192.09,228.17283569812872,Q2,228.17,Q2,14.26
4359,West,Commercial,1302.73,1259.17,43.56,43381.81,995.9093204775022,Q4 (worst),995.91,Q4 worst,3.34
4360,West,Residential,954.4,805.41,148.99,77793.4,522.1383985502382,Q3,522.14,Q3,15.61
4361,Central,Commercial,914.57,753.38,161.19,81783.04,507.3704324089583,Q3,507.37,Q3,17.62
4362,South,Residential,965.21,885.24,79.97,56287.32,703.8554457921721,Q4 (worst),703.86,Q4 worst,8.29
4363,South,Residential,2118.58,1828.28,290.3,36676.15,126.33878746124698,Q1 (best),126.34,Q1 best,13.7
4364,South,Industrial,719.4,642.09,77.31,49153.02,635.7912301125339,Q3,635.79,Q3,10.75
4365,North,Residential,1886.16,1758.59,127.57,72226.99,566.1753547072196,Q3,566.18,Q3,6.76
4366,East,Commercial,1784.14,1739.87,44.27,37506.1,847.2125592952337,Q4 (worst),847.21,Q4 worst,2.48
4367,North,Industrial,549.97,514.54,35.43,33906.36,956.995766299746,Q4 (worst),957.0,Q4 worst,6.44
4368,West,Industrial,881.36,844.84,36.52,99219.42,2716.851588170865,Q4 (worst),2716.85,Q4 worst,4.14
4369,East,Residential,1199.71,1008.61,191.1,34523.47,180.65656724228154,Q2,180.66,Q2,15.93
4370,West,Residential,2429.5,2258.55,170.95,20742.59,121.33717461245979,Q1 (best),121.34,Q1 best,7.04
4371,West,Commercial,1851.07,1661.59,189.48,8283.59,43.71748997255647,Q1 (best),43.72,Q1 best,10.24
4372,North,Residential,1282.44,1076.32,206.12,92102.21,446.83781292451,Q3,446.84,Q3,16.07
4373,East,Industrial,1064.11,892.67,171.44,44453.22,259.2931637890807,Q2,259.29,Q2,16.11
4374,West,Residential,1136.2,940.48,195.72,78955.79,403.4119660739832,Q3,403.41,Q3,17.23
4375,North,Industrial,1453.39,1383.2,70.19,28406.89,404.7142043026072,Q3,404.71,Q3,4.83
4376,Central,Industrial,1120.65,922.49,198.16,9415.87,47.51650181671377,Q1 (best),47.52,Q1 best,17.68
4377,South,Commercial,506.53,432.55,73.98,72326.86,977.6542308732089,Q4 (worst),977.65,Q4 worst,14.61
4378,Central,Commercial,802.38,778.25,24.13,16456.33,681.9863240779114,Q4 (worst),681.99,Q4 worst,3.01
4379,North,Residential,1686.65,1378.8,307.85,58326.92,189.46538898814356,Q2,189.47,Q2,18.25
4380,West,Commercial,804.18,659.65,144.53,31977.22,221.24970594340277,Q2,221.25,Q2,17.97
4381,West,Commercial,1413.72,1220.83,192.89,70995.54,368.0623153092436,Q3,368.06,Q3,13.64
4382,North,Commercial,2055.46,1820.61,234.85,44194.25,188.18075367255696,Q2,188.18,Q2,11.43
4383,North,Commercial,2129.16,1970.51,158.65,78661.46,495.81758588086984,Q3,495.82,Q3,7.45
4384,North,Industrial,595.79,478.11,117.68,80772.47,686.3738103331067,Q4 (worst),686.37,Q4 worst,19.75
4385,Central,Commercial,858.05,768.24,89.81,72006.78,801.7679545707605,Q4 (worst),801.77,Q4 worst,10.47
4386,East,Industrial,2403.63,2246.4,157.23,57759.69,367.35794695668767,Q3,367.36,Q3,6.54
4387,West,Industrial,947.87,896.44,51.43,38549.54,749.5535679564457,Q4 (worst),749.55,Q4 worst,5.43
4388,Central,Commercial,1602.23,1293.25,308.98,17253.4,55.839860185125254,Q1 (best),55.84,Q1 best,19.28
4389,North,Industrial,1529.08,1471.68,57.4,34375.75,598.8806620209059,Q3,598.88,Q3,3.75
4390,South,Commercial,2206.83,1947.86,258.97,57509.06,222.06842491408267,Q2,222.07,Q2,11.73
4391,South,Industrial,1623.79,1580.06,43.73,20091.65,459.4477475417334,Q3,459.45,Q3,2.69
4392,Central,Industrial,1935.04,1549.08,385.96,68009.7,176.20919266245207,Q2,176.21,Q2,19.95
4393,West,Residential,948.79,767.28,181.51,69052.44,380.43325436615066,Q3,380.43,Q3,19.13
4394,South,Residential,752.91,630.72,122.19,86855.8,710.8257631557411,Q4 (worst),710.83,Q4 worst,16.23
4395,South,Industrial,1864.96,1612.48,252.48,66880.17,264.89294201520914,Q2,264.89,Q2,13.54
4396,South,Commercial,794.7,653.5,141.2,66956.92,474.1991501416431,Q3,474.2,Q3,17.77
4397,North,Commercial,1820.82,1468.93,351.89,93520.45,265.7661485123192,Q2,265.77,Q2,19.33
4398,South,Commercial,1163.04,978.74,184.3,77233.8,419.06565382528487,Q3,419.07,Q3,15.85
4399,West,Residential,2272.86,2011.69,261.17,38753.44,148.38396446758816,Q1 (best),148.38,Q1 best,11.49
4400,North,Residential,1981.65,1758.44,223.21,52146.64,233.62143273150843,Q2,233.62,Q2,11.26
4401,East,Commercial,2069.38,1667.87,401.51,32017.07,79.74165027022988,Q1 (best),79.74,Q1 best,19.4
4402,South,Industrial,2191.52,1915.18,276.34,84021.73,304.0520011579938,Q2,304.05,Q2,12.61
4403,South,Commercial,1239.12,1171.65,67.47,89342.92,1324.1873425226026,Q4 (worst),1324.19,Q4 worst,5.44
4404,West,Industrial,1350.97,1156.81,194.16,20338.88,104.75319324268645,Q1 (best),104.75,Q1 best,14.37
4405,Central,Commercial,2367.12,1980.25,386.87,32479.89,83.95556646935663,Q1 (best),83.96,Q1 best,16.34
4406,North,Residential,1968.27,1927.62,40.65,55264.55,1359.5215252152523,Q4 (worst),1359.52,Q4 worst,2.07
4407,West,Industrial,986.0,882.89,103.11,18428.18,178.72349917563767,Q2,178.72,Q2,10.46
4408,East,Residential,950.21,915.44,34.77,81074.24,2331.7296519988495,Q4 (worst),2331.73,Q4 worst,3.66
4409,South,Industrial,1227.9,1004.68,223.22,80017.31,358.46837200967656,Q3,358.47,Q3,18.18
4410,North,Residential,2442.73,2257.37,185.36,88892.59,479.56727449287865,Q3,479.57,Q3,7.59
4411,South,Commercial,1472.52,1275.95,196.57,89336.4,454.4762679961337,Q3,454.48,Q3,13.35
4412,West,Industrial,1737.14,1484.63,252.51,21644.16,85.71605084947132,Q1 (best),85.72,Q1 best,14.54
4413,West,Residential,829.44,711.81,117.63,55860.4,474.8822579273995,Q3,474.88,Q3,14.18
4414,West,Residential,1188.6,1108.1,80.5,28501.48,354.055652173913,Q3,354.06,Q3,6.77
4415,West,Industrial,1788.83,1522.12,266.71,77275.35,289.7354804844213,Q2,289.74,Q2,14.91
4416,Central,Commercial,693.03,627.31,65.72,83568.1,1271.57790626902,Q4 (worst),1271.58,Q4 worst,9.48
4417,Central,Commercial,539.91,451.91,88.0,41519.74,471.81522727272727,Q3,471.82,Q3,16.3
4418,South,Industrial,1135.78,1001.35,134.43,43862.74,326.286840734955,Q2,326.29,Q2,11.84
4419,Central,Commercial,1165.87,1033.99,131.88,57190.58,433.65620260843195,Q3,433.66,Q3,11.31
4420,North,Commercial,1536.39,1469.51,66.88,12135.01,181.44452751196175,Q2,181.44,Q2,4.35
4421,North,Commercial,1719.02,1670.33,48.69,27261.74,559.904292462518,Q3,559.9,Q3,2.83
4422,East,Residential,1772.8,1485.96,286.84,73756.41,257.13432575651933,Q2,257.13,Q2,16.18
4423,East,Commercial,1913.12,1689.2,223.92,96219.0,429.7025723472669,Q3,429.7,Q3,11.7
4424,West,Industrial,2092.28,1828.18,264.1,73696.94,279.0493752366528,Q2,279.05,Q2,12.62
4425,Central,Residential,960.72,772.22,188.5,24521.49,130.0874801061008,Q1 (best),130.09,Q1 best,19.62
4426,West,Industrial,1398.26,1130.42,267.84,66066.45,246.6638664874552,Q2,246.66,Q2,19.16
4427,West,Industrial,1499.28,1368.84,130.44,72559.63,556.2682459368292,Q3,556.27,Q3,8.7
4428,Central,Residential,919.48,744.18,175.3,37846.07,215.89315459212776,Q2,215.89,Q2,19.07
4429,South,Commercial,792.74,766.8,25.94,53153.4,2049.0902081727063,Q4 (worst),2049.09,Q4 worst,3.27
4430,East,Commercial,1742.98,1675.94,67.04,5115.39,76.30355011933175,Q1 (best),76.3,Q1 best,3.85
4431,West,Industrial,2449.5,2238.0,211.5,38421.87,181.66368794326243,Q2,181.66,Q2,8.63
4432,West,Commercial,1429.09,1197.77,231.32,19513.28,84.35621649662805,Q1 (best),84.36,Q1 best,16.19
4433,North,Residential,1832.72,1489.74,342.98,39218.91,114.34751297451747,Q1 (best),114.35,Q1 best,18.71
4434,North,Industrial,1483.54,1277.67,205.87,45244.48,219.77208918249383,Q2,219.77,Q2,13.88
4435,South,Residential,1585.3,1359.82,225.48,32323.34,143.353468156821,Q1 (best),143.35,Q1 best,14.22
4436,West,Commercial,1256.46,1175.84,80.62,77998.33,967.4811461175887,Q4 (worst),967.48,Q4 worst,6.42
4437,North,Commercial,2236.63,1842.12,394.51,25722.03,65.19994423462016,Q1 (best),65.2,Q1 best,17.64
4438,Central,Commercial,2388.59,2295.15,93.44,52027.93,556.8057577054794,Q3,556.81,Q3,3.91
4439,North,Commercial,820.46,708.78,111.68,48136.86,431.02489255014325,Q3,431.02,Q3,13.61
4440,East,Industrial,1017.7,867.11,150.59,71954.06,477.8143303008168,Q3,477.81,Q3,14.8
4441,Central,Industrial,1635.85,1462.85,173.0,54877.16,317.20901734104046,Q2,317.21,Q2,10.58
4442,Central,Industrial,747.4,695.8,51.6,9993.95,193.6812015503876,Q2,193.68,Q2,6.9
4443,South,Residential,2092.47,1763.33,329.14,87857.95,266.93185270705476,Q2,266.93,Q2,15.73
4444,East,Commercial,2154.1,2084.8,69.3,63105.65,910.6154401154402,Q4 (worst),910.62,Q4 worst,3.22
4445,North,Commercial,1964.55,1900.58,63.97,27309.9,426.91730498671257,Q3,426.92,Q3,3.26
4446,South,Residential,707.4,690.99,16.41,56372.31,3435.2413162705666,Q4 (worst),3435.24,Q4 worst,2.32
4447,Central,Industrial,2198.75,2066.85,131.9,69282.1,525.262319939348,Q3,525.26,Q3,6.0
4448,East,Industrial,707.07,575.36,131.71,89603.5,680.309012223825,Q4 (worst),680.31,Q4 worst,18.63
4449,East,Industrial,991.06,841.42,149.64,49276.09,329.2975808607324,Q2,329.3,Q2,15.1
4450,West,Commercial,735.5,643.04,92.46,76632.03,828.8127839065543,Q4 (worst),828.81,Q4 worst,12.57
4451,East,Industrial,1426.23,1237.29,188.94,44331.59,234.63316396739705,Q2,234.63,Q2,13.25
4452,South,Industrial,1346.3,1193.86,152.44,27306.13,179.12706638677514,Q2,179.13,Q2,11.32
4453,West,Industrial,723.32,674.0,49.32,33126.18,671.6581508515815,Q4 (worst),671.66,Q4 worst,6.82
4454,South,Commercial,1020.27,988.67,31.6,68835.81,2178.3484177215187,Q4 (worst),2178.35,Q4 worst,3.1
4455,West,Commercial,1675.19,1549.32,125.87,40560.1,322.23802335743227,Q2,322.24,Q2,7.51
4456,South,Commercial,849.58,744.12,105.46,58551.7,555.2029205385928,Q3,555.2,Q3,12.41
4457,East,Commercial,612.05,539.91,72.14,14556.13,201.77612974771276,Q2,201.78,Q2,11.79
4458,Central,Commercial,1494.38,1432.87,61.51,97542.87,1585.80507234596,Q4 (worst),1585.81,Q4 worst,4.12
4459,North,Industrial,2243.76,2117.58,126.18,36574.06,289.85623712157235,Q2,289.86,Q2,5.62
4460,West,Industrial,1443.67,1204.08,239.59,75800.73,316.3768521223757,Q2,316.38,Q2,16.6
4461,South,Residential,2471.32,1990.1,481.22,74743.06,155.31993682723078,Q1 (best),155.32,Q1 best,19.47
4462,South,Industrial,1643.78,1440.1,203.68,84887.15,416.7672329143754,Q3,416.77,Q3,12.39
4463,West,Residential,1869.06,1760.69,108.37,87394.88,806.4490172556981,Q4 (worst),806.45,Q4 worst,5.8
4464,Central,Industrial,2458.31,2319.57,138.74,88211.83,635.8067608476287,Q3,635.81,Q3,5.64
4465,West,Residential,1532.87,1408.98,123.89,90720.66,732.2678182258455,Q4 (worst),732.27,Q4 worst,8.08
4466,South,Residential,1265.06,1041.45,223.61,67307.48,301.00389070256244,Q2,301.0,Q2,17.68
4467,South,Commercial,2035.29,1845.81,189.48,16037.83,84.64128140173106,Q1 (best),84.64,Q1 best,9.31
4468,East,Commercial,2181.31,1911.61,269.7,32853.66,121.81557285873194,Q1 (best),121.82,Q1 best,12.36
4469,Central,Industrial,2372.02,1897.66,474.36,36386.38,76.70625685133653,Q1 (best),76.71,Q1 best,20.0
4470,Central,Industrial,862.44,820.92,41.52,39749.07,957.3475433526011,Q4 (worst),957.35,Q4 worst,4.81
4471,Central,Industrial,655.12,605.01,50.11,14197.37,283.32408700858116,Q2,283.32,Q2,7.65
4472,North,Residential,2302.67,1901.2,401.47,89762.7,223.58507484992649,Q2,223.59,Q2,17.43
4473,North,Commercial,1198.91,1171.09,27.82,16908.73,607.7904385334292,Q3,607.79,Q3,2.32
4474,Central,Residential,1500.75,1303.84,196.91,54420.48,276.37235285155657,Q2,276.37,Q2,13.12
4475,South,Industrial,601.28,537.86,63.42,68531.35,1080.595238095238,Q4 (worst),1080.6,Q4 worst,10.55
4476,West,Industrial,1522.49,1299.88,222.61,73888.21,331.91774852881724,Q3,331.92,Q3,14.62
4477,West,Residential,1064.35,975.91,88.44,60762.36,687.0461329715062,Q4 (worst),687.05,Q4 worst,8.31
4478,Central,Commercial,977.45,868.73,108.72,51225.66,471.17052980132456,Q3,471.17,Q3,11.12
4479,West,Residential,2445.37,2164.36,281.01,50090.08,178.2501690331305,Q2,178.25,Q2,11.49
4480,South,Industrial,2075.28,1878.29,196.99,70398.64,357.3716432306208,Q3,357.37,Q3,9.49
4481,South,Residential,1976.52,1912.67,63.85,62240.28,974.7890368050117,Q4 (worst),974.79,Q4 worst,3.23
4482,Central,Industrial,828.03,780.48,47.55,29081.29,611.5939011566772,Q3,611.59,Q3,5.74
4483,West,Industrial,578.6,485.63,92.97,62928.67,676.8707109820372,Q4 (worst),676.87,Q4 worst,16.07
4484,Central,Commercial,1679.83,1349.68,330.15,82524.66,249.96110858700592,Q2,249.96,Q2,19.65
4485,South,Residential,2188.11,2117.9,70.21,94943.95,1352.2852869961546,Q4 (worst),1352.29,Q4 worst,3.21
4486,South,Commercial,507.87,456.5,51.37,95761.23,1864.1469729414055,Q4 (worst),1864.15,Q4 worst,10.11
4487,West,Commercial,2238.08,1857.31,380.77,22125.46,58.107151298684244,Q1 (best),58.11,Q1 best,17.01
4488,East,Residential,1429.47,1295.19,134.28,25681.25,191.25148942508193,Q2,191.25,Q2,9.39
4489,North,Commercial,1782.28,1601.1,181.18,80730.48,445.58163152665855,Q3,445.58,Q3,10.17
4490,Central,Industrial,531.62,513.36,18.26,63560.91,3480.882256297919,Q4 (worst),3480.88,Q4 worst,3.43
4491,West,Residential,2171.01,1971.52,199.49,70622.58,354.01563988169835,Q3,354.02,Q3,9.19
4492,East,Residential,1888.59,1531.27,357.32,31671.59,88.6364883018023,Q1 (best),88.64,Q1 best,18.92
4493,South,Commercial,1106.27,1051.57,54.7,95177.08,1739.9831809872028,Q4 (worst),1739.98,Q4 worst,4.94
4494,East,Residential,2364.28,1988.72,375.56,53138.1,141.4903078070082,Q1 (best),141.49,Q1 best,15.88
4495,West,Commercial,2463.37,2054.69,408.68,70329.43,172.08923852402856,Q2,172.09,Q2,16.59
4496,South,Commercial,1146.41,1062.64,83.77,66832.31,797.8072102184553,Q4 (worst),797.81,Q4 worst,7.31
4497,Central,Residential,977.74,905.35,72.39,22376.04,309.10401989225034,Q2,309.1,Q2,7.4
4498,South,Residential,547.47,488.18,59.29,72732.24,1226.7201889020073,Q4 (worst),1226.72,Q4 worst,10.83
4499,North,Residential,562.74,494.82,67.92,49027.87,721.847320376914,Q4 (worst),721.85,Q4 worst,12.07
4500,North,Commercial,972.62,848.69,123.93,57176.21,461.3589122891955,Q3,461.36,Q3,12.74
4501,North,Industrial,965.04,923.71,41.33,81082.11,1961.8221630776677,Q4 (worst),1961.82,Q4 worst,4.28
4502,North,Residential,928.09,777.98,150.11,11132.1,74.15961628139364,Q1 (best),74.16,Q1 best,16.17
4503,Central,Residential,2073.76,1860.16,213.6,28704.34,134.38361423220974,Q1 (best),134.38,Q1 best,10.3
4504,North,Industrial,1069.45,960.13,109.32,21924.18,200.5504939626784,Q2,200.55,Q2,10.22
4505,South,Commercial,1683.29,1495.03,188.26,34840.96,185.0683097843408,Q2,185.07,Q2,11.18
4506,South,Commercial,1164.01,1028.25,135.76,16661.31,122.72620801414263,Q1 (best),122.73,Q1 best,11.66
4507,Central,Industrial,631.45,505.2,126.25,82861.72,656.3304554455445,Q4 (worst),656.33,Q4 worst,19.99
4508,East,Industrial,1954.52,1747.77,206.75,73020.96,353.18481257557437,Q3,353.18,Q3,10.58
4509,North,Commercial,536.05,484.6,51.45,88107.26,1712.4831875607383,Q4 (worst),1712.48,Q4 worst,9.6
4510,North,Industrial,2227.67,1935.64,292.03,95711.58,327.7457110570832,Q2,327.75,Q2,13.11
4511,South,Industrial,591.29,518.67,72.62,50724.26,698.4888460479207,Q4 (worst),698.49,Q4 worst,12.28
4512,East,Residential,1452.2,1291.72,160.48,82715.24,515.4239780658027,Q3,515.42,Q3,11.05
4513,Central,Commercial,644.57,516.82,127.75,17890.5,140.04305283757338,Q1 (best),140.04,Q1 best,19.82
4514,East,Residential,1607.7,1345.92,261.78,44652.56,170.572847429139,Q1 (best),170.57,Q1 best,16.28
4515,South,Industrial,1093.57,1011.65,81.92,86948.22,1061.379638671875,Q4 (worst),1061.38,Q4 worst,7.49
4516,South,Industrial,1735.41,1592.39,143.02,59313.07,414.71871066983636,Q3,414.72,Q3,8.24
4517,South,Industrial,2182.32,1825.41,356.91,79235.49,222.00411868538288,Q2,222.0,Q2,16.35
4518,East,Commercial,1927.92,1668.47,259.45,45566.05,175.62555405665833,Q2,175.63,Q2,13.46
4519,South,Industrial,727.91,615.14,112.77,43448.03,385.28003901746916,Q3,385.28,Q3,15.49
4520,East,Commercial,2073.17,1976.11,97.06,56196.85,578.9908304141768,Q3,578.99,Q3,4.68
4521,North,Industrial,2220.42,2163.93,56.49,92876.48,1644.1224995574437,Q4 (worst),1644.12,Q4 worst,2.54
4522,Central,Residential,1309.6,1056.82,252.78,82758.4,327.39298995173664,Q2,327.39,Q2,19.3
4523,East,Residential,798.09,640.2,157.89,81380.77,515.4270061435177,Q3,515.43,Q3,19.78
4524,South,Residential,1195.89,1051.2,144.69,45795.48,316.5075679037943,Q2,316.51,Q2,12.1
4525,Central,Industrial,1396.92,1159.22,237.7,40184.62,169.05603702145564,Q1 (best),169.06,Q1 best,17.02
4526,East,Commercial,1805.93,1501.06,304.87,91938.73,301.5669957686883,Q2,301.57,Q2,16.88
4527,West,Residential,1487.37,1406.53,80.84,74671.91,923.7000247402276,Q4 (worst),923.7,Q4 worst,5.44
4528,Central,Commercial,663.09,556.27,106.82,12272.06,114.88541471634525,Q1 (best),114.89,Q1 best,16.11
4529,West,Industrial,2214.64,1800.49,414.15,30963.14,74.76310515513703,Q1 (best),74.76,Q1 best,18.7
4530,Central,Residential,954.79,858.83,95.96,19633.78,204.60379324718633,Q2,204.6,Q2,10.05
4531,North,Industrial,785.52,738.5,47.02,20355.33,432.9079115270098,Q3,432.91,Q3,5.99
4532,South,Residential,1642.06,1320.1,321.96,69211.8,214.9701826313828,Q2,214.97,Q2,19.61
4533,Central,Industrial,1579.7,1441.65,138.05,94042.21,681.2184715682723,Q4 (worst),681.22,Q4 worst,8.74
4534,North,Commercial,1565.0,1420.56,144.44,56426.35,390.6559817225145,Q3,390.66,Q3,9.23
4535,South,Residential,989.3,840.08,149.22,53422.43,358.0111915292856,Q3,358.01,Q3,15.08
4536,North,Residential,1473.77,1362.99,110.78,17560.0,158.5123668532226,Q1 (best),158.51,Q1 best,7.52
4537,West,Commercial,1485.59,1228.17,257.42,50336.35,195.54172169994558,Q2,195.54,Q2,17.33
4538,West,Residential,730.56,647.85,82.71,57431.08,694.3668238423408,Q4 (worst),694.37,Q4 worst,11.32
4539,North,Industrial,2297.7,1918.04,379.66,35133.85,92.54029921508717,Q1 (best),92.54,Q1 best,16.52
4540,East,Residential,1189.64,978.65,210.99,46365.27,219.75103085454285,Q2,219.75,Q2,17.74
4541,Central,Industrial,1801.27,1720.81,80.46,60981.25,757.9076559781258,Q4 (worst),757.91,Q4 worst,4.47
4542,North,Commercial,1695.8,1392.3,303.5,40527.21,133.53281713344316,Q1 (best),133.53,Q1 best,17.9
4543,South,Industrial,1591.82,1321.13,270.69,22206.37,82.03616683290849,Q1 (best),82.04,Q1 best,17.01
4544,West,Industrial,899.29,738.82,160.47,84591.72,527.1497476163769,Q3,527.15,Q3,17.84
4545,South,Commercial,581.49,520.95,60.54,8495.51,140.32887347208458,Q1 (best),140.33,Q1 best,10.41
4546,North,Industrial,1978.11,1628.4,349.71,43396.68,124.09333447713821,Q1 (best),124.09,Q1 best,17.68
4547,North,Residential,537.33,507.75,29.58,97179.48,3285.310344827586,Q4 (worst),3285.31,Q4 worst,5.5
4548,North,Industrial,2385.82,2005.68,380.14,63752.39,167.70766033566582,Q1 (best),167.71,Q1 best,15.93
4549,West,Residential,793.27,773.27,20.0,44472.89,2223.6445,Q4 (worst),2223.64,Q4 worst,2.52
4550,East,Residential,2233.96,1971.65,262.31,67196.35,256.171514620106,Q2,256.17,Q2,11.74
4551,West,Industrial,1836.58,1591.6,244.98,18368.51,74.97963099028492,Q1 (best),74.98,Q1 best,13.34
4552,Central,Commercial,1711.0,1483.3,227.7,18806.67,82.59407114624506,Q1 (best),82.59,Q1 best,13.31
4553,Central,Commercial,2475.01,2207.64,267.37,35327.86,132.1309795414594,Q1 (best),132.13,Q1 best,10.8
4554,Central,Commercial,1625.07,1489.88,135.19,69755.61,515.9820252977291,Q3,515.98,Q3,8.32
4555,Central,Industrial,1857.86,1706.7,151.16,25608.27,169.41168298491664,Q1 (best),169.41,Q1 best,8.14
4556,North,Commercial,814.3,717.44,96.86,97597.24,1007.6113978938675,Q4 (worst),1007.61,Q4 worst,11.89
4557,West,Residential,1838.17,1734.53,103.64,76756.53,740.6071979930529,Q4 (worst),740.61,Q4 worst,5.64
4558,North,Industrial,1881.93,1725.75,156.18,59972.06,383.9932129594058,Q3,383.99,Q3,8.3
4559,Central,Commercial,1429.52,1244.0,185.52,18202.36,98.11535144458819,Q1 (best),98.12,Q1 best,12.98
4560,East,Residential,2465.22,2020.92,444.3,72323.37,162.78048615800134,Q1 (best),162.78,Q1 best,18.02
4561,East,Industrial,1788.23,1445.18,343.05,57855.91,168.6515376767235,Q1 (best),168.65,Q1 best,19.18
4562,West,Industrial,1266.7,1165.23,101.47,9282.79,91.48309845274467,Q1 (best),91.48,Q1 best,8.01
4563,East,Residential,2451.45,2232.61,218.84,34385.43,157.12589106196307,Q1 (best),157.13,Q1 best,8.93
4564,Central,Commercial,1400.04,1324.66,75.38,39983.99,530.4323427964978,Q3,530.43,Q3,5.38
4565,East,Industrial,2446.85,2006.35,440.5,32268.83,73.2550056753689,Q1 (best),73.26,Q1 best,18.0
4566,West,Residential,575.36,494.94,80.42,57837.55,719.1936085550858,Q4 (worst),719.19,Q4 worst,13.98
4567,East,Industrial,771.17,650.71,120.46,62694.13,520.4560019923626,Q3,520.46,Q3,15.62
4568,South,Commercial,563.2,479.14,84.06,60175.32,715.8615274803711,Q4 (worst),715.86,Q4 worst,14.93
4569,North,Industrial,2489.15,2198.13,291.02,64923.93,223.09095594804484,Q2,223.09,Q2,11.69
4570,Central,Industrial,1300.54,1056.18,244.36,73649.09,301.39585038467834,Q2,301.4,Q2,18.79
4571,West,Industrial,1305.13,1072.89,232.24,36400.22,156.7353599724423,Q1 (best),156.74,Q1 best,17.79
4572,West,Commercial,1722.91,1415.73,307.18,70786.17,230.43873299042906,Q2,230.44,Q2,17.83
4573,North,Commercial,2278.06,2005.7,272.36,31587.54,115.97716257893964,Q1 (best),115.98,Q1 best,11.96
4574,Central,Industrial,2068.63,1921.45,147.18,25257.79,171.61156407120532,Q1 (best),171.61,Q1 best,7.11
4575,East,Industrial,786.03,745.84,40.19,23894.37,594.5352077631252,Q3,594.54,Q3,5.11
4576,Central,Industrial,681.67,637.19,44.48,58579.37,1316.9822392086332,Q4 (worst),1316.98,Q4 worst,6.53
4577,North,Industrial,2170.31,1942.94,227.37,65836.84,289.5581651053349,Q2,289.56,Q2,10.48
4578,South,Commercial,1056.45,958.77,97.68,90514.32,926.6412776412776,Q4 (worst),926.64,Q4 worst,9.25
4579,Central,Residential,1498.13,1334.43,163.7,94069.92,574.6482590103849,Q3,574.65,Q3,10.93
4580,South,Residential,1778.03,1503.71,274.32,57414.09,209.29604111986,Q2,209.3,Q2,15.43
4581,East,Commercial,2228.22,1832.94,395.28,93780.06,237.2496964177292,Q2,237.25,Q2,17.74
4582,Central,Residential,943.67,838.03,105.64,89175.13,844.1417076864824,Q4 (worst),844.14,Q4 worst,11.19
4583,North,Commercial,1916.86,1687.32,229.54,80385.7,350.20345037901893,Q3,350.2,Q3,11.97
4584,North,Commercial,1748.95,1519.47,229.48,5672.92,24.720759979083144,Q1 (best),24.72,Q1 best,13.12
4585,North,Residential,1757.64,1423.28,334.36,81354.01,243.31262710850578,Q2,243.31,Q2,19.02
4586,North,Residential,793.37,700.38,92.99,34699.06,373.14829551564685,Q3,373.15,Q3,11.72
4587,South,Residential,1315.66,1146.89,168.77,14946.83,88.56331101499082,Q1 (best),88.56,Q1 best,12.83
4588,East,Industrial,2095.82,1977.94,117.88,67698.88,574.3033593484901,Q3,574.3,Q3,5.62
4589,East,Industrial,1328.03,1170.68,157.35,39736.08,252.53307912297427,Q2,252.53,Q2,11.85
4590,East,Commercial,1823.24,1546.96,276.28,16106.95,58.299370204140736,Q1 (best),58.3,Q1 best,15.15
4591,North,Industrial,2222.47,1942.25,280.22,7291.09,26.019163514381557,Q1 (best),26.02,Q1 best,12.61
4592,North,Industrial,2236.24,1924.02,312.22,15852.27,50.77275638972519,Q1 (best),50.77,Q1 best,13.96
4593,Central,Commercial,1790.31,1490.93,299.38,47478.4,158.5890841071548,Q1 (best),158.59,Q1 best,16.72
4594,West,Commercial,1920.68,1726.62,194.06,72708.76,374.67154488302583,Q3,374.67,Q3,10.1
4595,Central,Industrial,669.83,601.51,68.32,98509.19,1441.8792447306794,Q4 (worst),1441.88,Q4 worst,10.2
4596,West,Residential,2022.31,1792.23,230.08,19227.28,83.56780250347704,Q1 (best),83.57,Q1 best,11.38
4597,North,Commercial,1895.95,1708.05,187.9,62070.56,330.33826503459284,Q3,330.34,Q3,9.91
4598,South,Commercial,1366.6,1184.57,182.03,33962.99,186.57908037136735,Q2,186.58,Q2,13.32
4599,Central,Residential,601.99,507.94,94.05,67703.29,719.8648591174906,Q4 (worst),719.86,Q4 worst,15.62
4600,South,Residential,2034.88,1871.33,163.55,99708.75,609.6530113115255,Q3,609.65,Q3,8.04
4601,West,Commercial,2308.54,1872.17,436.37,43938.75,100.69150033228682,Q1 (best),100.69,Q1 best,18.9
4602,South,Industrial,1466.33,1308.5,157.83,72194.85,457.42159285306974,Q3,457.42,Q3,10.76
4603,South,Commercial,563.66,490.66,73.0,6591.08,90.28876712328767,Q1 (best),90.29,Q1 best,12.95
4604,Central,Commercial,2031.38,1841.34,190.04,70847.41,372.8026205009472,Q3,372.8,Q3,9.36
4605,Central,Commercial,1244.33,1038.42,205.91,76003.68,369.11116507211887,Q3,369.11,Q3,16.55
4606,West,Industrial,860.24,776.82,83.42,78079.93,935.9857348357707,Q4 (worst),935.99,Q4 worst,9.7
4607,West,Commercial,1103.0,932.69,170.31,45421.01,266.6960836122365,Q2,266.7,Q2,15.44
4608,South,Commercial,813.91,717.59,96.32,63406.13,658.2862333887043,Q4 (worst),658.29,Q4 worst,11.83
4609,West,Residential,1863.21,1786.6,76.61,75580.22,986.5581516773267,Q4 (worst),986.56,Q4 worst,4.11
4610,South,Industrial,1052.22,877.05,175.17,45590.95,260.2668835987898,Q2,260.27,Q2,16.65
4611,North,Residential,552.52,495.6,56.92,83286.32,1463.217146872804,Q4 (worst),1463.22,Q4 worst,10.3
4612,East,Commercial,2138.04,1865.66,272.38,74254.93,272.6152066965269,Q2,272.62,Q2,12.74
4613,East,Residential,1658.46,1535.19,123.27,34329.24,278.4881966415186,Q2,278.49,Q2,7.43
4614,Central,Residential,2327.64,2236.32,91.32,60753.37,665.2800043802016,Q4 (worst),665.28,Q4 worst,3.92
4615,Central,Residential,1058.73,1028.28,30.45,22730.09,746.4725779967159,Q4 (worst),746.47,Q4 worst,2.88
4616,South,Residential,1049.85,925.16,124.69,21077.87,169.04218461785226,Q1 (best),169.04,Q1 best,11.88
4617,West,Industrial,2081.03,1822.92,258.11,39052.73,151.30266165588316,Q1 (best),151.3,Q1 best,12.4
4618,Central,Commercial,691.3,634.36,56.94,91129.31,1600.444502985599,Q4 (worst),1600.44,Q4 worst,8.24
4619,Central,Residential,1722.61,1641.95,80.66,84771.67,1050.9753285395489,Q4 (worst),1050.98,Q4 worst,4.68
4620,North,Commercial,2472.03,2121.62,350.41,31604.44,90.19274564082075,Q1 (best),90.19,Q1 best,14.17
4621,North,Commercial,2367.7,1957.24,410.46,39923.22,97.26458120157872,Q1 (best),97.26,Q1 best,17.34
4622,Central,Commercial,2087.16,2041.64,45.52,86636.95,1903.272188049209,Q4 (worst),1903.27,Q4 worst,2.18
4623,East,Residential,1018.37,952.65,65.72,14486.48,220.42726719415703,Q2,220.43,Q2,6.45
4624,Central,Industrial,1943.4,1740.26,203.14,24474.57,120.48129368908143,Q1 (best),120.48,Q1 best,10.45
4625,North,Industrial,1859.31,1710.19,149.12,72597.18,486.8373122317596,Q3,486.84,Q3,8.02
4626,East,Residential,1978.96,1902.46,76.5,58199.99,760.784183006536,Q4 (worst),760.78,Q4 worst,3.87
4627,West,Residential,793.84,641.1,152.74,13622.85,89.18979965955218,Q1 (best),89.19,Q1 best,19.24
4628,Central,Residential,871.23,791.19,80.04,71231.95,889.9543978010994,Q4 (worst),889.95,Q4 worst,9.19
4629,West,Residential,2010.99,1917.81,93.18,71297.41,765.157866494956,Q4 (worst),765.16,Q4 worst,4.63
4630,West,Industrial,2448.68,2059.61,389.07,91448.38,235.0435140206133,Q2,235.04,Q2,15.89
4631,North,Residential,1570.48,1401.91,168.57,70031.65,415.4455122501038,Q3,415.45,Q3,10.73
4632,North,Commercial,2452.58,2346.61,105.97,97049.41,915.8196659431915,Q4 (worst),915.82,Q4 worst,4.32
4633,West,Commercial,1466.85,1180.55,286.3,90145.05,314.8622074746769,Q2,314.86,Q2,19.52
4634,Central,Residential,2493.4,2331.35,162.05,36235.7,223.60814563406353,Q2,223.61,Q2,6.5
4635,South,Commercial,1494.1,1268.53,225.57,44202.3,195.95823912754358,Q2,195.96,Q2,15.1
4636,East,Industrial,2406.06,2042.04,364.02,76587.63,210.3940168122631,Q2,210.39,Q2,15.13
4637,West,Commercial,1217.24,1067.54,149.7,17305.54,115.60146960587844,Q1 (best),115.6,Q1 best,12.3
4638,East,Industrial,1172.64,1068.83,103.81,41020.55,395.15027454002507,Q3,395.15,Q3,8.85
4639,South,Industrial,801.66,684.66,117.0,93833.83,801.998547008547,Q4 (worst),802.0,Q4 worst,14.59
4640,Central,Industrial,1392.89,1130.67,262.22,70032.21,267.0742506292426,Q2,267.07,Q2,18.83
4641,South,Commercial,885.15,780.33,104.82,90491.35,863.3023278000383,Q4 (worst),863.3,Q4 worst,11.84
4642,East,Commercial,968.42,818.02,150.4,46214.08,307.2744680851064,Q2,307.27,Q2,15.53
4643,Central,Industrial,1459.41,1324.64,134.77,9441.05,70.0530533501521,Q1 (best),70.05,Q1 best,9.23
4644,West,Industrial,1771.21,1568.59,202.62,87305.31,430.8819958543085,Q3,430.88,Q3,11.44
4645,North,Commercial,699.28,605.3,93.98,40340.62,429.2468610342626,Q3,429.25,Q3,13.44
4646,Central,Industrial,928.99,762.66,166.33,77191.22,464.08477123790055,Q3,464.08,Q3,17.9
4647,North,Industrial,2245.93,2105.6,140.33,17503.52,124.73113375614622,Q1 (best),124.73,Q1 best,6.25
4648,West,Residential,1714.26,1521.86,192.4,31093.44,161.608316008316,Q1 (best),161.61,Q1 best,11.22
4649,West,Residential,1242.09,1093.9,148.19,47281.99,319.063297118564,Q2,319.06,Q2,11.93
4650,North,Residential,2064.13,1876.21,187.92,60132.49,319.98983610046827,Q2,319.99,Q2,9.1
4651,South,Industrial,1089.91,1056.96,32.95,26360.53,800.0160849772382,Q4 (worst),800.02,Q4 worst,3.02
4652,South,Residential,945.6,894.75,50.85,41261.03,811.4263520157325,Q4 (worst),811.43,Q4 worst,5.38
4653,Central,Industrial,2309.84,2020.18,289.66,34259.4,118.27452875785403,Q1 (best),118.27,Q1 best,12.54
4654,Central,Commercial,2006.17,1898.01,108.16,87327.41,807.3909948224853,Q4 (worst),807.39,Q4 worst,5.39
4655,North,Residential,2446.95,2263.29,183.66,19360.14,105.41293694870957,Q1 (best),105.41,Q1 best,7.51
4656,East,Commercial,2196.04,2071.35,124.69,81523.02,653.8055978827492,Q4 (worst),653.81,Q4 worst,5.68
4657,South,Industrial,1020.87,871.17,149.7,42962.49,286.99058116232464,Q2,286.99,Q2,14.66
4658,Central,Industrial,974.47,795.97,178.5,54852.86,307.2989355742297,Q2,307.3,Q2,18.32
4659,East,Residential,784.88,753.74,31.14,98652.13,3168.019588953115,Q4 (worst),3168.02,Q4 worst,3.97
4660,West,Industrial,2013.91,1674.23,339.68,13144.54,38.696832312764954,Q1 (best),38.7,Q1 best,16.87
4661,East,Commercial,922.55,820.18,102.37,11289.21,110.27849956041808,Q1 (best),110.28,Q1 best,11.1
4662,East,Residential,2357.18,2236.87,120.31,12944.76,107.59504613082869,Q1 (best),107.6,Q1 best,5.1
4663,South,Industrial,1842.94,1569.94,273.0,60794.59,222.69080586080585,Q2,222.69,Q2,14.81
4664,Central,Residential,1843.89,1655.8,188.09,37249.86,198.04274549417832,Q2,198.04,Q2,10.2
4665,South,Commercial,1341.54,1290.18,51.36,85769.62,1669.9692367601244,Q4 (worst),1669.97,Q4 worst,3.83
4666,South,Commercial,2217.76,1826.56,391.2,70344.82,179.81804703476485,Q2,179.82,Q2,17.64
4667,East,Commercial,559.2,456.42,102.78,5743.73,55.88373224362716,Q1 (best),55.88,Q1 best,18.38
4668,North,Industrial,595.89,484.39,111.5,41231.64,369.7904932735426,Q3,369.79,Q3,18.71
4669,South,Residential,2067.35,1868.74,198.61,37461.73,188.61955591359953,Q2,188.62,Q2,9.61
4670,Central,Commercial,823.66,777.71,45.95,97527.99,2122.4807399347114,Q4 (worst),2122.48,Q4 worst,5.58
4671,North,Industrial,619.04,589.72,29.32,90265.68,3078.638472032742,Q4 (worst),3078.64,Q4 worst,4.74
4672,South,Residential,1642.31,1359.56,282.75,89635.13,317.0119540229885,Q2,317.01,Q2,17.22
4673,Central,Industrial,1140.76,961.61,179.15,52170.09,291.20898688250065,Q2,291.21,Q2,15.7
4674,West,Residential,1133.2,1021.84,111.36,6182.49,55.518049568965516,Q1 (best),55.52,Q1 best,9.83
4675,Central,Residential,2427.22,2338.11,89.11,63422.11,711.728313320615,Q4 (worst),711.73,Q4 worst,3.67
4676,East,Residential,746.9,693.49,53.41,27339.49,511.8796105598203,Q3,511.88,Q3,7.15
4677,South,Industrial,1296.24,1228.48,67.76,76382.41,1127.249262101535,Q4 (worst),1127.25,Q4 worst,5.23
4678,East,Industrial,1425.71,1246.66,179.05,79566.04,444.37888857860924,Q3,444.38,Q3,12.56
4679,Central,Residential,1222.27,1006.43,215.84,29530.28,136.8156041512231,Q1 (best),136.82,Q1 best,17.66
4680,South,Residential,1558.16,1448.52,109.64,84029.21,766.4101605253558,Q4 (worst),766.41,Q4 worst,7.04
4681,Central,Industrial,1227.02,1053.12,173.9,38479.93,221.2761932144911,Q2,221.28,Q2,14.17
4682,North,Commercial,953.71,798.19,155.52,45492.32,292.51748971193416,Q2,292.52,Q2,16.31
4683,South,Residential,722.39,671.08,51.31,36549.8,712.3328785811733,Q4 (worst),712.33,Q4 worst,7.1
4684,East,Residential,1249.83,1037.17,212.66,92677.91,435.80320699708454,Q3,435.8,Q3,17.02
4685,East,Residential,569.54,481.13,88.41,37792.69,427.4707612261057,Q3,427.47,Q3,15.52
4686,Central,Commercial,1319.1,1085.0,234.1,27604.84,117.91900897052543,Q1 (best),117.92,Q1 best,17.75
4687,Central,Residential,2368.1,2229.51,138.59,64026.89,461.98780575799117,Q3,461.99,Q3,5.85
4688,West,Commercial,1108.9,1047.14,61.76,27522.04,445.62888601036275,Q3,445.63,Q3,5.57
4689,North,Industrial,1749.73,1462.58,287.15,54789.01,190.80275117534393,Q2,190.8,Q2,16.41
4690,East,Commercial,1770.43,1565.88,204.55,24009.89,117.37907602053286,Q1 (best),117.38,Q1 best,11.55
4691,North,Residential,1735.44,1410.17,325.27,92932.99,285.71030221047135,Q2,285.71,Q2,18.74
4692,East,Industrial,1897.53,1766.84,130.69,41459.31,317.2339888285255,Q2,317.23,Q2,6.89
4693,West,Commercial,1249.9,1145.88,104.02,56748.21,545.55095174005,Q3,545.55,Q3,8.32
4694,Central,Commercial,2441.22,2177.94,263.28,93007.11,353.26310391978126,Q3,353.26,Q3,10.78
4695,Central,Industrial,2008.61,1722.45,286.16,25206.23,88.08439334637964,Q1 (best),88.08,Q1 best,14.25
4696,East,Commercial,2206.46,1834.26,372.2,47770.73,128.346937130575,Q1 (best),128.35,Q1 best,16.87
4697,North,Industrial,1017.34,956.33,61.01,92820.94,1521.4053433863303,Q4 (worst),1521.41,Q4 worst,6.0
4698,North,Industrial,624.24,523.53,100.71,6633.08,65.86317148247443,Q1 (best),65.86,Q1 best,16.13
4699,West,Residential,1158.1,1019.85,138.25,84990.41,614.758842676311,Q3,614.76,Q3,11.94
4700,West,Commercial,1509.27,1215.49,293.78,6059.73,20.62676152222752,Q1 (best),20.63,Q1 best,19.47
4701,South,Industrial,1614.89,1546.24,68.65,89290.55,1300.6635105608157,Q4 (worst),1300.66,Q4 worst,4.25
4702,Central,Industrial,1048.74,921.07,127.67,75462.73,591.0764470901543,Q3,591.08,Q3,12.17
4703,South,Industrial,2279.8,2198.52,81.28,7711.6,94.87696850393701,Q1 (best),94.88,Q1 best,3.57
4704,East,Residential,1210.18,1094.96,115.22,37146.62,322.39732685297696,Q2,322.4,Q2,9.52
4705,North,Industrial,720.77,661.1,59.67,98307.54,1647.52036199095,Q4 (worst),1647.52,Q4 worst,8.28
4706,Central,Commercial,724.98,679.26,45.72,45224.27,989.1572615923009,Q4 (worst),989.16,Q4 worst,6.31
4707,Central,Commercial,1079.79,915.84,163.95,68589.25,418.354681305276,Q3,418.35,Q3,15.18
4708,South,Commercial,1372.35,1299.57,72.78,8335.29,114.52720527617478,Q1 (best),114.53,Q1 best,5.3
4709,Central,Residential,717.85,662.08,55.77,52911.94,948.7527344450422,Q4 (worst),948.75,Q4 worst,7.77
4710,East,Residential,2199.32,2130.04,69.28,11816.99,170.5685623556582,Q1 (best),170.57,Q1 best,3.15
4711,South,Industrial,2260.51,1947.71,312.8,61218.13,195.71013427109972,Q2,195.71,Q2,13.84
4712,Central,Industrial,1439.29,1299.47,139.82,76358.99,546.1235159490775,Q3,546.12,Q3,9.71
4713,North,Commercial,2027.98,1713.27,314.71,76069.35,241.71252899494777,Q2,241.71,Q2,15.52
4714,East,Commercial,2208.84,1788.84,420.0,77107.74,183.58985714285714,Q2,183.59,Q2,19.01
4715,East,Industrial,1054.79,960.47,94.32,54819.82,581.210983884648,Q3,581.21,Q3,8.94
4716,North,Industrial,2244.57,1883.52,361.05,12339.73,34.177343858191385,Q1 (best),34.18,Q1 best,16.09
4717,North,Commercial,2008.43,1958.49,49.94,68844.64,1378.5470564677614,Q4 (worst),1378.55,Q4 worst,2.49
4718,Central,Commercial,1912.58,1767.44,145.14,68406.91,471.3167286757614,Q3,471.32,Q3,7.59
4719,South,Residential,1045.92,992.78,53.14,30199.34,568.2977041776439,Q3,568.3,Q3,5.08
4720,East,Industrial,515.58,496.69,18.89,38853.54,2056.8311275807305,Q4 (worst),2056.83,Q4 worst,3.66
4721,North,Industrial,1958.05,1813.31,144.74,31632.26,218.54539173690753,Q2,218.55,Q2,7.39
4722,North,Residential,1710.59,1562.75,147.84,13532.8,91.53679653679653,Q1 (best),91.54,Q1 best,8.64
4723,Central,Residential,838.12,733.53,104.59,38824.33,371.2049909169137,Q3,371.2,Q3,12.48
4724,West,Industrial,1153.67,942.39,211.28,99011.98,468.629212419538,Q3,468.63,Q3,18.31
4725,East,Commercial,1731.94,1597.76,134.18,35119.35,261.7331196899687,Q2,261.73,Q2,7.75
4726,Central,Commercial,1648.92,1378.25,270.67,46520.78,171.87268629696678,Q1 (best),171.87,Q1 best,16.41
4727,South,Commercial,1224.83,1031.38,193.45,69706.99,360.33595244249165,Q3,360.34,Q3,15.79
4728,Central,Commercial,2214.78,1970.46,244.32,5184.68,21.220857891290112,Q1 (best),21.22,Q1 best,11.03
4729,West,Residential,2276.9,2205.49,71.41,89038.08,1246.8573028987537,Q4 (worst),1246.86,Q4 worst,3.14
4730,Central,Commercial,1119.65,1062.14,57.51,88782.49,1543.7748217701271,Q4 (worst),1543.77,Q4 worst,5.14
4731,West,Residential,2477.74,2104.96,372.78,23459.23,62.93049519824025,Q1 (best),62.93,Q1 best,15.05
4732,West,Commercial,1941.56,1779.88,161.68,87101.04,538.7248886689757,Q3,538.72,Q3,8.33
4733,South,Residential,1062.49,880.34,182.15,73681.73,404.5112819105133,Q3,404.51,Q3,17.14
4734,North,Industrial,1135.5,914.8,220.7,95552.79,432.9532850022655,Q3,432.95,Q3,19.44
4735,North,Industrial,1324.85,1211.66,113.19,10414.8,92.01166180758017,Q1 (best),92.01,Q1 best,8.54
4736,West,Commercial,1779.48,1640.77,138.71,9649.91,69.5689568163795,Q1 (best),69.57,Q1 best,7.79
4737,West,Commercial,912.21,741.31,170.9,52163.2,305.22644821533055,Q2,305.23,Q2,18.73
4738,West,Commercial,1138.4,1089.98,48.42,30854.25,637.2211895910781,Q3,637.22,Q3,4.25
4739,South,Industrial,2493.57,2306.47,187.1,47326.6,252.94815606627472,Q2,252.95,Q2,7.5
4740,East,Industrial,2467.43,2008.35,459.08,95298.55,207.5859327350353,Q2,207.59,Q2,18.61
4741,Central,Commercial,1193.08,1151.43,41.65,69580.45,1670.5990396158463,Q4 (worst),1670.6,Q4 worst,3.49
4742,East,Commercial,1366.24,1162.71,203.53,67197.34,330.15938682258144,Q3,330.16,Q3,14.9
4743,North,Industrial,1140.07,1064.29,75.78,7525.89,99.312351543943,Q1 (best),99.31,Q1 best,6.65
4744,Central,Commercial,2158.75,1933.84,224.91,30406.58,135.19443332888713,Q1 (best),135.19,Q1 best,10.42
4745,East,Residential,1979.61,1782.09,197.52,47122.18,238.56915755366543,Q2,238.57,Q2,9.98
4746,West,Commercial,1558.11,1467.38,90.73,49915.15,550.1504463793674,Q3,550.15,Q3,5.82
4747,Central,Industrial,1101.14,1054.82,46.32,23907.27,516.1327720207254,Q3,516.13,Q3,4.21
4748,North,Commercial,2251.29,1860.81,390.48,49328.33,126.32741753738988,Q1 (best),126.33,Q1 best,17.34
4749,East,Commercial,1678.75,1563.63,115.12,56922.76,494.46455872133424,Q3,494.46,Q3,6.86
4750,North,Commercial,2191.13,2049.67,141.46,78932.23,557.9826806164286,Q3,557.98,Q3,6.46
4751,Central,Industrial,2406.98,1993.36,413.62,76942.59,186.02241187563462,Q2,186.02,Q2,17.18
4752,West,Commercial,2426.67,2073.84,352.83,96465.27,273.40438738202533,Q2,273.4,Q2,14.54
4753,South,Residential,2386.19,2053.24,332.95,22683.76,68.12962907343444,Q1 (best),68.13,Q1 best,13.95
4754,West,Residential,1602.74,1525.49,77.25,80763.64,1045.4840129449838,Q4 (worst),1045.48,Q4 worst,4.82
4755,North,Commercial,1165.22,1030.9,134.32,11397.83,84.85579213817749,Q1 (best),84.86,Q1 best,11.53
4756,East,Industrial,1185.12,1143.24,41.88,99089.23,2366.027459407832,Q4 (worst),2366.03,Q4 worst,3.53
4757,West,Commercial,1641.56,1591.42,50.14,56026.44,1117.4000797766255,Q4 (worst),1117.4,Q4 worst,3.05
4758,East,Industrial,513.22,429.63,83.59,63513.38,759.8203134346213,Q4 (worst),759.82,Q4 worst,16.29
4759,North,Industrial,689.95,618.32,71.63,74439.17,1039.2177858439202,Q4 (worst),1039.22,Q4 worst,10.38
4760,Central,Commercial,2320.15,1940.82,379.33,16246.67,42.82991063190362,Q1 (best),42.83,Q1 best,16.35
4761,North,Commercial,1942.95,1667.91,275.04,62366.0,226.7524723676556,Q2,226.75,Q2,14.16
4762,Central,Commercial,2090.7,1759.84,330.86,59452.14,179.68971770537385,Q2,179.69,Q2,15.83
4763,West,Residential,1648.95,1431.75,217.2,26602.42,122.47891344383056,Q1 (best),122.48,Q1 best,13.17
4764,West,Industrial,1776.52,1606.65,169.87,48167.36,283.55424736563253,Q2,283.55,Q2,9.56
4765,South,Industrial,2386.43,2207.12,179.31,72911.31,406.62154927221013,Q3,406.62,Q3,7.51
4766,Central,Residential,2316.57,1979.19,337.38,47156.5,139.77265990870828,Q1 (best),139.77,Q1 best,14.56
4767,East,Residential,832.93,783.8,49.13,45154.35,919.0789741502136,Q4 (worst),919.08,Q4 worst,5.9
4768,North,Residential,1101.27,929.68,171.59,31602.9,184.17681683081764,Q2,184.18,Q2,15.58
4769,West,Industrial,509.67,473.65,36.02,98497.41,2734.5199888950583,Q4 (worst),2734.52,Q4 worst,7.07
4770,North,Industrial,1190.82,1048.46,142.36,91867.52,645.3183478505198,Q3,645.32,Q3,11.95
4771,North,Commercial,900.58,881.42,19.16,38474.04,2008.0396659707724,Q4 (worst),2008.04,Q4 worst,2.13
4772,Central,Industrial,1760.38,1638.24,122.14,90803.79,743.4402325200589,Q4 (worst),743.44,Q4 worst,6.94
4773,South,Residential,1579.13,1278.61,300.52,67433.52,224.389458272328,Q2,224.39,Q2,19.03
4774,West,Residential,1522.36,1457.54,64.82,52478.89,809.6095340944154,Q4 (worst),809.61,Q4 worst,4.26
4775,East,Residential,1190.76,1003.16,187.6,87663.27,467.28821961620474,Q3,467.29,Q3,15.75
4776,East,Commercial,905.45,774.7,130.75,12768.95,97.65927342256215,Q1 (best),97.66,Q1 best,14.44
4777,West,Commercial,2006.97,1913.78,93.19,55310.62,593.5252709518189,Q3,593.53,Q3,4.64
4778,South,Residential,2291.71,1952.92,338.79,27524.95,81.24487145429322,Q1 (best),81.24,Q1 best,14.78
4779,South,Industrial,1713.98,1435.25,278.73,45847.08,164.48563125605423,Q1 (best),164.49,Q1 best,16.26
4780,West,Commercial,1582.72,1304.53,278.19,78905.97,283.6405693950178,Q2,283.64,Q2,17.58
4781,North,Commercial,2036.42,1645.68,390.74,39959.3,102.26570097763219,Q1 (best),102.27,Q1 best,19.19
4782,South,Industrial,2496.79,2229.1,267.69,17247.79,64.43195487317419,Q1 (best),64.43,Q1 best,10.72
4783,West,Commercial,1569.09,1350.53,218.56,76370.17,349.4242770863836,Q3,349.42,Q3,13.93
4784,West,Residential,1383.78,1331.58,52.2,22608.95,433.1216475095785,Q3,433.12,Q3,3.77
4785,South,Commercial,625.8,539.54,86.26,19063.16,220.9965221423603,Q2,221.0,Q2,13.78
4786,South,Industrial,1730.52,1579.22,151.3,41438.67,273.8841374752148,Q2,273.88,Q2,8.74
4787,South,Commercial,831.81,676.56,155.25,13535.77,87.18692431561998,Q1 (best),87.19,Q1 best,18.66
4788,Central,Residential,1291.88,1196.12,95.76,12895.77,134.66760651629073,Q1 (best),134.67,Q1 best,7.41
4789,East,Residential,1908.89,1710.71,198.18,41763.61,210.7357452820668,Q2,210.74,Q2,10.38
4790,East,Residential,2401.21,2092.95,308.26,81609.87,264.7436255109323,Q2,264.74,Q2,12.84
4791,North,Industrial,2278.42,2190.21,88.21,32546.08,368.96134225144544,Q3,368.96,Q3,3.87
4792,South,Industrial,2274.44,2109.81,164.63,19958.55,121.23276438073255,Q1 (best),121.23,Q1 best,7.24
4793,North,Industrial,1450.79,1311.02,139.77,6870.3,49.15432496243829,Q1 (best),49.15,Q1 best,9.63
4794,West,Commercial,1959.48,1686.05,273.43,73925.45,270.36334710894926,Q2,270.36,Q2,13.95
4795,North,Industrial,1395.82,1317.24,78.58,12969.02,165.04224993637058,Q1 (best),165.04,Q1 best,5.63
4796,North,Residential,2002.09,1829.71,172.38,58159.53,337.39140271493216,Q3,337.39,Q3,8.61
4797,East,Residential,2130.93,1995.77,135.16,67153.01,496.84085528262796,Q3,496.84,Q3,6.34
4798,West,Residential,1429.5,1383.22,46.28,80650.58,1742.6659464131374,Q4 (worst),1742.67,Q4 worst,3.24
4799,East,Commercial,584.07,557.68,26.39,98086.1,3716.790450928382,Q4 (worst),3716.79,Q4 worst,4.52
4800,Central,Residential,2120.79,1971.78,149.01,29767.51,199.76853902422656,Q2,199.77,Q2,7.03
4801,South,Residential,2080.14,1789.02,291.12,51813.56,177.98007694421543,Q2,177.98,Q2,14.0
4802,West,Residential,1484.38,1330.3,154.08,95651.03,620.7880970924194,Q3,620.79,Q3,10.38
4803,Central,Industrial,1920.18,1706.29,213.89,55855.16,261.1396512225911,Q2,261.14,Q2,11.14
4804,Central,Residential,1108.0,1067.74,40.26,59880.48,1487.3442622950822,Q4 (worst),1487.34,Q4 worst,3.63
4805,Central,Industrial,2465.7,2058.33,407.37,38853.57,95.37661094336843,Q1 (best),95.38,Q1 best,16.52
4806,East,Industrial,1750.5,1445.73,304.77,76043.22,249.510188010631,Q2,249.51,Q2,17.41
4807,West,Commercial,699.06,595.41,103.65,11812.79,113.9680656054028,Q1 (best),113.97,Q1 best,14.83
4808,East,Residential,2217.15,1874.49,342.66,94620.36,276.13482752582735,Q2,276.13,Q2,15.45
4809,North,Industrial,1407.98,1229.26,178.72,11615.7,64.99384512085945,Q1 (best),64.99,Q1 best,12.69
4810,Central,Commercial,1797.34,1732.63,64.71,60825.39,939.9689383402875,Q4 (worst),939.97,Q4 worst,3.6
4811,West,Industrial,1995.84,1679.08,316.76,42398.59,133.85083343856547,Q1 (best),133.85,Q1 best,15.87
4812,East,Commercial,509.54,425.39,84.15,55125.49,655.086036838978,Q4 (worst),655.09,Q4 worst,16.51
4813,North,Residential,1354.06,1271.79,82.27,33130.47,402.7041448887809,Q3,402.7,Q3,6.08
4814,West,Industrial,700.43,595.95,104.48,65921.69,630.9503254211332,Q3,630.95,Q3,14.92
4815,South,Industrial,1578.76,1495.73,83.03,54684.12,658.6067686378418,Q4 (worst),658.61,Q4 worst,5.26
4816,West,Industrial,2097.27,1777.84,319.43,12487.65,39.09354162101243,Q1 (best),39.09,Q1 best,15.23
4817,South,Residential,1461.55,1336.55,125.0,84797.24,678.37792,Q4 (worst),678.38,Q4 worst,8.55
4818,East,Residential,2018.66,1848.23,170.43,17338.8,101.7356099278296,Q1 (best),101.74,Q1 best,8.44
4819,East,Commercial,2129.89,1867.35,262.54,71840.07,273.6347604174602,Q2,273.63,Q2,12.33
4820,West,Residential,779.53,624.41,155.12,31711.1,204.42947395564724,Q2,204.43,Q2,19.9
4821,South,Residential,2203.08,1920.48,282.6,80217.55,283.855449398443,Q2,283.86,Q2,12.83
4822,Central,Commercial,519.6,428.11,91.49,95565.42,1044.5449775931795,Q4 (worst),1044.54,Q4 worst,17.61
4823,Central,Residential,1873.12,1778.44,94.68,85594.39,904.0387621461765,Q4 (worst),904.04,Q4 worst,5.05
4824,North,Industrial,1345.67,1153.3,192.37,26020.65,135.26355460830692,Q1 (best),135.26,Q1 best,14.3
4825,North,Industrial,1116.23,1005.32,110.91,86155.02,776.8011901541792,Q4 (worst),776.8,Q4 worst,9.94
4826,Central,Commercial,1455.99,1412.16,43.83,72522.64,1654.63472507415,Q4 (worst),1654.63,Q4 worst,3.01
4827,Central,Industrial,859.99,815.88,44.11,56072.56,1271.1983677170708,Q4 (worst),1271.2,Q4 worst,5.13
4828,North,Commercial,995.02,893.07,101.95,84166.54,825.566846493379,Q4 (worst),825.57,Q4 worst,10.25
4829,North,Industrial,1224.17,1161.35,62.82,57230.29,911.0202164915632,Q4 (worst),911.02,Q4 worst,5.13
4830,Central,Industrial,2044.71,1893.24,151.47,33714.78,222.5838779956427,Q2,222.58,Q2,7.41
4831,Central,Commercial,888.62,734.69,153.93,9438.22,61.31501331774182,Q1 (best),61.32,Q1 best,17.32
4832,East,Industrial,696.35,561.12,135.23,22847.77,168.95489166605046,Q1 (best),168.95,Q1 best,19.42
4833,Central,Residential,1540.12,1313.27,226.85,71760.34,316.3338770112409,Q2,316.33,Q2,14.73
4834,Central,Industrial,1463.99,1212.21,251.78,5649.92,22.439907856064817,Q1 (best),22.44,Q1 best,17.2
4835,Central,Commercial,513.39,433.78,79.61,70985.45,891.6649918351966,Q4 (worst),891.66,Q4 worst,15.51
4836,Central,Commercial,955.61,802.66,152.95,54599.18,356.97404380516514,Q3,356.97,Q3,16.01
4837,Central,Commercial,2415.29,2287.59,127.7,63441.79,496.8033672670321,Q3,496.8,Q3,5.29
4838,South,Commercial,1471.35,1421.54,49.81,41144.4,826.0269022284682,Q4 (worst),826.03,Q4 worst,3.39
4839,Central,Industrial,1685.48,1365.25,320.23,16707.35,52.17296942822346,Q1 (best),52.17,Q1 best,19.0
4840,East,Industrial,666.1,618.79,47.31,23036.44,486.9253857535404,Q3,486.93,Q3,7.1
4841,South,Industrial,2300.17,2045.71,254.46,56643.87,222.60422070266446,Q2,222.6,Q2,11.06
4842,East,Commercial,1847.53,1480.26,367.27,15646.48,42.60211833256188,Q1 (best),42.6,Q1 best,19.88
4843,Central,Industrial,535.14,469.56,65.58,54780.95,835.3301311375419,Q4 (worst),835.33,Q4 worst,12.25
4844,South,Residential,1054.9,912.0,142.9,55421.52,387.83428971308604,Q3,387.83,Q3,13.55
4845,East,Residential,1019.64,878.73,140.91,38028.13,269.87531048186787,Q2,269.88,Q2,13.82
4846,West,Commercial,702.67,635.01,67.66,47068.92,695.6683417085427,Q4 (worst),695.67,Q4 worst,9.63
4847,Central,Industrial,1311.36,1153.32,158.04,95897.52,606.7927107061504,Q3,606.79,Q3,12.05
4848,North,Residential,1738.28,1645.35,92.93,15976.72,171.92209189712685,Q2,171.92,Q2,5.35
4849,Central,Commercial,773.33,677.3,96.03,63007.43,656.1223575965844,Q4 (worst),656.12,Q4 worst,12.42
4850,West,Commercial,2145.58,2095.19,50.39,73514.39,1458.9083151418931,Q4 (worst),1458.91,Q4 worst,2.35
4851,North,Residential,2462.76,2216.83,245.93,62869.08,255.63810840483063,Q2,255.64,Q2,9.99
4852,Central,Residential,1897.42,1583.99,313.43,74550.76,237.85457677950419,Q2,237.85,Q2,16.52
4853,Central,Residential,1213.99,972.93,241.06,11106.85,46.07504355762051,Q1 (best),46.08,Q1 best,19.86
4854,South,Residential,1470.27,1392.57,77.7,80699.0,1038.5971685971685,Q4 (worst),1038.6,Q4 worst,5.28
4855,North,Commercial,1262.43,1154.51,107.92,57767.3,535.2789103039289,Q3,535.28,Q3,8.55
4856,Central,Residential,1847.96,1680.36,167.6,71549.98,426.90918854415276,Q3,426.91,Q3,9.07
4857,South,Industrial,1806.15,1575.02,231.13,39522.37,170.99627915026178,Q1 (best),171.0,Q1 best,12.8
4858,Central,Residential,974.08,856.65,117.43,5285.82,45.012518095886904,Q1 (best),45.01,Q1 best,12.06
4859,West,Industrial,1105.54,1028.47,77.07,41375.93,536.8616841832102,Q3,536.86,Q3,6.97
4860,West,Industrial,1775.22,1480.0,295.22,76807.08,260.1689587426326,Q2,260.17,Q2,16.63
4861,West,Industrial,1863.15,1796.71,66.44,6429.86,96.77694160144492,Q1 (best),96.78,Q1 best,3.57
4862,North,Commercial,1364.91,1318.51,46.4,95554.57,2059.365732758621,Q4 (worst),2059.37,Q4 worst,3.4
4863,East,Commercial,2001.73,1617.53,384.2,44877.29,116.80710567412807,Q1 (best),116.81,Q1 best,19.19
4864,Central,Residential,963.0,817.95,145.05,71028.79,489.6848672871423,Q3,489.68,Q3,15.06
4865,West,Residential,1957.63,1627.09,330.54,18568.12,56.175107400012095,Q1 (best),56.18,Q1 best,16.88
4866,East,Industrial,1293.32,1237.36,55.96,10500.5,187.64295925661187,Q2,187.64,Q2,4.33
4867,South,Residential,1957.94,1671.03,286.91,31938.05,111.31731204907462,Q1 (best),111.32,Q1 best,14.65
4868,West,Residential,1771.21,1511.78,259.43,49259.85,189.877230852253,Q2,189.88,Q2,14.65
4869,North,Commercial,817.39,673.59,143.8,91574.2,636.8164116828929,Q3,636.82,Q3,17.59
4870,North,Industrial,2487.46,2409.99,77.47,77807.24,1004.3531689686331,Q4 (worst),1004.35,Q4 worst,3.11
4871,North,Commercial,2382.02,1947.58,434.44,86822.76,199.8498296657766,Q2,199.85,Q2,18.24
4872,Central,Commercial,642.06,544.7,97.36,65056.19,668.2024445357437,Q4 (worst),668.2,Q4 worst,15.16
4873,South,Industrial,1799.05,1643.81,155.24,92712.01,597.2172764751352,Q3,597.22,Q3,8.63
4874,West,Commercial,1917.97,1731.95,186.02,24334.59,130.8170626814321,Q1 (best),130.82,Q1 best,9.7
4875,South,Industrial,2458.62,2115.1,343.52,50275.82,146.35485561248254,Q1 (best),146.35,Q1 best,13.97
4876,East,Residential,1339.27,1086.1,253.17,48266.15,190.64719358533793,Q2,190.65,Q2,18.9
4877,West,Commercial,1049.7,910.33,139.37,45448.19,326.0973667216761,Q2,326.1,Q2,13.28
4878,North,Commercial,1266.19,1132.67,133.52,6151.14,46.06905332534452,Q1 (best),46.07,Q1 best,10.55
4879,West,Residential,1442.27,1308.41,133.86,32463.52,242.51845211414908,Q2,242.52,Q2,9.28
4880,South,Residential,1048.04,845.71,202.33,27076.12,133.8215786092028,Q1 (best),133.82,Q1 best,19.31
4881,Central,Industrial,552.16,488.17,63.99,68343.44,1068.03313017659,Q4 (worst),1068.03,Q4 worst,11.59
4882,East,Commercial,1972.32,1667.19,305.13,66105.95,216.64847769803035,Q2,216.65,Q2,15.47
4883,West,Residential,1574.66,1535.27,39.39,62215.35,1579.4706778370144,Q4 (worst),1579.47,Q4 worst,2.5
4884,North,Industrial,768.01,708.57,59.44,11693.44,196.72678331090177,Q2,196.73,Q2,7.74
4885,West,Commercial,2044.19,1775.41,268.78,24162.88,89.8983555324057,Q1 (best),89.9,Q1 best,13.15
4886,Central,Commercial,1175.84,1068.9,106.94,85761.36,801.9577333083972,Q4 (worst),801.96,Q4 worst,9.09
4887,North,Commercial,1383.06,1195.11,187.95,9748.39,51.86693269486565,Q1 (best),51.87,Q1 best,13.59
4888,Central,Residential,824.69,663.5,161.19,70031.04,434.46268378931694,Q3,434.46,Q3,19.55
4889,West,Industrial,1736.48,1395.91,340.57,45333.23,133.10987462195732,Q1 (best),133.11,Q1 best,19.61
4890,East,Residential,1875.74,1792.76,82.98,91906.41,1107.5730296456977,Q4 (worst),1107.57,Q4 worst,4.42
4891,West,Residential,960.5,932.93,27.57,56046.47,2032.878853826623,Q4 (worst),2032.88,Q4 worst,2.87
4892,Central,Commercial,1953.42,1879.72,73.7,5987.49,81.24138398914518,Q1 (best),81.24,Q1 best,3.77
4893,North,Residential,1051.11,1016.19,34.92,36278.94,1038.9158075601374,Q4 (worst),1038.92,Q4 worst,3.32
4894,West,Commercial,2125.05,1933.45,191.6,16930.6,88.3643006263048,Q1 (best),88.36,Q1 best,9.02
4895,Central,Industrial,2243.33,2059.97,183.36,65864.29,359.20751527050606,Q3,359.21,Q3,8.17
4896,South,Industrial,1056.69,880.41,176.28,23788.82,134.94905831631496,Q1 (best),134.95,Q1 best,16.68
4897,North,Residential,803.87,679.52,124.35,29417.06,236.56662645757945,Q2,236.57,Q2,15.47
4898,Central,Residential,1887.82,1599.27,288.55,19985.29,69.26109859643043,Q1 (best),69.26,Q1 best,15.28
4899,North,Residential,530.37,467.75,62.62,98650.88,1575.3893324816354,Q4 (worst),1575.39,Q4 worst,11.81
4900,South,Industrial,1404.55,1321.76,82.79,49020.96,592.112090832226,Q3,592.11,Q3,5.89
4901,West,Residential,1343.47,1135.46,208.01,74694.35,359.0901879717322,Q3,359.09,Q3,15.48
4902,South,Residential,728.59,646.47,82.12,41251.99,502.33792011690207,Q3,502.34,Q3,11.27
4903,West,Residential,833.59,707.44,126.15,83089.61,658.6572334522393,Q4 (worst),658.66,Q4 worst,15.13
4904,North,Industrial,1850.13,1645.73,204.4,87300.28,427.1050880626223,Q3,427.11,Q3,11.05
4905,East,Commercial,1199.06,1097.33,101.73,92418.95,908.4729185097807,Q4 (worst),908.47,Q4 worst,8.48
4906,North,Industrial,1780.11,1659.54,120.57,93834.24,778.2552873849218,Q4 (worst),778.26,Q4 worst,6.77
4907,North,Industrial,2187.96,1826.35,361.61,17661.92,48.84245457813666,Q1 (best),48.84,Q1 best,16.53
4908,South,Industrial,918.72,865.18,53.54,54091.95,1010.3091146806125,Q4 (worst),1010.31,Q4 worst,5.83
4909,North,Residential,1791.85,1654.05,137.8,67873.39,492.54999999999995,Q3,492.55,Q3,7.69
4910,North,Residential,2475.5,2384.07,91.43,68366.42,747.7460352181996,Q4 (worst),747.75,Q4 worst,3.69
4911,North,Industrial,799.28,676.95,122.33,36175.39,295.7196926346767,Q2,295.72,Q2,15.31
4912,East,Residential,1092.02,969.89,122.13,64369.05,527.0535494964382,Q3,527.05,Q3,11.18
4913,South,Commercial,2249.8,2140.54,109.26,70423.91,644.5534504850815,Q3,644.55,Q3,4.86
4914,East,Industrial,1429.54,1292.45,137.09,18646.86,136.01911153256984,Q1 (best),136.02,Q1 best,9.59
4915,East,Commercial,2287.04,2076.68,210.36,34326.42,163.17940673131773,Q1 (best),163.18,Q1 best,9.2
4916,East,Commercial,520.68,416.95,103.73,31741.87,306.0047238021787,Q2,306.0,Q2,19.92
4917,West,Residential,1743.44,1680.74,62.7,89489.16,1427.2593301435406,Q4 (worst),1427.26,Q4 worst,3.6
4918,South,Industrial,2313.18,2051.23,261.95,77943.89,297.55254819622064,Q2,297.55,Q2,11.32
4919,Central,Residential,1381.03,1308.09,72.94,84610.47,1160.0009596928983,Q4 (worst),1160.0,Q4 worst,5.28
4920,Central,Industrial,684.91,615.09,69.82,92960.15,1331.4258092237183,Q4 (worst),1331.43,Q4 worst,10.19
4921,North,Residential,2024.23,1875.49,148.74,64016.66,430.39303482587064,Q3,430.39,Q3,7.35
4922,West,Industrial,2368.02,2001.04,366.98,7247.46,19.748923647065233,Q1 (best),19.75,Q1 best,15.5
4923,North,Commercial,782.85,669.06,113.79,44756.94,393.32929079883996,Q3,393.33,Q3,14.54
4924,West,Residential,873.91,802.19,71.72,63247.35,881.8648912437255,Q4 (worst),881.86,Q4 worst,8.21
4925,North,Industrial,1446.28,1266.96,179.32,58405.06,325.7029890698193,Q2,325.7,Q2,12.4
4926,Central,Industrial,1047.17,857.77,189.4,71802.22,379.1035902851109,Q3,379.1,Q3,18.09
4927,South,Residential,1802.4,1575.94,226.46,40902.73,180.61790161617947,Q2,180.62,Q2,12.56
4928,South,Residential,874.03,808.27,65.76,72501.15,1102.5114051094888,Q4 (worst),1102.51,Q4 worst,7.52
4929,North,Residential,2050.29,1936.21,114.08,84901.93,744.2315042075736,Q4 (worst),744.23,Q4 worst,5.56
4930,South,Residential,1330.55,1300.01,30.54,10945.28,358.39161755075315,Q3,358.39,Q3,2.3
4931,Central,Residential,2118.75,2049.79,68.96,56864.86,824.6064385150813,Q4 (worst),824.61,Q4 worst,3.25
4932,South,Industrial,1485.18,1196.51,288.67,13311.86,46.114455953164516,Q1 (best),46.11,Q1 best,19.44
4933,Central,Commercial,2165.05,1743.85,421.2,62000.84,147.20047483380816,Q1 (best),147.2,Q1 best,19.45
4934,West,Residential,2126.67,1940.3,186.37,24999.64,134.13982937167998,Q1 (best),134.14,Q1 best,8.76
4935,West,Commercial,1502.33,1423.54,78.79,78163.9,992.0535600964588,Q4 (worst),992.05,Q4 worst,5.24
4936,West,Commercial,2117.65,1700.07,417.58,19222.98,46.03424493510226,Q1 (best),46.03,Q1 best,19.72
4937,West,Commercial,1885.65,1802.52,83.13,6107.14,73.46493444003369,Q1 (best),73.46,Q1 best,4.41
4938,West,Industrial,2445.9,2256.07,189.83,90202.28,475.17399778749405,Q3,475.17,Q3,7.76
4939,Central,Residential,1126.57,1014.99,111.58,47876.38,429.0767162573938,Q3,429.08,Q3,9.9
4940,Central,Industrial,1607.05,1515.05,92.0,61872.55,672.5277173913043,Q4 (worst),672.53,Q4 worst,5.72
4941,South,Industrial,2293.05,1956.44,336.61,71988.92,213.86447223790142,Q2,213.86,Q2,14.68
4942,North,Residential,812.71,748.68,64.03,57174.32,892.9301889739185,Q4 (worst),892.93,Q4 worst,7.88
4943,North,Residential,2330.76,1907.42,423.34,50913.5,120.26621628005859,Q1 (best),120.27,Q1 best,18.16
4944,North,Residential,2227.0,1821.55,405.45,95329.46,235.12013811814035,Q2,235.12,Q2,18.21
4945,East,Industrial,1489.78,1315.72,174.06,48096.07,276.31891301849936,Q2,276.32,Q2,11.68
4946,South,Residential,1761.46,1485.38,276.08,61976.18,224.48630831643004,Q2,224.49,Q2,15.67
4947,South,Residential,2297.03,2087.3,209.73,46554.56,221.97377580698995,Q2,221.97,Q2,9.13
4948,East,Commercial,1199.7,1024.41,175.29,45277.23,258.2989902447373,Q2,258.3,Q2,14.61
4949,Central,Industrial,2298.53,2090.79,207.74,12470.03,60.02710118417252,Q1 (best),60.03,Q1 best,9.04
4950,West,Commercial,1597.98,1396.35,201.63,53035.89,263.03570897187916,Q2,263.04,Q2,12.62
4951,South,Commercial,1500.74,1366.61,134.13,35229.33,262.6506374412883,Q2,262.65,Q2,8.94
4952,West,Commercial,1869.63,1586.04,283.59,92265.44,325.3480023978279,Q2,325.35,Q2,15.17
4953,North,Commercial,1479.69,1253.64,226.05,64746.28,286.42459632824597,Q2,286.42,Q2,15.28
4954,East,Residential,740.32,674.77,65.55,99396.6,1516.3478260869567,Q4 (worst),1516.35,Q4 worst,8.85
4955,Central,Commercial,555.05,534.95,20.1,60864.25,3028.0721393034823,Q4 (worst),3028.07,Q4 worst,3.62
4956,East,Commercial,1524.45,1223.55,300.9,19032.31,63.251279494848795,Q1 (best),63.25,Q1 best,19.74
4957,East,Industrial,1290.98,1070.4,220.58,27163.11,123.14402937709674,Q1 (best),123.14,Q1 best,17.09
4958,Central,Industrial,969.93,911.97,57.96,40453.86,697.9616977225672,Q4 (worst),697.96,Q4 worst,5.98
4959,East,Commercial,1885.57,1763.48,122.09,50090.27,410.2733229584732,Q3,410.27,Q3,6.47
4960,East,Industrial,1600.24,1452.93,147.31,96134.93,652.6028782838911,Q4 (worst),652.6,Q4 worst,9.21
4961,Central,Residential,1897.05,1727.95,169.1,16780.07,99.23163808397398,Q1 (best),99.23,Q1 best,8.91
4962,West,Residential,1594.29,1403.32,190.97,23386.66,122.46248101796094,Q1 (best),122.46,Q1 best,11.98
4963,Central,Industrial,1149.57,1042.34,107.23,66958.0,624.433460785228,Q3,624.43,Q3,9.33
4964,South,Commercial,1004.3,940.23,64.07,87611.63,1367.43608553145,Q4 (worst),1367.44,Q4 worst,6.38
4965,Central,Industrial,2054.68,1862.75,191.93,68697.8,357.931537539728,Q3,357.93,Q3,9.34
4966,South,Commercial,710.12,675.23,34.89,90506.53,2594.053597019203,Q4 (worst),2594.05,Q4 worst,4.91
4967,East,Industrial,1358.46,1296.3,62.16,33870.44,544.8912483912485,Q3,544.89,Q3,4.58
4968,East,Commercial,2065.91,1679.77,386.14,66279.76,171.6469674211426,Q1 (best),171.65,Q1 best,18.69
4969,Central,Commercial,1001.28,930.72,70.56,59154.17,838.3527494331065,Q4 (worst),838.35,Q4 worst,7.05
4970,West,Residential,1424.94,1361.99,62.95,64170.04,1019.3810961080222,Q4 (worst),1019.38,Q4 worst,4.42
4971,West,Industrial,2146.64,1812.26,334.38,71471.57,213.74355523655723,Q2,213.74,Q2,15.58
4972,West,Industrial,528.64,469.61,59.03,96213.56,1629.9095375232932,Q4 (worst),1629.91,Q4 worst,11.17
4973,East,Commercial,933.87,872.72,61.15,7196.65,117.68847097301716,Q1 (best),117.69,Q1 best,6.55
4974,Central,Commercial,1808.28,1535.9,272.38,73518.2,269.9104192672002,Q2,269.91,Q2,15.06
4975,South,Industrial,1013.3,900.72,112.58,45182.79,401.3394030911352,Q3,401.34,Q3,11.11
4976,Central,Residential,1699.81,1404.87,294.94,93482.24,316.95341425374653,Q2,316.95,Q2,17.35
4977,South,Industrial,755.89,664.53,91.36,61817.7,676.6385726795096,Q4 (worst),676.64,Q4 worst,12.09
4978,East,Industrial,813.06,663.87,149.19,94373.21,632.5706146524567,Q3,632.57,Q3,18.35
4979,East,Residential,750.57,706.35,44.22,60759.51,1374.027815468114,Q4 (worst),1374.03,Q4 worst,5.89
4980,West,Residential,1112.67,912.37,200.3,61641.52,307.74598102845727,Q2,307.75,Q2,18.0
4981,South,Residential,1866.38,1600.4,265.98,91446.31,343.80897059929316,Q3,343.81,Q3,14.25
4982,North,Residential,1264.63,1029.12,235.51,81440.32,345.8040847522399,Q3,345.8,Q3,18.62
4983,East,Commercial,1334.83,1232.17,102.66,16094.32,156.77303721020846,Q1 (best),156.77,Q1 best,7.69
4984,Central,Industrial,911.21,735.01,176.2,15082.85,85.60073779795688,Q1 (best),85.6,Q1 best,19.34
4985,South,Residential,1774.72,1651.58,123.14,24508.25,199.02752964105895,Q2,199.03,Q2,6.94
4986,South,Industrial,1104.0,1051.46,52.54,91371.31,1739.0808907499047,Q4 (worst),1739.08,Q4 worst,4.76
4987,Central,Residential,2289.19,1898.66,390.53,39879.23,102.1156633293217,Q1 (best),102.12,Q1 best,17.06
4988,South,Commercial,1048.43,1001.53,46.9,34328.77,731.9567164179105,Q4 (worst),731.96,Q4 worst,4.47
4989,East,Residential,1832.36,1659.44,172.92,17567.72,101.59449456396023,Q1 (best),101.59,Q1 best,9.44
4990,East,Residential,1484.52,1292.73,191.79,62231.16,324.4755201001095,Q2,324.48,Q2,12.92
4991,Central,Residential,2202.62,1804.06,398.56,58644.25,147.14033018867926,Q1 (best),147.14,Q1 best,18.09
4992,Central,Residential,1829.3,1600.37,228.93,39967.72,174.58489494605337,Q2,174.58,Q2,12.51
4993,Central,Industrial,917.21,775.44,141.77,77835.8,549.0287084714679,Q3,549.03,Q3,15.46
4994,North,Residential,2098.08,2007.45,90.63,57770.99,637.4378241200485,Q3,637.44,Q3,4.32
4995,Central,Residential,730.95,651.56,79.39,93212.37,1174.1071923416046,Q4 (worst),1174.11,Q4 worst,10.86
4996,North,Industrial,1027.15,942.3,84.85,91024.29,1072.7671184443134,Q4 (worst),1072.77,Q4 worst,8.26
4997,South,Industrial,1150.25,977.0,173.25,76143.4,439.50014430014426,Q3,439.5,Q3,15.06
4998,South,Industrial,1695.67,1636.03,59.64,62306.61,1044.7117706237425,Q4 (worst),1044.71,Q4 worst,3.52
4999,South,Commercial,1065.8,921.17,144.63,19125.86,132.23992256101778,Q1 (best),132.24,Q1 best,13.57
5000,North,Commercial,2051.35,1693.28,358.07,75882.95,211.9221102019158,Q2,211.92,Q2,17.46
5001,West,Residential,1261.85,1230.02,31.83,88728.14,2787.5633050581214,Q4 (worst),2787.56,Q4 worst,2.52
5002,East,Residential,1831.42,1592.77,238.65,47794.24,200.26918080871567,Q2,200.27,Q2,13.03
5003,West,Residential,2224.92,2100.01,124.91,9293.9,74.40477143543352,Q1 (best),74.4,Q1 best,5.61
5004,West,Industrial,1446.61,1329.46,117.15,22522.29,192.251728553137,Q2,192.25,Q2,8.1
5005,South,Commercial,1751.6,1558.21,193.39,44856.57,231.94875639898652,Q2,231.95,Q2,11.04
5006,West,Residential,907.77,798.0,109.77,96444.77,878.6077252436914,Q4 (worst),878.61,Q4 worst,12.09
5007,South,Commercial,1446.07,1274.52,171.55,52595.41,306.5893908481492,Q2,306.59,Q2,11.86
5008,South,Residential,1908.69,1743.13,165.56,30170.47,182.23284609809133,Q2,182.23,Q2,8.67
5009,Central,Residential,2350.6,2039.04,311.56,13450.98,43.17300038515855,Q1 (best),43.17,Q1 best,13.25
5010,North,Commercial,743.6,674.08,69.52,52579.64,756.3239355581128,Q4 (worst),756.32,Q4 worst,9.35
5011,South,Industrial,2188.6,1832.1,356.5,24895.95,69.8343618513324,Q1 (best),69.83,Q1 best,16.29
5012,South,Residential,1069.51,936.42,133.09,98737.46,741.8848899241116,Q4 (worst),741.88,Q4 worst,12.44
5013,Central,Residential,1822.28,1738.89,83.39,41270.31,494.9071831154814,Q3,494.91,Q3,4.58
5014,South,Residential,1850.52,1724.14,126.38,74971.64,593.2239278366831,Q3,593.22,Q3,6.83
5015,Central,Commercial,2110.35,1893.58,216.77,67049.21,309.31037505189835,Q2,309.31,Q2,10.27
5016,Central,Industrial,1413.54,1247.34,166.2,52451.94,315.59530685920583,Q2,315.6,Q2,11.76
5017,South,Industrial,710.82,572.81,138.01,46229.46,334.971813636693,Q3,334.97,Q3,19.42
5018,South,Industrial,2051.68,1714.1,337.58,90158.57,267.07319746430477,Q2,267.07,Q2,16.45
5019,Central,Industrial,1754.68,1711.86,42.82,32540.17,759.929238673517,Q4 (worst),759.93,Q4 worst,2.44
5020,East,Commercial,2495.41,2431.09,64.32,69172.17,1075.4379664179105,Q4 (worst),1075.44,Q4 worst,2.58
5021,North,Commercial,2302.91,2194.06,108.85,11882.61,109.16499770326138,Q1 (best),109.16,Q1 best,4.73
5022,Central,Residential,1704.54,1613.83,90.71,59082.1,651.3295116304707,Q4 (worst),651.33,Q4 worst,5.32
5023,East,Commercial,2091.3,1746.2,345.1,97300.06,281.9474355259345,Q2,281.95,Q2,16.5
5024,North,Commercial,918.95,739.75,179.2,73222.98,408.6103794642857,Q3,408.61,Q3,19.5
5025,East,Residential,1103.82,1070.32,33.5,30440.91,908.6838805970149,Q4 (worst),908.68,Q4 worst,3.03
5026,Central,Commercial,2059.12,1722.34,336.78,58080.78,172.4591127739177,Q2,172.46,Q2,16.36
5027,North,Industrial,1279.79,1250.15,29.64,89022.12,3003.4453441295545,Q4 (worst),3003.45,Q4 worst,2.32
5028,South,Industrial,1131.86,947.56,184.3,80057.09,434.38464460119366,Q3,434.38,Q3,16.28
5029,East,Commercial,2279.7,1989.99,289.71,36730.54,126.7838183010597,Q1 (best),126.78,Q1 best,12.71
5030,Central,Industrial,1622.16,1345.37,276.79,96016.65,346.8934932620398,Q3,346.89,Q3,17.06
5031,Central,Commercial,714.15,613.21,100.94,72404.87,717.3060233802258,Q4 (worst),717.31,Q4 worst,14.13
5032,Central,Commercial,2389.68,2042.88,346.8,93133.65,268.55147058823525,Q2,268.55,Q2,14.51
5033,North,Industrial,960.61,864.36,96.25,15588.66,161.9601038961039,Q1 (best),161.96,Q1 best,10.02
5034,North,Industrial,895.08,809.51,85.57,44270.17,517.3561996026646,Q3,517.36,Q3,9.56
5035,Central,Residential,762.34,696.71,65.63,46334.53,705.9961907664178,Q4 (worst),706.0,Q4 worst,8.61
5036,East,Residential,762.7,639.48,123.22,75055.53,609.1180814802792,Q3,609.12,Q3,16.16
5037,South,Commercial,1420.09,1239.13,180.96,79874.56,441.393457117595,Q3,441.39,Q3,12.74
5038,South,Residential,1282.06,1041.24,240.82,39361.39,163.44734656589984,Q1 (best),163.45,Q1 best,18.78
5039,Central,Commercial,1890.48,1526.69,363.79,89957.63,247.279007119492,Q2,247.28,Q2,19.24
5040,East,Industrial,1303.99,1177.15,126.84,48714.34,384.06133711762845,Q3,384.06,Q3,9.73
5041,North,Commercial,2151.17,1924.43,226.74,12034.47,53.07607832759989,Q1 (best),53.08,Q1 best,10.54
5042,East,Commercial,1321.08,1234.34,86.74,28635.8,330.13373299515797,Q3,330.13,Q3,6.57
5043,South,Commercial,1692.31,1458.39,233.92,56748.95,242.5998204514364,Q2,242.6,Q2,13.82
5044,South,Commercial,1947.91,1680.75,267.16,75990.53,284.43827668812696,Q2,284.44,Q2,13.72
5045,West,Commercial,1069.42,951.66,117.76,12670.61,107.59689198369566,Q1 (best),107.6,Q1 best,11.01
5046,South,Industrial,659.07,602.81,56.26,72168.28,1282.763597582652,Q4 (worst),1282.76,Q4 worst,8.54
5047,East,Residential,2203.83,2135.76,68.07,20064.21,294.75848391361836,Q2,294.76,Q2,3.09
5048,West,Commercial,628.87,602.01,26.86,86338.67,3214.3957557706626,Q4 (worst),3214.4,Q4 worst,4.27
5049,West,Industrial,831.46,768.07,63.39,29026.15,457.8979334279855,Q3,457.9,Q3,7.62
5050,Central,Residential,1578.86,1285.82,293.04,24130.05,82.34387796887796,Q1 (best),82.34,Q1 best,18.56
5051,East,Industrial,911.95,863.85,48.1,66966.69,1392.2388773388773,Q4 (worst),1392.24,Q4 worst,5.27
5052,South,Commercial,1995.62,1903.36,92.26,40858.53,442.86288749187077,Q3,442.86,Q3,4.62
5053,West,Commercial,2262.77,2003.97,258.8,64414.2,248.89567233384852,Q2,248.9,Q2,11.44
5054,West,Industrial,1749.33,1561.43,187.9,94182.84,501.2391697711548,Q3,501.24,Q3,10.74
5055,Central,Residential,1050.77,849.78,200.99,62744.47,312.1770734862431,Q2,312.18,Q2,19.13
5056,South,Residential,581.32,498.52,82.8,66576.41,804.0629227053141,Q4 (worst),804.06,Q4 worst,14.24
5057,Central,Residential,2452.93,2219.5,233.43,75951.26,325.37060360707704,Q2,325.37,Q2,9.52
5058,East,Industrial,970.06,903.86,66.2,73325.96,1107.6429003021149,Q4 (worst),1107.64,Q4 worst,6.82
5059,West,Commercial,2311.65,2002.77,308.88,69759.44,225.84641284641285,Q2,225.85,Q2,13.36
5060,Central,Commercial,722.4,634.33,88.07,79683.0,904.7689338026571,Q4 (worst),904.77,Q4 worst,12.19
5061,West,Residential,528.73,426.08,102.65,40491.69,394.46361422308814,Q3,394.46,Q3,19.41
5062,East,Residential,866.94,743.58,123.36,31229.67,253.1588035019455,Q2,253.16,Q2,14.23
5063,East,Industrial,724.2,609.25,114.95,25716.27,223.71700739451936,Q2,223.72,Q2,15.87
5064,Central,Residential,1376.27,1303.57,72.7,70932.56,975.688583218707,Q4 (worst),975.69,Q4 worst,5.28
5065,Central,Residential,1316.32,1174.94,141.38,39314.24,278.0749752440232,Q2,278.07,Q2,10.74
5066,North,Industrial,2306.58,2072.01,234.57,64771.51,276.12870358528374,Q2,276.13,Q2,10.17
5067,Central,Industrial,1130.95,906.93,224.02,73279.92,327.1132934559414,Q2,327.11,Q2,19.81
5068,West,Residential,929.27,860.94,68.33,50532.85,739.5411971315674,Q4 (worst),739.54,Q4 worst,7.35
5069,West,Industrial,1509.15,1268.45,240.7,28845.12,119.83847112588285,Q1 (best),119.84,Q1 best,15.95
5070,North,Commercial,1046.47,924.73,121.74,88812.2,729.5235748316084,Q4 (worst),729.52,Q4 worst,11.63
5071,North,Industrial,942.19,835.66,106.53,41368.59,388.3280765981413,Q3,388.33,Q3,11.31
5072,East,Commercial,685.54,630.17,55.37,16485.69,297.73686111612784,Q2,297.74,Q2,8.08
5073,East,Industrial,1436.69,1233.17,203.52,55031.37,270.3978478773585,Q2,270.4,Q2,14.17
5074,East,Commercial,1259.25,1192.22,67.03,82030.05,1223.7811427718932,Q4 (worst),1223.78,Q4 worst,5.32
5075,West,Residential,724.39,657.76,66.63,72621.42,1089.9207564160288,Q4 (worst),1089.92,Q4 worst,9.2
5076,East,Commercial,576.26,481.04,95.22,99480.97,1044.7486872505776,Q4 (worst),1044.75,Q4 worst,16.52
5077,North,Commercial,1808.65,1714.51,94.14,19473.67,206.8586148289781,Q2,206.86,Q2,5.2
5078,West,Residential,935.78,838.06,97.72,51647.09,528.521182971756,Q3,528.52,Q3,10.44
5079,North,Industrial,1266.6,1107.72,158.88,87715.84,552.0886203423968,Q3,552.09,Q3,12.54
5080,West,Commercial,652.26,540.35,111.91,97589.59,872.0363685104102,Q4 (worst),872.04,Q4 worst,17.16
5081,South,Residential,1397.09,1334.09,63.0,84822.66,1346.3914285714286,Q4 (worst),1346.39,Q4 worst,4.51
5082,West,Residential,1300.53,1273.07,27.46,17076.5,621.8681718863802,Q3,621.87,Q3,2.11
5083,East,Industrial,524.75,444.19,80.56,57591.56,714.890268123138,Q4 (worst),714.89,Q4 worst,15.35
5084,North,Commercial,605.7,550.16,55.54,41834.79,753.2371263953908,Q4 (worst),753.24,Q4 worst,9.17
5085,East,Residential,1454.32,1267.0,187.32,59383.88,317.0183642963912,Q2,317.02,Q2,12.88
5086,West,Commercial,1540.49,1258.71,281.78,61896.04,219.66087018241183,Q2,219.66,Q2,18.29
5087,Central,Industrial,1538.35,1472.08,66.27,95030.03,1433.9826467481516,Q4 (worst),1433.98,Q4 worst,4.31
5088,South,Residential,1716.4,1612.02,104.38,99303.33,951.3635753975858,Q4 (worst),951.36,Q4 worst,6.08
5089,North,Commercial,2266.19,2049.08,217.11,93291.53,429.6970660034084,Q3,429.7,Q3,9.58
5090,West,Industrial,1305.33,1235.16,70.17,56396.23,803.7085649137808,Q4 (worst),803.71,Q4 worst,5.38
5091,West,Commercial,752.57,692.06,60.51,7290.59,120.48570484217485,Q1 (best),120.49,Q1 best,8.04
5092,West,Industrial,1041.7,1012.42,29.28,50472.3,1723.780737704918,Q4 (worst),1723.78,Q4 worst,2.81
5093,North,Commercial,504.61,480.08,24.53,74988.57,3057.0146759070526,Q4 (worst),3057.01,Q4 worst,4.86
5094,South,Industrial,1168.28,1005.48,162.8,67112.94,412.24164619164617,Q3,412.24,Q3,13.94
5095,South,Industrial,1679.73,1416.54,263.19,95167.95,361.5940955203465,Q3,361.59,Q3,15.67
5096,East,Commercial,2157.1,2106.92,50.18,12712.99,253.34774810681546,Q2,253.35,Q2,2.33
5097,South,Commercial,2012.49,1748.05,264.44,83423.52,315.47239449402514,Q2,315.47,Q2,13.14
5098,North,Residential,2219.25,2055.62,163.63,37403.4,228.58522275866287,Q2,228.59,Q2,7.37
5099,Central,Industrial,1237.0,990.84,246.16,54170.39,220.0617078323042,Q2,220.06,Q2,19.9
5100,East,Industrial,1891.74,1634.07,257.67,79175.26,307.2738774401366,Q2,307.27,Q2,13.62
5101,West,Industrial,1114.63,1044.14,70.49,59981.36,850.9201305149668,Q4 (worst),850.92,Q4 worst,6.32
5102,East,Industrial,1457.07,1214.67,242.4,83305.13,343.6680280528053,Q3,343.67,Q3,16.64
5103,West,Residential,2217.02,2105.31,111.71,76447.07,684.3350640050131,Q4 (worst),684.34,Q4 worst,5.04
5104,North,Residential,2281.35,1936.28,345.07,53530.49,155.12936505636537,Q1 (best),155.13,Q1 best,15.13
5105,South,Residential,1702.03,1382.24,319.79,39516.03,123.56868569999061,Q1 (best),123.57,Q1 best,18.79
5106,West,Industrial,1228.11,1122.88,105.23,37502.33,356.3843960847667,Q3,356.38,Q3,8.57
5107,South,Commercial,1142.09,1093.39,48.7,16178.84,332.21437371663245,Q3,332.21,Q3,4.26
5108,West,Residential,1468.52,1233.51,235.01,45326.07,192.86868643887496,Q2,192.87,Q2,16.0
5109,Central,Industrial,1799.89,1722.41,77.48,82680.57,1067.121450696954,Q4 (worst),1067.12,Q4 worst,4.3
5110,North,Residential,2486.69,2246.28,240.41,94769.46,394.19932615115846,Q3,394.2,Q3,9.67
5111,Central,Commercial,1428.4,1271.39,157.01,51073.1,325.28565059550345,Q2,325.29,Q2,10.99
5112,Central,Commercial,1381.76,1296.17,85.59,35627.86,416.2619464890758,Q3,416.26,Q3,6.19
5113,North,Residential,606.15,545.04,61.11,95213.02,1558.0595647193586,Q4 (worst),1558.06,Q4 worst,10.08
5114,South,Commercial,921.22,792.59,128.63,6737.74,52.38078208815984,Q1 (best),52.38,Q1 best,13.96
5115,North,Industrial,1336.5,1175.45,161.05,61098.34,379.37497671530576,Q3,379.37,Q3,12.05
5116,South,Residential,614.39,550.31,64.08,80270.01,1252.6530898876404,Q4 (worst),1252.65,Q4 worst,10.43
5117,Central,Industrial,1374.54,1164.51,210.03,80690.6,384.1860686568586,Q3,384.19,Q3,15.28
5118,Central,Commercial,2049.67,1764.23,285.44,62983.29,220.65334220852017,Q2,220.65,Q2,13.93
5119,North,Industrial,1553.36,1420.99,132.37,23958.59,180.9971292588955,Q2,181.0,Q2,8.52
5120,East,Industrial,1668.62,1493.25,175.37,83416.88,475.6621999201688,Q3,475.66,Q3,10.51
5121,South,Commercial,740.19,695.4,44.79,34549.15,771.3585621790579,Q4 (worst),771.36,Q4 worst,6.05
5122,South,Industrial,1804.48,1717.6,86.88,5874.35,67.61452578268877,Q1 (best),67.61,Q1 best,4.81
5123,East,Residential,961.26,828.73,132.53,66146.21,499.10367463970425,Q3,499.1,Q3,13.79
5124,West,Commercial,2309.16,1904.32,404.84,88318.66,218.15695089418043,Q2,218.16,Q2,17.53
5125,South,Industrial,677.54,581.67,95.87,19688.25,205.36403463022842,Q2,205.36,Q2,14.15
5126,East,Residential,1611.87,1357.75,254.12,47516.81,186.98571541004247,Q2,186.99,Q2,15.77
5127,Central,Residential,2265.66,2156.44,109.22,12300.73,112.62342061893426,Q1 (best),112.62,Q1 best,4.82
5128,North,Commercial,1914.26,1746.06,168.2,69358.98,412.3601664684899,Q3,412.36,Q3,8.79
5129,West,Residential,1622.23,1394.05,228.18,93663.64,410.4813743535805,Q3,410.48,Q3,14.07
5130,West,Residential,1524.86,1486.73,38.13,77884.8,2042.612116443745,Q4 (worst),2042.61,Q4 worst,2.5
5131,North,Industrial,1795.54,1668.11,127.43,57766.12,453.3164874833242,Q3,453.32,Q3,7.1
5132,Central,Residential,518.76,437.8,80.96,93174.06,1150.8653656126482,Q4 (worst),1150.87,Q4 worst,15.61
5133,North,Residential,2357.58,2173.14,184.44,49118.18,266.3098026458469,Q2,266.31,Q2,7.82
5134,North,Commercial,1909.71,1852.87,56.84,79391.9,1396.7610837438422,Q4 (worst),1396.76,Q4 worst,2.98
5135,West,Commercial,1259.78,1149.94,109.84,40686.25,370.4137836853605,Q3,370.41,Q3,8.72
5136,South,Residential,2260.38,2039.82,220.56,57398.31,260.23898258977147,Q2,260.24,Q2,9.76
5137,Central,Commercial,1930.79,1577.2,353.59,70114.47,198.2931361181029,Q2,198.29,Q2,18.31
5138,North,Industrial,1449.8,1321.2,128.6,35861.52,278.8609642301711,Q2,278.86,Q2,8.87
5139,South,Residential,1106.49,1072.7,33.79,31348.51,927.7451908848772,Q4 (worst),927.75,Q4 worst,3.05
5140,South,Commercial,1404.55,1311.05,93.5,24770.91,264.92951871657755,Q2,264.93,Q2,6.66
5141,Central,Industrial,2293.37,2068.77,224.6,30960.17,137.84581478183438,Q1 (best),137.85,Q1 best,9.79
5142,East,Residential,1696.59,1549.86,146.73,75088.67,511.74722279015884,Q3,511.75,Q3,8.65
5143,South,Commercial,949.92,815.84,134.08,31336.42,233.71434964200475,Q2,233.71,Q2,14.11
5144,North,Residential,2344.81,1968.75,376.06,77684.25,206.57408392277827,Q2,206.57,Q2,16.04
5145,East,Residential,1237.49,1095.86,141.63,79161.35,558.9306644072584,Q3,558.93,Q3,11.44
5146,Central,Industrial,1883.66,1716.93,166.73,91308.6,547.6434954717208,Q3,547.64,Q3,8.85
5147,Central,Residential,1907.66,1529.96,377.7,68770.02,182.07577442414618,Q2,182.08,Q2,19.8
5148,East,Commercial,2119.77,1858.37,261.4,65836.28,251.86029074215762,Q2,251.86,Q2,12.33
5149,Central,Residential,1151.96,1063.45,88.51,44538.57,503.20381877753925,Q3,503.2,Q3,7.68
5150,East,Commercial,1017.91,943.44,74.47,20474.63,274.9379615952733,Q2,274.94,Q2,7.32
5151,North,Commercial,870.79,736.6,134.19,56994.7,424.73135106937923,Q3,424.73,Q3,15.41
5152,Central,Residential,1545.35,1250.08,295.27,25164.58,85.22565787245573,Q1 (best),85.23,Q1 best,19.11
5153,Central,Industrial,2026.15,1917.67,108.48,33348.99,307.4206305309734,Q2,307.42,Q2,5.35
5154,South,Commercial,641.66,558.03,83.63,82752.63,989.5089082865002,Q4 (worst),989.51,Q4 worst,13.03
5155,South,Commercial,605.91,592.36,13.55,42663.91,3148.6280442804427,Q4 (worst),3148.63,Q4 worst,2.24
5156,East,Commercial,1269.82,1027.35,242.47,64077.21,264.2686105497587,Q2,264.27,Q2,19.09
5157,West,Commercial,2095.16,1952.77,142.39,6721.27,47.2032446098743,Q1 (best),47.2,Q1 best,6.8
5158,East,Industrial,1186.35,1141.13,45.22,22883.06,506.0384785493145,Q3,506.04,Q3,3.81
5159,North,Residential,899.1,764.51,134.59,96082.44,713.8898878074151,Q4 (worst),713.89,Q4 worst,14.97
5160,East,Industrial,2405.97,2212.44,193.53,56820.07,293.59825350074925,Q2,293.6,Q2,8.04
5161,Central,Residential,2201.54,1834.69,366.85,62699.28,170.91258007359954,Q1 (best),170.91,Q1 best,16.66
5162,South,Industrial,587.02,504.86,82.16,67882.99,826.2291869522883,Q4 (worst),826.23,Q4 worst,14.0
5163,South,Commercial,1621.37,1554.51,66.86,68121.82,1018.87256954831,Q4 (worst),1018.87,Q4 worst,4.12
5164,East,Industrial,1787.27,1719.48,67.79,81355.15,1200.1054727835963,Q4 (worst),1200.11,Q4 worst,3.79
5165,South,Industrial,1784.35,1660.56,123.79,85303.27,689.0966152354795,Q4 (worst),689.1,Q4 worst,6.94
5166,Central,Industrial,1084.07,965.38,118.69,52229.78,440.0520684135142,Q3,440.05,Q3,10.95
5167,West,Residential,544.61,518.29,26.32,33032.32,1255.0273556231002,Q4 (worst),1255.03,Q4 worst,4.83
5168,North,Residential,1849.55,1536.11,313.44,7789.8,24.85260336906585,Q1 (best),24.85,Q1 best,16.95
5169,South,Industrial,971.67,828.64,143.03,36581.97,255.76431517863386,Q2,255.76,Q2,14.72
5170,North,Commercial,857.93,757.16,100.77,8868.59,88.00823657834674,Q1 (best),88.01,Q1 best,11.75
5171,East,Commercial,1055.89,969.02,86.87,66469.78,765.163807988949,Q4 (worst),765.16,Q4 worst,8.23
5172,South,Industrial,1625.92,1306.95,318.97,15178.47,47.58588581998306,Q1 (best),47.59,Q1 best,19.62
5173,East,Residential,1796.56,1478.69,317.87,45062.61,141.76427470349515,Q1 (best),141.76,Q1 best,17.69
5174,North,Residential,1999.31,1820.84,178.47,96089.23,538.4055023253208,Q3,538.41,Q3,8.93
5175,North,Residential,862.36,748.67,113.69,6227.07,54.772363444454214,Q1 (best),54.77,Q1 best,13.18
5176,North,Commercial,667.14,584.2,82.94,71578.35,863.0136243067278,Q4 (worst),863.01,Q4 worst,12.43
5177,North,Commercial,1493.61,1401.07,92.54,66157.27,714.9045818024638,Q4 (worst),714.9,Q4 worst,6.2
5178,South,Commercial,803.17,658.8,144.37,32545.22,225.429244302833,Q2,225.43,Q2,17.98
5179,West,Commercial,715.87,671.79,44.08,10055.98,228.1302177858439,Q2,228.13,Q2,6.16
5180,West,Industrial,878.17,815.77,62.4,84754.95,1358.2524038461538,Q4 (worst),1358.25,Q4 worst,7.11
5181,South,Residential,1471.62,1245.33,226.29,87326.72,385.9062265234876,Q3,385.91,Q3,15.38
5182,East,Industrial,1740.29,1624.98,115.31,12825.7,111.22799410285319,Q1 (best),111.23,Q1 best,6.63
5183,North,Commercial,1553.67,1286.96,266.71,39406.6,147.750740504668,Q1 (best),147.75,Q1 best,17.17
5184,East,Residential,2306.69,1928.35,378.34,88875.61,234.90936723581964,Q2,234.91,Q2,16.4
5185,West,Commercial,711.43,682.14,29.29,52955.67,1807.9778081256402,Q4 (worst),1807.98,Q4 worst,4.12
5186,West,Commercial,1143.89,1051.35,92.54,24146.57,260.93116490166415,Q2,260.93,Q2,8.09
5187,West,Residential,1230.79,1142.09,88.7,63315.44,713.8155580608794,Q4 (worst),713.82,Q4 worst,7.21
5188,East,Residential,1203.84,1036.39,167.45,23651.14,141.24299790982383,Q1 (best),141.24,Q1 best,13.91
5189,South,Residential,613.97,528.51,85.46,83780.86,980.3517435057338,Q4 (worst),980.35,Q4 worst,13.92
5190,South,Commercial,556.49,479.32,77.17,31373.14,406.5458079564597,Q3,406.55,Q3,13.87
5191,East,Industrial,1422.07,1374.92,47.15,47641.06,1010.4148462354188,Q4 (worst),1010.41,Q4 worst,3.32
5192,East,Commercial,1222.17,1038.35,183.82,94858.95,516.0425960178435,Q3,516.04,Q3,15.04
5193,North,Commercial,747.04,719.36,27.68,95397.72,3446.449421965318,Q4 (worst),3446.45,Q4 worst,3.71
5194,West,Residential,1781.62,1499.92,281.7,57983.89,205.8356052538161,Q2,205.84,Q2,15.81
5195,South,Commercial,1089.23,983.29,105.94,65984.37,622.8466112894091,Q3,622.85,Q3,9.73
5196,East,Industrial,1225.62,1040.56,185.06,68397.95,369.5987787744515,Q3,369.6,Q3,15.1
5197,Central,Industrial,1291.23,1201.3,89.93,40083.74,445.7215612142777,Q3,445.72,Q3,6.96
5198,Central,Industrial,2386.42,2335.41,51.01,85555.38,1677.227602430896,Q4 (worst),1677.23,Q4 worst,2.14
5199,East,Residential,2086.85,1897.26,189.59,82623.86,435.80283770241044,Q3,435.8,Q3,9.08
5200,West,Commercial,1884.8,1835.25,49.55,83526.19,1685.6950554994955,Q4 (worst),1685.7,Q4 worst,2.63
5201,South,Residential,610.39,511.25,99.14,85387.82,861.2852531773251,Q4 (worst),861.29,Q4 worst,16.24
5202,Central,Residential,2498.62,2234.03,264.59,28412.6,107.38349899845043,Q1 (best),107.38,Q1 best,10.59
5203,South,Industrial,1043.92,883.51,160.41,43695.16,272.39673337073754,Q2,272.4,Q2,15.37
5204,East,Industrial,2196.95,2106.62,90.33,79204.68,876.8369312520757,Q4 (worst),876.84,Q4 worst,4.11
5205,South,Industrial,844.02,724.93,119.09,80639.43,677.1301536652951,Q4 (worst),677.13,Q4 worst,14.11
5206,West,Commercial,922.19,809.48,112.71,62222.8,552.0610416112147,Q3,552.06,Q3,12.22
5207,North,Industrial,2433.13,2029.48,403.65,60428.99,149.7064040629258,Q1 (best),149.71,Q1 best,16.59
5208,Central,Residential,2183.08,2097.43,85.65,24638.04,287.65954465849387,Q2,287.66,Q2,3.92
5209,South,Industrial,2327.72,2038.9,288.82,32351.21,112.01166816702444,Q1 (best),112.01,Q1 best,12.41
5210,North,Residential,2147.37,1959.51,187.86,57334.64,305.1987650377941,Q2,305.2,Q2,8.75
5211,Central,Industrial,1709.78,1529.77,180.01,79724.63,442.89000611077165,Q3,442.89,Q3,10.53
5212,East,Commercial,2424.74,2108.02,316.72,53221.22,168.03870927001768,Q1 (best),168.04,Q1 best,13.06
5213,West,Commercial,2295.73,2222.99,72.74,89378.09,1228.7337091009074,Q4 (worst),1228.73,Q4 worst,3.17
5214,North,Commercial,2101.13,1701.82,399.31,20577.2,51.53189251458767,Q1 (best),51.53,Q1 best,19.0
5215,West,Industrial,2468.82,2373.52,95.3,37225.03,390.60891920251834,Q3,390.61,Q3,3.86
5216,West,Commercial,1547.15,1489.16,57.99,63440.5,1093.9903431626142,Q4 (worst),1093.99,Q4 worst,3.75
5217,North,Residential,1270.69,1135.13,135.56,73221.96,540.1442903511361,Q3,540.14,Q3,10.67
5218,East,Industrial,818.83,791.21,27.62,69807.55,2527.427588703838,Q4 (worst),2527.43,Q4 worst,3.37
5219,East,Commercial,1447.29,1207.63,239.66,85732.64,357.72611199198866,Q3,357.73,Q3,16.56
5220,Central,Commercial,728.95,604.13,124.82,10736.06,86.0123377663836,Q1 (best),86.01,Q1 best,17.12
5221,Central,Commercial,573.18,527.21,45.97,78310.13,1703.5051120295846,Q4 (worst),1703.51,Q4 worst,8.02
5222,North,Residential,1565.56,1453.25,112.31,77202.54,687.405751936604,Q4 (worst),687.41,Q4 worst,7.17
5223,West,Commercial,739.65,631.74,107.91,45102.68,417.96571216754705,Q3,417.97,Q3,14.59
5224,North,Residential,1760.01,1614.34,145.67,56583.25,388.4344751836343,Q3,388.43,Q3,8.28
5225,East,Industrial,721.36,578.59,142.77,65729.95,460.3904881978006,Q3,460.39,Q3,19.79
5226,East,Commercial,1415.67,1299.33,116.34,74779.15,642.7638817259755,Q3,642.76,Q3,8.22
5227,South,Residential,2413.77,2035.63,378.14,96902.03,256.2596657322685,Q2,256.26,Q2,15.67
5228,South,Commercial,1433.98,1403.97,30.01,55521.69,1850.1062979006997,Q4 (worst),1850.11,Q4 worst,2.09
5229,North,Commercial,936.94,833.06,103.88,59263.92,570.5036580670004,Q3,570.5,Q3,11.09
5230,East,Commercial,989.57,960.15,29.42,52187.79,1773.8881713120325,Q4 (worst),1773.89,Q4 worst,2.97
5231,West,Industrial,1885.16,1597.61,287.55,21836.56,75.94004520952878,Q1 (best),75.94,Q1 best,15.25
5232,North,Commercial,2462.67,2173.45,289.22,27012.36,93.39727543046816,Q1 (best),93.4,Q1 best,11.74
5233,Central,Residential,1191.52,1035.12,156.4,88677.08,566.9890025575447,Q3,566.99,Q3,13.13
5234,West,Industrial,945.97,850.18,95.79,29508.8,308.0572084768765,Q2,308.06,Q2,10.13
5235,North,Residential,2322.74,2172.6,150.14,12856.16,85.62781404022913,Q1 (best),85.63,Q1 best,6.46
5236,Central,Residential,2116.67,1813.7,302.97,76496.3,252.48803511898868,Q2,252.49,Q2,14.31
5237,South,Commercial,1370.06,1273.06,97.0,95822.78,987.8637113402061,Q4 (worst),987.86,Q4 worst,7.08
5238,East,Commercial,1642.53,1433.09,209.44,65278.74,311.6822956455309,Q2,311.68,Q2,12.75
5239,East,Commercial,1457.42,1381.84,75.58,79822.53,1056.1329716856312,Q4 (worst),1056.13,Q4 worst,5.19
5240,West,Commercial,1460.1,1171.23,288.87,98148.33,339.76643472842454,Q3,339.77,Q3,19.78
5241,North,Commercial,1235.25,1142.56,92.69,44335.62,478.32150178012733,Q3,478.32,Q3,7.5
5242,North,Residential,1872.83,1618.75,254.08,88261.85,347.3781879722922,Q3,347.38,Q3,13.57
5243,South,Residential,1859.49,1718.78,140.71,82755.36,588.1270698599957,Q3,588.13,Q3,7.57
5244,South,Commercial,1485.48,1392.29,93.19,70014.24,751.3063633437065,Q4 (worst),751.31,Q4 worst,6.27
5245,North,Residential,1378.48,1216.3,162.18,40704.26,250.9819953138488,Q2,250.98,Q2,11.77
5246,East,Industrial,1920.88,1670.96,249.92,12018.84,48.0907490396927,Q1 (best),48.09,Q1 best,13.01
5247,South,Industrial,719.64,662.27,57.37,35987.19,627.2823775492418,Q3,627.28,Q3,7.97
5248,East,Residential,1584.41,1359.65,224.76,31876.64,141.82523580708312,Q1 (best),141.83,Q1 best,14.19
5249,North,Industrial,1006.84,984.88,21.96,55809.32,2541.408014571949,Q4 (worst),2541.41,Q4 worst,2.18
5250,North,Industrial,1727.52,1571.03,156.49,77736.45,496.7502715828487,Q3,496.75,Q3,9.06
5251,Central,Residential,2309.32,2223.91,85.41,41324.61,483.8380751668423,Q3,483.84,Q3,3.7
5252,East,Commercial,2238.53,2062.08,176.45,88335.37,500.6255029753471,Q3,500.63,Q3,7.88
5253,West,Commercial,1558.62,1269.78,288.84,58950.33,204.09337349397592,Q2,204.09,Q2,18.53
5254,South,Commercial,571.7,559.43,12.27,74641.99,6083.291768541158,Q4 (worst),6083.29,Q4 worst,2.15
5255,South,Commercial,1782.11,1510.04,272.07,24588.4,90.37527106994524,Q1 (best),90.38,Q1 best,15.27
5256,South,Commercial,961.24,864.99,96.25,85670.7,890.0851948051948,Q4 (worst),890.09,Q4 worst,10.01
5257,South,Industrial,1280.74,1213.99,66.75,35215.51,527.5731835205993,Q3,527.57,Q3,5.21
5258,Central,Commercial,2251.06,1944.01,307.05,66022.92,215.02335124572545,Q2,215.02,Q2,13.64
5259,South,Industrial,1410.83,1223.05,187.78,15464.43,82.35397805943126,Q1 (best),82.35,Q1 best,13.31
5260,East,Industrial,2473.58,2209.49,264.09,87658.07,331.92498769358934,Q3,331.92,Q3,10.68
5261,West,Residential,2289.81,2145.53,144.28,49596.99,343.75512891599664,Q3,343.76,Q3,6.3
5262,East,Residential,530.54,464.62,65.92,46762.52,709.3828883495145,Q4 (worst),709.38,Q4 worst,12.43
5263,North,Industrial,1539.02,1360.45,178.57,53579.61,300.0482163857311,Q2,300.05,Q2,11.6
5264,South,Industrial,1122.32,918.74,203.58,52752.13,259.12235976029075,Q2,259.12,Q2,18.14
5265,South,Industrial,2094.63,1764.31,330.32,98582.69,298.4460220392347,Q2,298.45,Q2,15.77
5266,South,Commercial,795.98,649.37,146.61,21702.83,148.03103471795922,Q1 (best),148.03,Q1 best,18.42
5267,North,Commercial,1442.66,1284.62,158.04,60067.47,380.0776385725133,Q3,380.08,Q3,10.95
5268,East,Industrial,959.14,934.72,24.42,13574.02,555.8566748566749,Q3,555.86,Q3,2.55
5269,South,Residential,1270.45,1102.41,168.04,81854.57,487.1136039038325,Q3,487.11,Q3,13.23
5270,East,Residential,2091.8,1842.39,249.41,66586.75,266.9770658754661,Q2,266.98,Q2,11.92
5271,West,Industrial,1789.17,1569.04,220.13,77576.58,352.41257438786175,Q3,352.41,Q3,12.3
5272,Central,Commercial,599.81,587.09,12.72,85590.95,6728.848270440251,Q4 (worst),6728.85,Q4 worst,2.12
5273,South,Industrial,765.22,709.31,55.91,66652.94,1192.1470219996424,Q4 (worst),1192.15,Q4 worst,7.31
5274,Central,Industrial,1915.13,1839.1,76.03,30491.66,401.047744311456,Q3,401.05,Q3,3.97
5275,South,Residential,1652.77,1586.77,66.0,84836.68,1285.4042424242423,Q4 (worst),1285.4,Q4 worst,3.99
5276,West,Commercial,1419.1,1220.34,198.76,7224.02,36.345441738780444,Q1 (best),36.35,Q1 best,14.01
5277,West,Residential,1915.39,1643.53,271.86,64079.63,235.70819539468843,Q2,235.71,Q2,14.19
5278,East,Residential,542.01,488.02,53.99,52297.21,968.6462307834784,Q4 (worst),968.65,Q4 worst,9.96
5279,North,Commercial,1592.57,1491.31,101.26,64376.83,635.7577523207584,Q3,635.76,Q3,6.36
5280,Central,Commercial,1784.59,1710.71,73.88,89386.73,1209.8907688142936,Q4 (worst),1209.89,Q4 worst,4.14
5281,Central,Industrial,1546.34,1443.5,102.84,99590.21,968.3995527032283,Q4 (worst),968.4,Q4 worst,6.65
5282,East,Industrial,1352.52,1125.85,226.67,57947.84,255.64847575770943,Q2,255.65,Q2,16.76
5283,Central,Industrial,1288.68,1115.2,173.48,85841.25,494.8192875259396,Q3,494.82,Q3,13.46
5284,East,Industrial,1862.33,1686.32,176.01,73453.9,417.3279927276859,Q3,417.33,Q3,9.45
5285,North,Residential,1786.56,1673.05,113.51,54419.44,479.4241917011717,Q3,479.42,Q3,6.35
5286,South,Residential,1801.53,1537.54,263.99,40037.92,151.66453274745254,Q1 (best),151.66,Q1 best,14.65
5287,North,Commercial,805.62,668.31,137.31,57285.43,417.19780059718886,Q3,417.2,Q3,17.04
5288,North,Industrial,887.3,764.9,122.4,79887.24,652.6735294117647,Q4 (worst),652.67,Q4 worst,13.79
5289,West,Industrial,1007.23,942.94,64.29,96689.69,1503.9615803390884,Q4 (worst),1503.96,Q4 worst,6.38
5290,North,Industrial,1997.0,1799.43,197.57,62996.19,318.85503872045354,Q2,318.86,Q2,9.89
5291,West,Commercial,956.0,814.81,141.19,76433.41,541.3514413202068,Q3,541.35,Q3,14.77
5292,West,Industrial,796.91,644.94,151.97,89903.34,591.5861025202342,Q3,591.59,Q3,19.07
5293,South,Industrial,1523.88,1259.5,264.38,24767.73,93.6823133368636,Q1 (best),93.68,Q1 best,17.35
5294,South,Commercial,1006.05,908.97,97.08,54098.05,557.2522661722292,Q3,557.25,Q3,9.65
5295,Central,Residential,967.89,874.99,92.9,75419.72,811.837674919268,Q4 (worst),811.84,Q4 worst,9.6
5296,East,Residential,1359.23,1241.13,118.1,13424.99,113.67476714648603,Q1 (best),113.67,Q1 best,8.69
5297,South,Commercial,1852.96,1631.47,221.49,10349.44,46.72644363176667,Q1 (best),46.73,Q1 best,11.95
5298,Central,Commercial,1140.2,1038.98,101.22,27719.85,273.85743924125666,Q2,273.86,Q2,8.88
5299,Central,Residential,2024.32,1824.55,199.77,90579.08,453.4168293537568,Q3,453.42,Q3,9.87
5300,East,Industrial,1215.24,1075.52,139.72,84173.54,602.4444603492699,Q3,602.44,Q3,11.5
5301,East,Residential,888.25,710.77,177.48,24862.52,140.0863195853054,Q1 (best),140.09,Q1 best,19.98
5302,Central,Commercial,1578.96,1357.54,221.42,68618.73,309.90303495619185,Q2,309.9,Q2,14.02
5303,East,Commercial,712.96,698.06,14.9,38937.52,2613.256375838926,Q4 (worst),2613.26,Q4 worst,2.09
5304,North,Industrial,1422.23,1338.76,83.47,58149.86,696.6558044806518,Q4 (worst),696.66,Q4 worst,5.87
5305,East,Residential,2284.72,2214.1,70.62,17663.51,250.12050410648538,Q2,250.12,Q2,3.09
5306,South,Industrial,936.88,892.45,44.43,73659.74,1657.882961962638,Q4 (worst),1657.88,Q4 worst,4.74
5307,East,Industrial,2382.79,2082.28,300.51,68175.84,226.8671258859938,Q2,226.87,Q2,12.61
5308,West,Commercial,1673.55,1462.08,211.47,56632.21,267.8025724689081,Q2,267.8,Q2,12.64
5309,South,Industrial,2399.88,2053.55,346.33,46824.66,135.20243698206914,Q1 (best),135.2,Q1 best,14.43
5310,North,Industrial,2194.65,1817.25,377.4,35531.73,94.14872813990462,Q1 (best),94.15,Q1 best,17.2
5311,West,Commercial,1101.95,1007.81,94.14,30461.9,323.5808370512004,Q2,323.58,Q2,8.54
5312,Central,Industrial,2390.25,2187.58,202.67,64839.69,319.92741895692507,Q2,319.93,Q2,8.48
5313,West,Industrial,1442.85,1288.84,154.01,67687.12,439.4982144016622,Q3,439.5,Q3,10.67
5314,North,Commercial,1121.66,953.18,168.48,47028.39,279.13336894586894,Q2,279.13,Q2,15.02
5315,Central,Industrial,2139.39,1828.65,310.74,95948.57,308.7744416554032,Q2,308.77,Q2,14.52
5316,South,Industrial,1855.65,1582.32,273.33,51820.05,189.5878608275711,Q2,189.59,Q2,14.73
5317,West,Residential,1332.9,1182.72,150.18,74274.79,494.57178053003054,Q3,494.57,Q3,11.27
5318,South,Residential,1882.4,1724.65,157.75,28106.59,178.17172741679875,Q2,178.17,Q2,8.38
5319,East,Industrial,2180.35,1875.38,304.97,66199.38,217.06849854084007,Q2,217.07,Q2,13.99
5320,West,Commercial,1737.46,1499.96,237.5,99828.47,420.3304,Q3,420.33,Q3,13.67
5321,Central,Industrial,1325.72,1204.26,121.46,53072.45,436.9541412810802,Q3,436.95,Q3,9.16
5322,East,Residential,2074.73,1802.49,272.24,13427.26,49.32140758154569,Q1 (best),49.32,Q1 best,13.12
5323,Central,Industrial,1615.27,1466.55,148.72,7385.72,49.66191500806886,Q1 (best),49.66,Q1 best,9.21
5324,East,Industrial,2032.72,1837.68,195.04,31363.26,160.80424528301887,Q1 (best),160.8,Q1 best,9.6
5325,West,Industrial,1779.72,1533.34,246.38,74747.99,303.3849744297427,Q2,303.38,Q2,13.84
5326,West,Commercial,722.95,590.97,131.98,77928.61,590.457720866798,Q3,590.46,Q3,18.26
5327,South,Industrial,1355.27,1311.7,43.57,60684.61,1392.8072067936653,Q4 (worst),1392.81,Q4 worst,3.21
5328,Central,Commercial,516.41,459.14,57.27,58972.77,1029.7323205866944,Q4 (worst),1029.73,Q4 worst,11.09
5329,Central,Commercial,2418.56,2043.61,374.95,56547.01,150.81213495132684,Q1 (best),150.81,Q1 best,15.5
5330,Central,Residential,869.36,775.58,93.78,77724.56,828.7967583706547,Q4 (worst),828.8,Q4 worst,10.79
5331,South,Commercial,1012.59,934.61,77.98,8317.35,106.66004103616312,Q1 (best),106.66,Q1 best,7.7
5332,West,Industrial,1045.26,959.26,86.0,80019.08,930.4544186046512,Q4 (worst),930.45,Q4 worst,8.23
5333,South,Commercial,867.18,819.7,47.48,25405.67,535.0815080033699,Q3,535.08,Q3,5.48
5334,South,Industrial,2366.25,2154.68,211.57,17958.52,84.88216665878906,Q1 (best),84.88,Q1 best,8.94
5335,Central,Residential,831.45,751.2,80.25,63045.28,785.6109657320873,Q4 (worst),785.61,Q4 worst,9.65
5336,Central,Industrial,2042.15,1729.85,312.3,34753.58,111.28267691322446,Q1 (best),111.28,Q1 best,15.29
5337,East,Industrial,940.56,914.19,26.37,26608.91,1009.0599165718619,Q4 (worst),1009.06,Q4 worst,2.8
5338,South,Commercial,1481.88,1210.36,271.52,55932.66,205.99830583382442,Q2,206.0,Q2,18.32
5339,Central,Industrial,685.14,657.01,28.13,21733.92,772.6242445787415,Q4 (worst),772.62,Q4 worst,4.11
5340,West,Industrial,1029.59,944.49,85.1,47491.81,558.0706227967098,Q3,558.07,Q3,8.27
5341,East,Industrial,716.17,686.39,29.78,27326.28,917.6051040967092,Q4 (worst),917.61,Q4 worst,4.16
5342,Central,Industrial,1654.41,1368.29,286.12,87600.91,306.1684258353139,Q2,306.17,Q2,17.29
5343,West,Industrial,1906.83,1778.94,127.89,56393.4,440.95238095238096,Q3,440.95,Q3,6.71
5344,West,Residential,596.76,501.61,95.15,99573.24,1046.4870204939568,Q4 (worst),1046.49,Q4 worst,15.94
5345,East,Residential,2462.91,2099.22,363.69,46276.38,127.24127691165552,Q1 (best),127.24,Q1 best,14.77
5346,South,Residential,1784.53,1589.71,194.82,91799.66,471.2024432809773,Q3,471.2,Q3,10.92
5347,East,Commercial,2027.21,1678.42,348.79,44650.39,128.01510937813583,Q1 (best),128.02,Q1 best,17.21
5348,East,Commercial,1649.78,1367.54,282.24,46791.04,165.7845804988662,Q1 (best),165.78,Q1 best,17.11
5349,East,Residential,2386.3,1942.21,444.09,71852.38,161.79688801819452,Q1 (best),161.8,Q1 best,18.61
5350,West,Residential,2192.5,1994.51,197.99,85088.2,429.7600888933784,Q3,429.76,Q3,9.03
5351,West,Commercial,2395.03,1961.07,433.96,66940.86,154.25583003041757,Q1 (best),154.26,Q1 best,18.12
5352,South,Residential,2001.07,1740.52,260.55,27859.28,106.92488965649586,Q1 (best),106.92,Q1 best,13.02
5353,West,Commercial,1941.06,1810.94,130.12,79667.08,612.2585305871503,Q3,612.26,Q3,6.7
5354,East,Industrial,1818.37,1674.74,143.63,14236.96,99.1224674510896,Q1 (best),99.12,Q1 best,7.9
5355,West,Residential,798.51,689.23,109.28,35693.06,326.6202415812591,Q2,326.62,Q2,13.69
5356,West,Commercial,1194.38,1002.07,192.31,72496.31,376.97628828454054,Q3,376.98,Q3,16.1
5357,Central,Commercial,2457.7,1967.22,490.48,70194.37,143.11362338933287,Q1 (best),143.11,Q1 best,19.96
5358,West,Residential,1802.83,1690.84,111.99,5929.02,52.94240557192607,Q1 (best),52.94,Q1 best,6.21
5359,Central,Commercial,2466.95,2319.58,147.37,14909.85,101.17289814751985,Q1 (best),101.17,Q1 best,5.97
5360,Central,Commercial,707.84,646.88,60.96,16467.15,270.1304133858268,Q2,270.13,Q2,8.61
5361,Central,Residential,1523.12,1455.21,67.91,6448.45,94.95582388455308,Q1 (best),94.96,Q1 best,4.46
5362,North,Commercial,1854.53,1709.47,145.06,10165.73,70.07948435130291,Q1 (best),70.08,Q1 best,7.82
5363,South,Industrial,1261.88,1108.71,153.17,52096.07,340.11927923222567,Q3,340.12,Q3,12.14
5364,South,Residential,2263.89,2114.07,149.82,71263.46,475.6605259644908,Q3,475.66,Q3,6.62
5365,East,Commercial,1683.49,1384.11,299.38,20747.56,69.30175696439308,Q1 (best),69.3,Q1 best,17.78
5366,North,Residential,2204.56,2137.72,66.84,20581.25,307.9181627767804,Q2,307.92,Q2,3.03
5367,North,Residential,1202.07,1018.58,183.49,30191.49,164.5402474249278,Q1 (best),164.54,Q1 best,15.26
5368,South,Commercial,1774.13,1637.54,136.59,47502.07,347.7712131195549,Q3,347.77,Q3,7.7
5369,East,Industrial,2092.1,1754.52,337.58,99141.02,293.68155696427516,Q2,293.68,Q2,16.14
5370,Central,Commercial,2486.15,2143.08,343.07,7656.3,22.31701985017635,Q1 (best),22.32,Q1 best,13.8
5371,North,Commercial,954.05,807.43,146.62,95735.54,652.9500750238711,Q4 (worst),652.95,Q4 worst,15.37
5372,East,Residential,856.5,758.14,98.36,95215.89,968.0346685644571,Q4 (worst),968.03,Q4 worst,11.48
5373,Central,Residential,532.74,485.21,47.53,19538.79,411.08331580054704,Q3,411.08,Q3,8.92
5374,Central,Residential,2023.28,1778.33,244.95,66800.53,272.71087977138194,Q2,272.71,Q2,12.11
5375,East,Industrial,1184.27,966.31,217.96,35120.58,161.13314369609103,Q1 (best),161.13,Q1 best,18.4
5376,East,Industrial,2323.0,2126.67,196.33,87886.04,447.64447613711604,Q3,447.64,Q3,8.45
5377,Central,Commercial,1818.89,1686.0,132.89,57500.22,432.6903453984499,Q3,432.69,Q3,7.31
5378,North,Residential,1601.33,1296.97,304.36,44785.57,147.14670127480613,Q1 (best),147.15,Q1 best,19.01
5379,South,Commercial,1577.81,1534.46,43.35,40909.68,943.7065743944636,Q4 (worst),943.71,Q4 worst,2.75
5380,West,Commercial,1191.61,1075.6,116.01,45043.57,388.2731661063701,Q3,388.27,Q3,9.74
5381,West,Industrial,1454.68,1192.34,262.34,61856.99,235.78939544103073,Q2,235.79,Q2,18.03
5382,South,Industrial,1757.41,1545.22,212.19,5565.23,26.22757905650596,Q1 (best),26.23,Q1 best,12.07
5383,Central,Industrial,655.97,605.84,50.13,27579.25,550.1545980450827,Q3,550.15,Q3,7.64
5384,South,Residential,1512.16,1283.31,228.85,37585.55,164.23661787196855,Q1 (best),164.24,Q1 best,15.13
5385,South,Commercial,1797.4,1665.1,132.3,98009.24,740.810582010582,Q4 (worst),740.81,Q4 worst,7.36
5386,East,Residential,2460.17,2336.07,124.1,8279.09,66.71305398871878,Q1 (best),66.71,Q1 best,5.04
5387,North,Industrial,1445.95,1182.83,263.12,54173.09,205.88738978412889,Q2,205.89,Q2,18.2
5388,Central,Commercial,708.94,671.55,37.39,86425.65,2311.464295266114,Q4 (worst),2311.46,Q4 worst,5.27
5389,South,Industrial,510.05,409.23,100.82,53796.08,533.5853997222774,Q3,533.59,Q3,19.77
5390,East,Residential,1945.24,1572.69,372.55,11349.69,30.464877197691585,Q1 (best),30.46,Q1 best,19.15
5391,Central,Commercial,894.97,783.81,111.16,44123.82,396.9397265203311,Q3,396.94,Q3,12.42
5392,North,Industrial,1439.31,1168.02,271.29,99892.72,368.21379335766153,Q3,368.21,Q3,18.85
5393,Central,Commercial,1428.45,1229.94,198.51,19439.17,97.92539418669084,Q1 (best),97.93,Q1 best,13.9
5394,East,Residential,1816.12,1472.21,343.91,92444.82,268.8052688203309,Q2,268.81,Q2,18.94
5395,Central,Residential,1650.08,1387.07,263.01,92823.14,352.92627656743093,Q3,352.93,Q3,15.94
5396,West,Residential,1610.29,1440.16,170.13,24768.0,145.5827896314583,Q1 (best),145.58,Q1 best,10.57
5397,East,Commercial,1666.33,1345.8,320.53,19884.37,62.035909275262846,Q1 (best),62.04,Q1 best,19.24
5398,East,Industrial,2347.24,1973.72,373.52,46906.26,125.57897836795888,Q1 (best),125.58,Q1 best,15.91
5399,South,Industrial,1867.87,1700.51,167.36,20373.56,121.73494263862332,Q1 (best),121.73,Q1 best,8.96
5400,Central,Residential,1793.65,1568.55,225.1,54966.6,244.18747223456242,Q2,244.19,Q2,12.55
5401,Central,Commercial,2410.29,2087.5,322.79,18984.01,58.812261842064494,Q1 (best),58.81,Q1 best,13.39
5402,West,Industrial,594.2,518.91,75.29,88624.81,1177.1126311595165,Q4 (worst),1177.11,Q4 worst,12.67
5403,East,Commercial,2145.81,1755.64,390.17,49173.65,126.03134531101827,Q1 (best),126.03,Q1 best,18.18
5404,East,Residential,1813.61,1682.78,130.83,41235.44,315.1833677291141,Q2,315.18,Q2,7.21
5405,West,Industrial,1098.05,966.12,131.93,72574.63,550.0995224740393,Q3,550.1,Q3,12.01
5406,Central,Industrial,1404.86,1300.23,104.63,58920.07,563.127879193348,Q3,563.13,Q3,7.45
5407,West,Industrial,1968.87,1651.87,317.0,72488.71,228.6710094637224,Q2,228.67,Q2,16.1
5408,Central,Residential,802.14,776.55,25.59,95347.49,3725.9667838999612,Q4 (worst),3725.97,Q4 worst,3.19
5409,West,Residential,1048.44,1019.8,28.64,66232.64,2312.5921787709494,Q4 (worst),2312.59,Q4 worst,2.73
5410,West,Commercial,2252.08,2100.17,151.91,70659.46,465.14028042920154,Q3,465.14,Q3,6.75
5411,Central,Industrial,788.73,714.02,74.71,26423.1,353.6755454423772,Q3,353.68,Q3,9.47
5412,West,Commercial,642.57,529.64,112.93,70257.88,622.1365447622421,Q3,622.14,Q3,17.57
5413,Central,Commercial,1876.55,1519.5,357.05,86932.06,243.47307099845958,Q2,243.47,Q2,19.03
5414,East,Industrial,2309.72,2048.09,261.63,64598.47,246.90773229369722,Q2,246.91,Q2,11.33
5415,North,Industrial,1308.42,1241.44,66.98,67358.43,1005.6498954911913,Q4 (worst),1005.65,Q4 worst,5.12
5416,East,Commercial,1090.14,1039.02,51.12,91137.9,1782.8227699530516,Q4 (worst),1782.82,Q4 worst,4.69
5417,Central,Commercial,1837.88,1530.46,307.42,61323.5,199.47791295296335,Q2,199.48,Q2,16.73
5418,South,Industrial,1383.32,1170.96,212.36,34436.79,162.1623187040874,Q1 (best),162.16,Q1 best,15.35
5419,East,Industrial,842.44,742.19,100.25,43230.27,431.22463840399,Q3,431.22,Q3,11.9
5420,North,Industrial,659.43,643.37,16.06,33610.46,2092.8057285180575,Q4 (worst),2092.81,Q4 worst,2.44
5421,Central,Commercial,1479.87,1185.91,293.96,82363.51,280.1861137569737,Q2,280.19,Q2,19.86
5422,Central,Industrial,1072.65,1045.21,27.44,68215.75,2485.996720116618,Q4 (worst),2486.0,Q4 worst,2.56
5423,West,Industrial,1488.37,1371.19,117.18,40328.07,344.1548899129544,Q3,344.15,Q3,7.87
5424,East,Commercial,2351.5,1946.0,405.5,63567.82,156.7640443896424,Q1 (best),156.76,Q1 best,17.24
5425,East,Industrial,1391.87,1146.52,245.35,70432.7,287.07030772366005,Q2,287.07,Q2,17.63
5426,North,Commercial,1904.11,1771.31,132.8,43685.5,328.95707831325296,Q2,328.96,Q2,6.97
5427,North,Commercial,1503.28,1313.48,189.8,61550.79,324.29288724973657,Q2,324.29,Q2,12.63
5428,South,Residential,2243.67,2027.43,216.24,94395.63,436.5317702552719,Q3,436.53,Q3,9.64
5429,North,Commercial,2139.24,1835.91,303.33,29436.67,97.04503346190617,Q1 (best),97.05,Q1 best,14.18
5430,Central,Industrial,2095.83,1869.56,226.27,27241.83,120.39523578026252,Q1 (best),120.4,Q1 best,10.8
5431,West,Industrial,617.84,571.37,46.47,37156.59,799.5823111684957,Q4 (worst),799.58,Q4 worst,7.52
5432,South,Residential,2324.84,2082.81,242.03,32034.19,132.3562781473371,Q1 (best),132.36,Q1 best,10.41
5433,Central,Industrial,942.59,845.47,97.12,92531.12,952.7504118616145,Q4 (worst),952.75,Q4 worst,10.3
5434,South,Industrial,875.34,782.2,93.14,89390.81,959.7467253596736,Q4 (worst),959.75,Q4 worst,10.64
5435,East,Residential,1641.81,1450.18,191.63,72739.45,379.5827897510828,Q3,379.58,Q3,11.67
5436,West,Commercial,2093.84,2047.47,46.37,64081.48,1381.9598878585293,Q4 (worst),1381.96,Q4 worst,2.21
5437,Central,Residential,946.66,761.26,185.4,95241.85,513.7100862998922,Q3,513.71,Q3,19.58
5438,Central,Residential,1128.24,914.89,213.35,40866.67,191.54755097258027,Q2,191.55,Q2,18.91
5439,North,Industrial,2183.35,1885.79,297.56,91800.97,308.51246807366584,Q2,308.51,Q2,13.63
5440,West,Residential,2275.76,1952.1,323.66,59327.13,183.3007785948217,Q2,183.3,Q2,14.22
5441,East,Residential,550.86,505.1,45.76,24295.92,530.9423076923076,Q3,530.94,Q3,8.31
5442,North,Residential,549.51,499.17,50.34,37214.42,739.2614223281684,Q4 (worst),739.26,Q4 worst,9.16
5443,North,Residential,2036.75,1857.37,179.38,57451.01,320.2754487679786,Q2,320.28,Q2,8.81
5444,North,Industrial,508.8,432.27,76.53,6294.81,82.25284202273619,Q1 (best),82.25,Q1 best,15.04
5445,West,Residential,1295.63,1261.93,33.7,8096.19,240.24302670623143,Q2,240.24,Q2,2.6
5446,North,Commercial,2204.71,2111.15,93.56,40503.8,432.91791363830697,Q3,432.92,Q3,4.24
5447,West,Commercial,2115.78,1844.09,271.69,55707.53,205.0407817733446,Q2,205.04,Q2,12.84
5448,Central,Industrial,1337.51,1299.21,38.3,27389.61,715.1334203655354,Q4 (worst),715.13,Q4 worst,2.86
5449,West,Residential,1501.39,1351.18,150.21,37435.27,249.2195592836695,Q2,249.22,Q2,10.0
5450,Central,Residential,2358.12,2256.77,101.35,90184.41,889.8313764183523,Q4 (worst),889.83,Q4 worst,4.3
5451,Central,Residential,1563.91,1486.95,76.96,44076.37,572.7179054054055,Q3,572.72,Q3,4.92
5452,South,Industrial,1159.33,972.69,186.64,17117.48,91.71388769824262,Q1 (best),91.71,Q1 best,16.1
5453,East,Residential,1399.05,1148.37,250.68,22988.77,91.70564065741183,Q1 (best),91.71,Q1 best,17.92
5454,South,Commercial,1564.21,1328.15,236.06,24587.28,104.15690926035754,Q1 (best),104.16,Q1 best,15.09
5455,East,Residential,1157.6,1060.36,97.24,69287.77,712.5439119703826,Q4 (worst),712.54,Q4 worst,8.4
5456,Central,Residential,1293.17,1051.32,241.85,52081.57,215.34657845772173,Q2,215.35,Q2,18.7
5457,North,Residential,2119.66,1788.16,331.5,51671.0,155.87028657616892,Q1 (best),155.87,Q1 best,15.64
5458,South,Industrial,2246.87,2037.4,209.47,72120.92,344.301904807371,Q3,344.3,Q3,9.32
5459,South,Commercial,1114.53,1077.37,37.16,89247.59,2401.7112486544675,Q4 (worst),2401.71,Q4 worst,3.33
5460,North,Industrial,795.96,645.44,150.52,45884.38,304.83909115067763,Q2,304.84,Q2,18.91
5461,Central,Residential,2428.56,2117.97,310.59,96742.54,311.479893106668,Q2,311.48,Q2,12.79
5462,East,Industrial,1918.68,1548.77,369.91,67834.26,183.38044389175744,Q2,183.38,Q2,19.28
5463,North,Residential,543.72,526.25,17.47,60691.07,3474.016599885518,Q4 (worst),3474.02,Q4 worst,3.21
5464,South,Commercial,1395.44,1192.79,202.65,62444.77,308.14098198865037,Q2,308.14,Q2,14.52
5465,North,Industrial,1952.77,1668.16,284.61,19803.76,69.58209479638803,Q1 (best),69.58,Q1 best,14.57
5466,West,Residential,557.42,516.3,41.12,99314.65,2415.2395428015566,Q4 (worst),2415.24,Q4 worst,7.38
5467,West,Commercial,851.75,779.76,71.99,86659.99,1203.7781636338382,Q4 (worst),1203.78,Q4 worst,8.45
5468,West,Industrial,1701.11,1523.55,177.56,70556.03,397.3644401892318,Q3,397.36,Q3,10.44
5469,South,Residential,2443.97,2013.05,430.92,48095.97,111.61229462545252,Q1 (best),111.61,Q1 best,17.63
5470,Central,Industrial,1131.13,931.38,199.75,19470.39,97.47379224030037,Q1 (best),97.47,Q1 best,17.66
5471,Central,Commercial,2363.55,2264.1,99.45,38657.63,388.7142282554047,Q3,388.71,Q3,4.21
5472,South,Commercial,1728.03,1563.16,164.87,52225.76,316.7693334142051,Q2,316.77,Q2,9.54
5473,East,Industrial,1570.79,1281.56,289.23,14611.93,50.52010510666251,Q1 (best),50.52,Q1 best,18.41
5474,South,Residential,2283.95,1994.31,289.64,93829.08,323.9506974174838,Q2,323.95,Q2,12.68
5475,Central,Industrial,1648.69,1517.18,131.51,39861.81,303.1085848984868,Q2,303.11,Q2,7.98
5476,East,Residential,2357.14,2124.58,232.56,73287.94,315.1356209150327,Q2,315.14,Q2,9.87
5477,West,Residential,1922.72,1827.85,94.87,60674.45,639.5535996626962,Q3,639.55,Q3,4.93
5478,West,Residential,519.99,446.82,73.17,7522.72,102.81153478201449,Q1 (best),102.81,Q1 best,14.07
5479,North,Industrial,756.19,627.18,129.01,71352.51,553.0773583443143,Q3,553.08,Q3,17.06
5480,Central,Commercial,2216.21,2164.15,52.06,46938.64,901.6258163657318,Q4 (worst),901.63,Q4 worst,2.35
5481,South,Residential,1203.99,1032.43,171.56,11805.94,68.81522499417113,Q1 (best),68.82,Q1 best,14.25
5482,West,Industrial,996.3,873.46,122.84,70712.05,575.6435200260502,Q3,575.64,Q3,12.33
5483,North,Commercial,1033.59,853.34,180.25,29437.5,163.3148404993065,Q1 (best),163.31,Q1 best,17.44
5484,East,Industrial,702.27,659.86,42.41,53246.99,1255.5291204904504,Q4 (worst),1255.53,Q4 worst,6.04
5485,West,Residential,2394.34,2055.98,338.36,53664.8,158.60267171060408,Q1 (best),158.6,Q1 best,14.13
5486,South,Residential,2499.16,2403.64,95.52,64257.03,672.7076005025126,Q4 (worst),672.71,Q4 worst,3.82
5487,East,Residential,2081.53,1954.81,126.72,89030.58,702.577178030303,Q4 (worst),702.58,Q4 worst,6.09
5488,East,Residential,1761.2,1700.86,60.34,9906.22,164.173351010938,Q1 (best),164.17,Q1 best,3.43
5489,East,Residential,2198.35,2072.06,126.29,8338.91,66.02985192810198,Q1 (best),66.03,Q1 best,5.74
5490,East,Commercial,2466.42,2103.13,363.29,14968.38,41.20229018139778,Q1 (best),41.2,Q1 best,14.73
5491,South,Industrial,2256.28,1846.77,409.51,60060.48,146.66425728309443,Q1 (best),146.66,Q1 best,18.15
5492,West,Residential,702.45,591.53,110.92,36451.54,328.6291020555355,Q2,328.63,Q2,15.79
5493,West,Residential,532.01,477.28,54.73,90936.16,1661.541384980815,Q4 (worst),1661.54,Q4 worst,10.29
5494,Central,Commercial,1131.2,997.67,133.53,18270.48,136.82678049876432,Q1 (best),136.83,Q1 best,11.8
5495,North,Industrial,2019.08,1923.51,95.57,50454.92,527.9368002511249,Q3,527.94,Q3,4.73
5496,West,Industrial,2234.21,1962.68,271.53,25484.32,93.85452804478328,Q1 (best),93.85,Q1 best,12.15
5497,West,Commercial,1748.25,1549.1,199.15,95180.65,477.9344715038915,Q3,477.93,Q3,11.39
5498,Central,Commercial,1500.79,1385.16,115.63,83555.69,722.6125572948197,Q4 (worst),722.61,Q4 worst,7.7
5499,East,Commercial,2128.1,1782.33,345.77,62597.29,181.03736587905257,Q2,181.04,Q2,16.25
5500,Central,Residential,1331.38,1188.96,142.42,44164.18,310.0981603707345,Q2,310.1,Q2,10.7
5501,North,Commercial,2454.43,2343.53,110.9,76515.77,689.9528403967538,Q4 (worst),689.95,Q4 worst,4.52
5502,West,Residential,1983.78,1652.68,331.1,43101.06,130.17535487768043,Q1 (best),130.18,Q1 best,16.69
5503,West,Residential,1415.49,1159.78,255.71,33193.22,129.8080638222987,Q1 (best),129.81,Q1 best,18.07
5504,Central,Industrial,2233.06,2094.45,138.61,65938.78,475.7144506168386,Q3,475.71,Q3,6.21
5505,South,Industrial,1259.71,1123.42,136.29,16274.96,119.41419032944457,Q1 (best),119.41,Q1 best,10.82
5506,North,Industrial,1952.75,1856.83,95.92,94810.56,988.4336947456213,Q4 (worst),988.43,Q4 worst,4.91
5507,North,Industrial,1460.39,1367.69,92.7,81530.33,879.5073354908307,Q4 (worst),879.51,Q4 worst,6.35
5508,South,Commercial,2036.39,1758.92,277.47,26272.72,94.68670486899484,Q1 (best),94.69,Q1 best,13.63
5509,North,Industrial,1055.9,923.0,132.9,23924.15,180.01617757712566,Q2,180.02,Q2,12.59
5510,West,Industrial,1943.98,1675.8,268.18,26649.0,99.36982623611007,Q1 (best),99.37,Q1 best,13.8
5511,East,Residential,673.29,599.04,74.25,24243.33,326.509494949495,Q2,326.51,Q2,11.03
5512,West,Residential,1522.54,1322.5,200.04,63402.43,316.9487602479504,Q2,316.95,Q2,13.14
5513,Central,Residential,871.68,839.46,32.22,42670.95,1324.3621973929237,Q4 (worst),1324.36,Q4 worst,3.7
5514,East,Industrial,1421.18,1206.57,214.61,46445.4,216.41768789897955,Q2,216.42,Q2,15.1
5515,Central,Industrial,921.91,749.37,172.54,10262.13,59.476816969977975,Q1 (best),59.48,Q1 best,18.72
5516,Central,Commercial,1189.0,1083.12,105.88,96474.0,911.1635814129203,Q4 (worst),911.16,Q4 worst,8.9
5517,South,Commercial,2441.16,2371.33,69.83,62729.05,898.3108978948876,Q4 (worst),898.31,Q4 worst,2.86
5518,West,Residential,632.97,584.36,48.61,5200.26,106.97922238222588,Q1 (best),106.98,Q1 best,7.68
5519,North,Industrial,1366.1,1166.14,199.96,37357.34,186.82406481296258,Q2,186.82,Q2,14.64
5520,East,Residential,1130.45,1088.14,42.31,57498.77,1358.9877097612855,Q4 (worst),1358.99,Q4 worst,3.74
5521,North,Industrial,1737.38,1613.86,123.52,96045.24,777.5683290155441,Q4 (worst),777.57,Q4 worst,7.11
5522,East,Commercial,1888.35,1662.86,225.49,25151.81,111.54290655904919,Q1 (best),111.54,Q1 best,11.94
5523,East,Commercial,1091.05,1039.06,51.99,25660.78,493.5714560492402,Q3,493.57,Q3,4.77
5524,South,Residential,1877.19,1830.58,46.61,23848.18,511.6537223771723,Q3,511.65,Q3,2.48
5525,West,Commercial,2018.49,1877.18,141.31,8165.15,57.78182718845092,Q1 (best),57.78,Q1 best,7.0
5526,South,Commercial,722.43,646.81,75.62,69542.32,919.62866966411,Q4 (worst),919.63,Q4 worst,10.47
5527,Central,Industrial,989.97,807.57,182.4,69861.48,383.0125,Q3,383.01,Q3,18.42
5528,East,Residential,2278.9,1986.48,292.42,54862.21,187.6144244579714,Q2,187.61,Q2,12.83
5529,West,Industrial,1211.14,987.95,223.19,38302.44,171.6136027599803,Q1 (best),171.61,Q1 best,18.43
5530,West,Commercial,557.49,532.87,24.62,57795.64,2347.5077173030054,Q4 (worst),2347.51,Q4 worst,4.42
5531,Central,Commercial,592.21,500.85,91.36,14766.5,161.62981611208406,Q1 (best),161.63,Q1 best,15.43
5532,South,Residential,1484.95,1248.21,236.74,16769.17,70.83369941708202,Q1 (best),70.83,Q1 best,15.94
5533,West,Industrial,995.45,889.17,106.28,64627.04,608.0828001505457,Q3,608.08,Q3,10.68
5534,East,Residential,1274.72,1050.71,224.01,81301.16,362.93540466943443,Q3,362.94,Q3,17.57
5535,West,Industrial,1852.91,1620.32,232.59,96180.19,413.5181650113934,Q3,413.52,Q3,12.55
5536,Central,Industrial,1085.64,989.31,96.33,21416.11,222.3202532959618,Q2,222.32,Q2,8.87
5537,East,Residential,1104.3,1009.02,95.28,23086.82,242.30499580184718,Q2,242.3,Q2,8.63
5538,East,Commercial,1389.88,1352.17,37.71,63414.22,1681.6287456907983,Q4 (worst),1681.63,Q4 worst,2.71
5539,South,Residential,2173.63,1968.72,204.91,76575.07,373.70099067883467,Q3,373.7,Q3,9.43
5540,South,Commercial,1226.07,1154.71,71.36,31321.37,438.9205437219731,Q3,438.92,Q3,5.82
5541,Central,Commercial,1189.52,976.28,213.24,65417.48,306.7786531607578,Q2,306.78,Q2,17.93
5542,West,Industrial,549.84,506.73,43.11,32522.79,754.4140570633264,Q4 (worst),754.41,Q4 worst,7.84
5543,North,Commercial,2312.3,2117.14,195.16,50949.39,261.06471613035455,Q2,261.06,Q2,8.44
5544,East,Residential,626.4,535.71,90.69,37718.2,415.9025250854559,Q3,415.9,Q3,14.48
5545,North,Industrial,2037.29,1681.49,355.8,13575.68,38.155368184373245,Q1 (best),38.16,Q1 best,17.46
5546,West,Residential,796.37,752.16,44.21,30307.2,685.5281610495363,Q4 (worst),685.53,Q4 worst,5.55
5547,West,Commercial,2240.09,1933.75,306.34,44112.05,143.99702944440818,Q1 (best),144.0,Q1 best,13.68
5548,North,Residential,1947.57,1873.36,74.21,55382.56,746.2951084759467,Q4 (worst),746.3,Q4 worst,3.81
5549,East,Industrial,1541.18,1327.44,213.74,5206.18,24.35753719472256,Q1 (best),24.36,Q1 best,13.87
5550,North,Residential,2252.15,2076.12,176.03,17883.82,101.59529625631994,Q1 (best),101.6,Q1 best,7.82
5551,Central,Commercial,702.11,614.54,87.57,22257.53,254.16843667922805,Q2,254.17,Q2,12.47
5552,East,Industrial,1866.94,1648.36,218.58,26366.53,120.62645255741603,Q1 (best),120.63,Q1 best,11.71
5553,East,Residential,1126.34,901.47,224.87,92712.18,412.29234668919815,Q3,412.29,Q3,19.96
5554,South,Residential,1933.64,1762.65,170.99,16214.07,94.82466810924615,Q1 (best),94.82,Q1 best,8.84
5555,West,Residential,1574.15,1317.61,256.54,51343.27,200.13748343338267,Q2,200.14,Q2,16.3
5556,Central,Industrial,2254.45,2167.39,87.06,50296.14,577.7181254307374,Q3,577.72,Q3,3.86
5557,West,Commercial,913.0,886.17,26.83,59429.55,2215.0409988818487,Q4 (worst),2215.04,Q4 worst,2.94
5558,East,Industrial,2487.76,2184.16,303.6,98042.47,322.93303689064555,Q2,322.93,Q2,12.2
5559,South,Commercial,1074.19,973.52,100.67,60723.03,603.1889341412535,Q3,603.19,Q3,9.37
5560,South,Residential,1826.31,1756.27,70.04,10861.18,155.07110222729867,Q1 (best),155.07,Q1 best,3.84
5561,North,Commercial,2201.8,2103.11,98.69,26483.8,268.35342993211066,Q2,268.35,Q2,4.48
5562,West,Residential,633.61,596.47,37.14,72414.23,1949.7638664512654,Q4 (worst),1949.76,Q4 worst,5.86
5563,West,Commercial,686.72,587.55,99.17,20164.32,203.33084602198244,Q2,203.33,Q2,14.44
5564,North,Industrial,718.32,686.94,31.38,70822.15,2256.9200127469726,Q4 (worst),2256.92,Q4 worst,4.37
5565,North,Commercial,2468.47,2346.07,122.4,70280.14,574.1841503267974,Q3,574.18,Q3,4.96
5566,East,Residential,1178.74,1038.22,140.52,55329.47,393.7480074010817,Q3,393.75,Q3,11.92
5567,West,Commercial,1393.8,1124.81,268.99,30646.58,113.93204208334883,Q1 (best),113.93,Q1 best,19.3
5568,Central,Industrial,2135.08,2084.4,50.68,20167.3,397.9340962904499,Q3,397.93,Q3,2.37
5569,South,Commercial,1682.4,1404.79,277.61,7155.55,25.775548431252474,Q1 (best),25.78,Q1 best,16.5
5570,North,Commercial,860.17,793.1,67.07,96510.69,1438.9546742209634,Q4 (worst),1438.95,Q4 worst,7.8
5571,West,Industrial,647.41,581.21,66.2,18394.73,277.8660120845921,Q2,277.87,Q2,10.23
5572,Central,Commercial,1734.88,1518.65,216.23,21642.04,100.08805438653286,Q1 (best),100.09,Q1 best,12.46
5573,South,Industrial,558.08,446.86,111.22,15963.82,143.53371695738176,Q1 (best),143.53,Q1 best,19.93
5574,North,Residential,840.87,746.48,94.39,67317.14,713.1808454285411,Q4 (worst),713.18,Q4 worst,11.23
5575,West,Industrial,1877.64,1599.19,278.45,79437.41,285.2842880229844,Q2,285.28,Q2,14.83
5576,East,Industrial,1721.35,1458.19,263.16,73350.17,278.72841617267056,Q2,278.73,Q2,15.29
5577,West,Residential,1573.57,1450.45,123.12,35172.9,285.6798245614035,Q2,285.68,Q2,7.82
5578,North,Residential,1327.41,1142.37,185.04,31183.84,168.52485948984005,Q1 (best),168.52,Q1 best,13.94
5579,Central,Industrial,895.58,773.75,121.83,50480.85,414.35483870967744,Q3,414.35,Q3,13.6
5580,South,Residential,1953.58,1649.29,304.29,15406.53,50.631075618653256,Q1 (best),50.63,Q1 best,15.58
5581,Central,Industrial,682.9,584.11,98.79,49066.46,496.6743597530114,Q3,496.67,Q3,14.47
5582,East,Industrial,2473.19,2421.38,51.81,41137.51,794.0071414784791,Q4 (worst),794.01,Q4 worst,2.09
5583,South,Industrial,552.53,508.85,43.68,12080.93,276.57806776556777,Q2,276.58,Q2,7.91
5584,North,Residential,1820.64,1772.16,48.48,71357.29,1471.891295379538,Q4 (worst),1471.89,Q4 worst,2.66
5585,South,Industrial,2255.14,1945.37,309.77,56787.9,183.32278787487493,Q2,183.32,Q2,13.74
5586,West,Industrial,1043.47,879.29,164.18,57610.51,350.8984650992813,Q3,350.9,Q3,15.73
5587,West,Residential,1609.22,1404.57,204.65,43117.22,210.68761299780112,Q2,210.69,Q2,12.72
5588,South,Commercial,2492.43,2168.22,324.21,33494.41,103.31084790722065,Q1 (best),103.31,Q1 best,13.01
5589,South,Residential,2010.59,1780.34,230.25,75443.31,327.65824104234525,Q2,327.66,Q2,11.45
5590,South,Residential,896.44,758.06,138.38,61415.22,443.8157248157248,Q3,443.82,Q3,15.44
5591,East,Industrial,1310.86,1153.24,157.62,11367.23,72.11794188554751,Q1 (best),72.12,Q1 best,12.02
5592,North,Residential,1144.34,962.4,181.94,80344.07,441.5965153347258,Q3,441.6,Q3,15.9
5593,South,Industrial,1216.49,1084.34,132.15,71251.97,539.1749527052592,Q3,539.17,Q3,10.86
5594,Central,Commercial,634.27,539.05,95.22,31139.34,327.0252047889099,Q2,327.03,Q2,15.01
5595,East,Industrial,562.86,453.25,109.61,91884.7,838.2875650031931,Q4 (worst),838.29,Q4 worst,19.47
5596,South,Commercial,2034.47,1869.26,165.21,99744.83,603.7457175715756,Q3,603.75,Q3,8.12
5597,South,Commercial,2402.21,2097.04,305.17,56835.1,186.24078382540878,Q2,186.24,Q2,12.7
5598,South,Industrial,1183.88,1059.0,124.88,43658.42,349.60297885970533,Q3,349.6,Q3,10.55
5599,Central,Industrial,2044.53,1775.41,269.12,99207.57,368.636927764566,Q3,368.64,Q3,13.16
5600,South,Residential,2010.87,1939.71,71.16,56609.67,795.5265598650927,Q4 (worst),795.53,Q4 worst,3.54
5601,North,Residential,843.34,686.19,157.15,99184.68,631.146547884187,Q3,631.15,Q3,18.63
5602,East,Commercial,554.02,532.37,21.65,11781.13,544.1630484988452,Q3,544.16,Q3,3.91
5603,North,Industrial,1349.14,1219.09,130.05,28094.9,216.0315263360246,Q2,216.03,Q2,9.64
5604,North,Residential,663.71,633.27,30.44,55281.61,1816.0844283837057,Q4 (worst),1816.08,Q4 worst,4.59
5605,East,Industrial,619.16,523.45,95.71,11042.7,115.37665865635776,Q1 (best),115.38,Q1 best,15.46
5606,South,Commercial,1843.05,1715.93,127.12,49440.99,388.9316393958464,Q3,388.93,Q3,6.9
5607,Central,Residential,977.26,895.94,81.32,99048.69,1218.0114363010332,Q4 (worst),1218.01,Q4 worst,8.32
5608,East,Residential,1954.42,1644.86,309.56,62447.22,201.72897015118232,Q2,201.73,Q2,15.84
5609,South,Residential,1330.38,1126.16,204.22,23579.55,115.46151209479973,Q1 (best),115.46,Q1 best,15.35
5610,Central,Industrial,666.04,594.91,71.13,75265.04,1058.1335582735835,Q4 (worst),1058.13,Q4 worst,10.68
5611,East,Residential,2469.48,2203.65,265.83,56294.5,211.76879960877253,Q2,211.77,Q2,10.76
5612,East,Commercial,930.11,866.59,63.52,64378.32,1013.5125944584382,Q4 (worst),1013.51,Q4 worst,6.83
5613,East,Residential,1956.78,1617.88,338.9,73118.14,215.75137208616113,Q2,215.75,Q2,17.32
5614,North,Residential,1494.97,1349.84,145.13,67176.86,462.8736994418797,Q3,462.87,Q3,9.71
5615,West,Industrial,1737.47,1508.22,229.25,37660.45,164.27677208287895,Q1 (best),164.28,Q1 best,13.19
5616,North,Industrial,1584.18,1451.16,133.02,75932.02,570.8316042700345,Q3,570.83,Q3,8.4
5617,South,Residential,925.13,890.23,34.9,51398.35,1472.7320916905444,Q4 (worst),1472.73,Q4 worst,3.77
5618,West,Industrial,1356.44,1195.97,160.47,93960.22,585.5313765812924,Q3,585.53,Q3,11.83
5619,East,Commercial,753.02,707.38,45.64,31418.08,688.3891323400526,Q4 (worst),688.39,Q4 worst,6.06
5620,East,Commercial,2476.9,1992.44,484.46,34197.04,70.58795359782026,Q1 (best),70.59,Q1 best,19.56
5621,East,Commercial,1482.03,1194.26,287.77,11483.96,39.9067310699517,Q1 (best),39.91,Q1 best,19.42
5622,South,Industrial,2025.21,1757.48,267.73,76246.57,284.7890411982221,Q2,284.79,Q2,13.22
5623,South,Commercial,2348.33,2049.31,299.02,91850.52,307.1718279713732,Q2,307.17,Q2,12.73
5624,Central,Residential,1536.91,1250.69,286.22,22849.52,79.83201732932709,Q1 (best),79.83,Q1 best,18.62
5625,West,Residential,621.41,551.62,69.79,73426.44,1052.1054592348473,Q4 (worst),1052.11,Q4 worst,11.23
5626,South,Residential,1734.31,1476.33,257.98,86796.91,336.4482130397705,Q3,336.45,Q3,14.88
5627,South,Residential,607.37,568.78,38.59,90238.43,2338.3889608706913,Q4 (worst),2338.39,Q4 worst,6.35
5628,Central,Residential,1530.08,1474.08,56.0,6283.86,112.21178571428571,Q1 (best),112.21,Q1 best,3.66
5629,South,Commercial,1996.6,1812.99,183.61,21083.7,114.8287130330592,Q1 (best),114.83,Q1 best,9.2
5630,West,Commercial,693.74,622.19,71.55,57772.59,807.443605870021,Q4 (worst),807.44,Q4 worst,10.31
5631,Central,Residential,1763.18,1667.6,95.58,34117.01,356.9471646788031,Q3,356.95,Q3,5.42
5632,South,Residential,1013.72,865.5,148.22,51919.22,350.2848468492781,Q3,350.28,Q3,14.62
5633,West,Industrial,588.08,574.85,13.23,80178.78,6060.37641723356,Q4 (worst),6060.38,Q4 worst,2.25
5634,East,Residential,2432.56,2184.37,248.19,28851.65,116.24823723760024,Q1 (best),116.25,Q1 best,10.2
5635,South,Commercial,1830.71,1618.66,212.05,81338.26,383.5805706201367,Q3,383.58,Q3,11.58
5636,East,Commercial,2222.17,2011.86,210.31,91286.81,434.0583424468641,Q3,434.06,Q3,9.46
5637,North,Industrial,1611.38,1356.37,255.01,22934.1,89.9341202305792,Q1 (best),89.93,Q1 best,15.83
5638,North,Industrial,2321.5,2020.75,300.75,70091.57,233.05592684954283,Q2,233.06,Q2,12.95
5639,Central,Residential,1016.87,977.76,39.11,35176.43,899.4229097417541,Q4 (worst),899.42,Q4 worst,3.85
5640,North,Residential,2183.22,1841.13,342.09,78250.21,228.74158847087028,Q2,228.74,Q2,15.67
5641,South,Industrial,1070.96,998.45,72.51,32444.62,447.45028271962485,Q3,447.45,Q3,6.77
5642,East,Industrial,832.0,768.97,63.03,92077.72,1460.8554656512772,Q4 (worst),1460.86,Q4 worst,7.58
5643,West,Commercial,757.97,733.21,24.76,49379.12,1994.3101777059774,Q4 (worst),1994.31,Q4 worst,3.27
5644,North,Commercial,1261.47,1136.6,124.87,16668.7,133.4884279650837,Q1 (best),133.49,Q1 best,9.9
5645,Central,Industrial,591.06,529.85,61.21,50492.2,824.901159941186,Q4 (worst),824.9,Q4 worst,10.36
5646,South,Industrial,2266.0,2173.95,92.05,38215.12,415.1561108093428,Q3,415.16,Q3,4.06
5647,South,Commercial,2172.53,1764.7,407.83,85546.13,209.75928695780107,Q2,209.76,Q2,18.77
5648,Central,Commercial,1784.89,1709.23,75.66,51548.01,681.3112609040445,Q4 (worst),681.31,Q4 worst,4.24
5649,East,Residential,812.81,782.05,30.76,42672.98,1387.2880364109233,Q4 (worst),1387.29,Q4 worst,3.78
5650,South,Residential,2413.16,1961.84,451.32,99697.71,220.90248604094657,Q2,220.9,Q2,18.7
5651,East,Residential,1551.26,1483.68,67.58,44185.55,653.8258360461675,Q4 (worst),653.83,Q4 worst,4.36
5652,East,Commercial,2283.11,2187.93,95.18,70576.21,741.5025215381382,Q4 (worst),741.5,Q4 worst,4.17
5653,North,Residential,1858.57,1714.49,144.08,92164.94,639.678928373126,Q3,639.68,Q3,7.75
5654,South,Commercial,1698.78,1647.78,51.0,84509.7,1657.0529411764705,Q4 (worst),1657.05,Q4 worst,3.0
5655,Central,Industrial,2180.31,1807.59,372.72,78225.81,209.8782195750161,Q2,209.88,Q2,17.09
5656,North,Industrial,1725.12,1622.09,103.03,97824.73,949.478113170921,Q4 (worst),949.48,Q4 worst,5.97
5657,North,Commercial,1056.12,977.57,78.55,26696.64,339.86810948440484,Q3,339.87,Q3,7.44
5658,Central,Industrial,916.01,829.38,86.63,35600.61,410.95013274847054,Q3,410.95,Q3,9.46
5659,East,Industrial,948.27,923.5,24.77,58946.38,2379.748889786031,Q4 (worst),2379.75,Q4 worst,2.61
5660,West,Residential,2093.36,1808.93,284.43,15832.21,55.66293991491755,Q1 (best),55.66,Q1 best,13.59
5661,East,Industrial,1277.92,1084.89,193.03,60111.99,311.4126819665337,Q2,311.41,Q2,15.11
5662,East,Residential,2173.4,2114.58,58.82,40409.07,686.9954097245835,Q4 (worst),687.0,Q4 worst,2.71
5663,East,Residential,2319.92,2060.77,259.15,24155.13,93.2090681072738,Q1 (best),93.21,Q1 best,11.17
5664,North,Commercial,714.9,580.56,134.34,16527.52,123.02754205746614,Q1 (best),123.03,Q1 best,18.79
5665,West,Residential,2405.1,2036.83,368.27,8900.36,24.16802889184566,Q1 (best),24.17,Q1 best,15.31
5666,North,Industrial,698.38,608.51,89.87,77580.86,863.2564815845109,Q4 (worst),863.26,Q4 worst,12.87
5667,Central,Commercial,813.9,708.56,105.34,52720.18,500.47636225555345,Q3,500.48,Q3,12.94
5668,South,Commercial,2317.89,1947.44,370.45,5075.59,13.701147253340533,Q1 (best),13.7,Q1 best,15.98
5669,West,Residential,2424.49,1968.22,456.27,75558.67,165.60078462313982,Q1 (best),165.6,Q1 best,18.82
5670,South,Industrial,1260.73,1157.86,102.87,36757.32,357.31816856226305,Q3,357.32,Q3,8.16
5671,North,Industrial,2359.04,2080.56,278.48,66118.01,237.4246265440965,Q2,237.42,Q2,11.8
5672,East,Residential,2060.95,2019.68,41.27,69965.18,1695.303610370729,Q4 (worst),1695.3,Q4 worst,2.0
5673,Central,Industrial,1355.03,1292.85,62.18,21542.76,346.45802508845287,Q3,346.46,Q3,4.59
5674,North,Residential,756.55,641.65,114.9,63943.1,556.5108790252393,Q3,556.51,Q3,15.19
5675,South,Industrial,1306.17,1237.18,68.99,47235.96,684.6783591824902,Q4 (worst),684.68,Q4 worst,5.28
5676,East,Commercial,1753.56,1454.16,299.4,79369.33,265.0946225784903,Q2,265.09,Q2,17.07
5677,Central,Commercial,1647.81,1365.54,282.27,82883.26,293.6311333120771,Q2,293.63,Q2,17.13
5678,North,Industrial,1334.22,1294.62,39.6,94417.74,2384.2863636363636,Q4 (worst),2384.29,Q4 worst,2.97
5679,East,Industrial,1862.82,1747.26,115.56,57374.36,496.4897888542748,Q3,496.49,Q3,6.2
5680,Central,Industrial,1243.8,1162.84,80.96,7238.76,89.41156126482214,Q1 (best),89.41,Q1 best,6.51
5681,North,Residential,2285.67,1921.64,364.03,71693.99,196.9452792352279,Q2,196.95,Q2,15.93
5682,West,Industrial,1022.39,874.71,147.68,94036.14,636.7560942578548,Q3,636.76,Q3,14.44
5683,West,Commercial,1718.43,1555.29,163.14,82438.91,505.32616157901197,Q3,505.33,Q3,9.49
5684,West,Residential,1850.33,1751.99,98.34,70993.08,721.9145820622331,Q4 (worst),721.91,Q4 worst,5.31
5685,South,Industrial,1433.5,1335.16,98.34,45880.92,466.5539963392312,Q3,466.55,Q3,6.86
5686,Central,Residential,620.24,563.49,56.75,67950.69,1197.368986784141,Q4 (worst),1197.37,Q4 worst,9.15
5687,East,Residential,1479.6,1343.63,135.97,92296.79,678.8026035154813,Q4 (worst),678.8,Q4 worst,9.19
5688,East,Commercial,829.74,796.98,32.76,72052.57,2199.406898656899,Q4 (worst),2199.41,Q4 worst,3.95
5689,East,Commercial,1096.55,1040.82,55.73,49912.36,895.6102637717568,Q4 (worst),895.61,Q4 worst,5.08
5690,West,Residential,1598.03,1338.82,259.21,78165.1,301.5512518807145,Q2,301.55,Q2,16.22
5691,Central,Residential,1902.38,1539.74,362.64,66284.24,182.78248400617696,Q2,182.78,Q2,19.06
5692,South,Industrial,1064.15,945.58,118.57,8936.37,75.36788395040905,Q1 (best),75.37,Q1 best,11.14
5693,North,Residential,1780.85,1722.72,58.13,84251.3,1449.360055049028,Q4 (worst),1449.36,Q4 worst,3.26
5694,East,Residential,1608.27,1490.33,117.94,78013.74,661.4697303713754,Q4 (worst),661.47,Q4 worst,7.33
5695,West,Residential,1137.04,1076.76,60.28,10193.8,169.10749834107497,Q1 (best),169.11,Q1 best,5.3
5696,North,Industrial,1210.34,1072.79,137.55,60872.28,442.54656488549614,Q3,442.55,Q3,11.36
5697,East,Residential,674.64,563.93,110.71,20184.71,182.32056724776444,Q2,182.32,Q2,16.41
5698,North,Commercial,905.93,744.13,161.8,33487.87,206.97076637824475,Q2,206.97,Q2,17.86
5699,South,Residential,1155.52,960.08,195.44,39082.56,199.97216537044616,Q2,199.97,Q2,16.91
5700,South,Commercial,2407.66,2105.0,302.66,56703.14,187.34930284808033,Q2,187.35,Q2,12.57
5701,Central,Industrial,2134.85,1979.2,155.65,96040.55,617.0289110183103,Q3,617.03,Q3,7.29
5702,North,Industrial,2198.52,2065.45,133.07,89810.66,674.9129029833923,Q4 (worst),674.91,Q4 worst,6.05
5703,South,Commercial,1614.06,1560.04,54.02,63625.6,1177.815623843021,Q4 (worst),1177.82,Q4 worst,3.35
5704,East,Residential,988.06,945.96,42.1,52168.41,1239.1546318289786,Q4 (worst),1239.15,Q4 worst,4.26
5705,North,Industrial,1198.31,1135.86,62.45,49688.56,795.6534827862289,Q4 (worst),795.65,Q4 worst,5.21
5706,East,Commercial,2304.13,1918.36,385.77,53075.44,137.58311947533505,Q1 (best),137.58,Q1 best,16.74
5707,East,Industrial,1988.49,1736.97,251.52,25390.76,100.94926844783714,Q1 (best),100.95,Q1 best,12.65
5708,South,Industrial,1937.39,1676.17,261.22,46840.08,179.3127631881173,Q2,179.31,Q2,13.48
5709,East,Industrial,1588.19,1345.71,242.48,8719.14,35.95818211811283,Q1 (best),35.96,Q1 best,15.27
5710,South,Residential,2099.53,1773.34,326.19,90829.19,278.4548575983323,Q2,278.45,Q2,15.54
5711,East,Commercial,2194.59,1900.3,294.29,12466.39,42.36090251112847,Q1 (best),42.36,Q1 best,13.41
5712,South,Residential,1955.82,1706.46,249.36,44528.34,178.57050048123193,Q2,178.57,Q2,12.75
5713,South,Commercial,2239.17,1943.98,295.19,88681.15,300.4205765777973,Q2,300.42,Q2,13.18
5714,East,Residential,1582.56,1396.83,185.73,84964.41,457.4619609109999,Q3,457.46,Q3,11.74
5715,South,Industrial,862.85,699.41,163.44,43582.2,266.6556534508076,Q2,266.66,Q2,18.94
5716,South,Residential,1465.12,1205.1,260.02,55371.7,212.95169602338282,Q2,212.95,Q2,17.75
5717,East,Industrial,1249.56,1120.95,128.61,34641.11,269.3500505403934,Q2,269.35,Q2,10.29
5718,Central,Commercial,1911.22,1798.98,112.24,73243.05,652.5574661439772,Q4 (worst),652.56,Q4 worst,5.87
5719,South,Industrial,1077.59,901.75,175.84,99894.16,568.096906278435,Q3,568.1,Q3,16.32
5720,East,Industrial,1981.86,1795.15,186.71,44492.28,238.29618124363986,Q2,238.3,Q2,9.42
5721,Central,Commercial,769.56,747.85,21.71,17719.52,816.1916167664671,Q4 (worst),816.19,Q4 worst,2.82
5722,West,Industrial,807.41,783.06,24.35,90265.71,3707.01067761807,Q4 (worst),3707.01,Q4 worst,3.02
5723,South,Industrial,1552.6,1472.45,80.15,80248.66,1001.2309419837804,Q4 (worst),1001.23,Q4 worst,5.16
5724,North,Industrial,722.1,670.51,51.59,16723.46,324.16088389222716,Q2,324.16,Q2,7.14
5725,West,Residential,666.44,597.12,69.32,25908.84,373.7570686670514,Q3,373.76,Q3,10.4
5726,South,Commercial,1484.98,1333.18,151.8,7182.71,47.316930171277995,Q1 (best),47.32,Q1 best,10.22
5727,West,Industrial,2465.38,2130.42,334.96,95438.52,284.9251253881061,Q2,284.93,Q2,13.59
5728,East,Commercial,1909.12,1685.12,224.0,50931.93,227.3746875,Q2,227.37,Q2,11.73
5729,West,Residential,2384.76,2107.32,277.44,46852.69,168.8750360438293,Q1 (best),168.88,Q1 best,11.63
5730,North,Commercial,2055.0,1746.72,308.28,16302.82,52.88315816789932,Q1 (best),52.88,Q1 best,15.0
5731,Central,Industrial,2383.56,1924.27,459.29,12983.43,28.268479609832568,Q1 (best),28.27,Q1 best,19.27
5732,East,Residential,2223.33,2063.93,159.4,37757.51,236.87271016311166,Q2,236.87,Q2,7.17
5733,North,Commercial,1955.11,1749.42,205.69,72630.02,353.10428314453793,Q3,353.1,Q3,10.52
5734,West,Residential,1235.29,1136.6,98.69,67297.17,681.9046509271456,Q4 (worst),681.9,Q4 worst,7.99
5735,East,Commercial,1798.47,1603.76,194.71,24732.8,127.02377895331517,Q1 (best),127.02,Q1 best,10.83
5736,South,Commercial,2353.05,1952.45,400.6,60362.27,150.6796555167249,Q1 (best),150.68,Q1 best,17.02
5737,South,Commercial,2006.74,1768.26,238.48,29924.77,125.48125628983563,Q1 (best),125.48,Q1 best,11.88
5738,Central,Commercial,1828.21,1592.67,235.54,61799.96,262.37564744841643,Q2,262.38,Q2,12.88
5739,Central,Commercial,1629.13,1505.75,123.38,7915.07,64.15196952504458,Q1 (best),64.15,Q1 best,7.57
5740,North,Industrial,1900.08,1565.45,334.63,74471.78,222.54962197053462,Q2,222.55,Q2,17.61
5741,West,Residential,802.06,700.78,101.28,87107.61,860.0672393364929,Q4 (worst),860.07,Q4 worst,12.63
5742,East,Residential,1851.35,1676.61,174.74,42687.28,244.29025981458165,Q2,244.29,Q2,9.44
5743,East,Residential,571.27,492.67,78.6,49811.34,633.7320610687023,Q3,633.73,Q3,13.76
5744,South,Commercial,1546.11,1449.04,97.07,76687.02,790.0177191717319,Q4 (worst),790.02,Q4 worst,6.28
5745,West,Industrial,1220.21,1153.98,66.23,56884.38,858.8914389249584,Q4 (worst),858.89,Q4 worst,5.43
5746,North,Commercial,1598.65,1448.6,150.05,93299.74,621.7910029990003,Q3,621.79,Q3,9.39
5747,East,Commercial,2024.75,1700.54,324.21,46976.58,144.8955306745628,Q1 (best),144.9,Q1 best,16.01
5748,South,Commercial,1064.53,969.71,94.82,53211.64,561.1858257751529,Q3,561.19,Q3,8.91
5749,North,Industrial,2491.64,2107.89,383.75,41631.89,108.48700977198698,Q1 (best),108.49,Q1 best,15.4
5750,East,Commercial,553.92,511.51,42.41,8942.07,210.8481490214572,Q2,210.85,Q2,7.66
5751,North,Industrial,1721.96,1557.9,164.06,13333.93,81.27471656710959,Q1 (best),81.27,Q1 best,9.53
5752,West,Commercial,1801.43,1668.82,132.61,74019.66,558.1755523716159,Q3,558.18,Q3,7.36
5753,West,Industrial,1296.99,1189.43,107.56,13606.07,126.49748977314987,Q1 (best),126.5,Q1 best,8.29
5754,North,Industrial,1241.42,1008.26,233.16,27229.2,116.78332475553269,Q1 (best),116.78,Q1 best,18.78
5755,West,Industrial,1114.6,1013.92,100.68,22424.26,222.728049264998,Q2,222.73,Q2,9.03
5756,East,Industrial,1640.93,1438.21,202.72,59809.17,295.0333958168903,Q2,295.03,Q2,12.35
5757,North,Commercial,1595.66,1477.01,118.65,24422.81,205.83910661609778,Q2,205.84,Q2,7.44
5758,Central,Industrial,828.89,667.95,160.94,19940.36,123.89934136945446,Q1 (best),123.9,Q1 best,19.42
5759,Central,Industrial,2244.46,2047.23,197.23,26318.23,133.4392840845713,Q1 (best),133.44,Q1 best,8.79
5760,Central,Commercial,2375.14,2303.36,71.78,91150.67,1269.8616606297019,Q4 (worst),1269.86,Q4 worst,3.02
5761,Central,Industrial,1670.68,1616.68,54.0,32317.49,598.472037037037,Q3,598.47,Q3,3.23
5762,East,Commercial,2474.73,2124.21,350.52,38633.1,110.21653543307087,Q1 (best),110.22,Q1 best,14.16
5763,North,Industrial,1886.64,1612.63,274.01,88580.69,323.27539140907265,Q2,323.28,Q2,14.52
5764,Central,Industrial,2039.94,1930.79,109.15,59774.95,547.6404031149793,Q3,547.64,Q3,5.35
5765,West,Residential,1567.27,1279.75,287.52,71121.83,247.36307039510297,Q2,247.36,Q2,18.35
5766,North,Residential,1226.11,1119.32,106.79,34083.51,319.1638730218185,Q2,319.16,Q2,8.71
5767,West,Industrial,2280.36,2142.44,137.92,52343.51,379.52080916473324,Q3,379.52,Q3,6.05
5768,South,Commercial,1157.96,1034.34,123.62,38524.57,311.6370328425821,Q2,311.64,Q2,10.68
5769,East,Commercial,1678.42,1517.4,161.02,70017.93,434.83995776922114,Q3,434.84,Q3,9.59
5770,East,Industrial,1421.22,1151.2,270.02,84347.89,312.37645359602993,Q2,312.38,Q2,19.0
5771,East,Commercial,1531.32,1242.7,288.62,70160.73,243.09032638070818,Q2,243.09,Q2,18.85
5772,South,Commercial,1595.56,1533.5,62.06,84013.18,1353.7412181759587,Q4 (worst),1353.74,Q4 worst,3.89
5773,Central,Commercial,1389.66,1256.55,133.11,52402.08,393.67500563443764,Q3,393.68,Q3,9.58
5774,South,Industrial,1703.18,1556.0,147.18,40790.19,277.1449245821443,Q2,277.14,Q2,8.64
5775,East,Residential,1578.28,1308.54,269.74,53181.26,197.15748498554163,Q2,197.16,Q2,17.09
5776,North,Residential,2232.16,2135.62,96.54,70074.71,725.861922519163,Q4 (worst),725.86,Q4 worst,4.32
5777,South,Industrial,1505.33,1468.46,36.87,18804.2,510.0135611608354,Q3,510.01,Q3,2.45
5778,North,Commercial,1679.99,1477.86,202.13,75271.88,372.39341018156637,Q3,372.39,Q3,12.03
5779,North,Commercial,1162.03,1033.88,128.15,51513.78,401.980335544284,Q3,401.98,Q3,11.03
5780,North,Commercial,1451.78,1204.22,247.56,16932.35,68.39695427371142,Q1 (best),68.4,Q1 best,17.05
5781,South,Commercial,1290.14,1193.26,96.88,68789.38,710.047274979356,Q4 (worst),710.05,Q4 worst,7.51
5782,Central,Residential,2353.76,2062.76,291.0,92752.3,318.7364261168385,Q2,318.74,Q2,12.36
5783,South,Industrial,1930.92,1819.37,111.55,39711.98,356.00161362617666,Q3,356.0,Q3,5.78
5784,West,Commercial,966.07,913.14,52.93,68899.22,1301.704515397695,Q4 (worst),1301.7,Q4 worst,5.48
5785,North,Industrial,582.11,486.91,95.2,47067.45,494.40598739495795,Q3,494.41,Q3,16.35
5786,North,Commercial,818.91,675.03,143.88,86426.62,600.6854323046983,Q3,600.69,Q3,17.57
5787,East,Industrial,2386.03,2253.43,132.6,15258.29,115.07006033182505,Q1 (best),115.07,Q1 best,5.56
5788,East,Commercial,2060.31,1906.96,153.35,83752.75,546.154222367134,Q3,546.15,Q3,7.44
5789,South,Industrial,1548.59,1245.97,302.62,34765.32,114.88110501619192,Q1 (best),114.88,Q1 best,19.54
5790,Central,Residential,2320.09,1969.64,350.45,15601.79,44.51930375231845,Q1 (best),44.52,Q1 best,15.11
5791,West,Commercial,2010.7,1823.79,186.91,38321.74,205.0277673746723,Q2,205.03,Q2,9.3
5792,Central,Commercial,595.87,579.66,16.21,63460.11,3914.874151758174,Q4 (worst),3914.87,Q4 worst,2.72
5793,Central,Commercial,1301.4,1128.21,173.19,17008.6,98.20774871528378,Q1 (best),98.21,Q1 best,13.31
5794,Central,Residential,793.06,656.16,136.9,22066.4,161.1862673484295,Q1 (best),161.19,Q1 best,17.26
5795,North,Industrial,606.14,589.43,16.71,29093.67,1741.0933572710949,Q4 (worst),1741.09,Q4 worst,2.76
5796,West,Commercial,2362.15,1936.67,425.48,29706.41,69.81858136692676,Q1 (best),69.82,Q1 best,18.01
5797,Central,Residential,989.26,881.3,107.96,71632.57,663.5102815857726,Q4 (worst),663.51,Q4 worst,10.91
5798,East,Residential,711.53,638.44,73.09,16000.49,218.91489943904773,Q2,218.91,Q2,10.27
5799,Central,Residential,1658.37,1327.18,331.19,39757.87,120.04550258159969,Q1 (best),120.05,Q1 best,19.97
5800,Central,Residential,1553.32,1316.08,237.24,11873.29,50.04758893947058,Q1 (best),50.05,Q1 best,15.27
5801,South,Industrial,500.31,479.92,20.39,50724.8,2487.729279058362,Q4 (worst),2487.73,Q4 worst,4.08
5802,North,Commercial,981.46,861.21,120.25,68766.12,571.8596257796257,Q3,571.86,Q3,12.25
5803,North,Industrial,2482.46,2189.0,293.46,53777.94,183.25475362911473,Q2,183.25,Q2,11.82
5804,Central,Industrial,1938.18,1875.31,62.87,43335.52,689.2877365993319,Q4 (worst),689.29,Q4 worst,3.24
5805,East,Residential,2463.38,2288.8,174.58,27615.87,158.18461450337952,Q1 (best),158.18,Q1 best,7.09
5806,Central,Residential,1519.99,1478.21,41.78,37655.68,901.2848252752513,Q4 (worst),901.28,Q4 worst,2.75
5807,South,Industrial,1449.04,1340.46,108.58,17852.52,164.41812488487753,Q1 (best),164.42,Q1 best,7.49
5808,East,Commercial,1246.75,1152.55,94.2,41727.88,442.97112526539274,Q3,442.97,Q3,7.56
5809,Central,Industrial,1231.29,1193.7,37.59,38357.51,1020.4179303006118,Q4 (worst),1020.42,Q4 worst,3.05
5810,East,Commercial,1469.19,1298.67,170.52,73758.12,432.54820548909214,Q3,432.55,Q3,11.61
5811,Central,Industrial,2409.91,2310.84,99.07,97954.34,988.7386696275361,Q4 (worst),988.74,Q4 worst,4.11
5812,Central,Residential,1994.81,1617.72,377.09,94098.07,249.53743138242862,Q2,249.54,Q2,18.9
5813,South,Residential,500.54,482.27,18.27,32278.33,1766.7394636015326,Q4 (worst),1766.74,Q4 worst,3.65
5814,Central,Industrial,2172.37,1804.06,368.31,90686.41,246.22304580380657,Q2,246.22,Q2,16.95
5815,North,Industrial,2170.74,2019.04,151.7,22608.36,149.03335530652606,Q1 (best),149.03,Q1 best,6.99
5816,South,Commercial,1852.74,1694.33,158.41,24941.2,157.4471308629506,Q1 (best),157.45,Q1 best,8.55
5817,East,Commercial,902.82,802.9,99.92,5171.48,51.75620496397117,Q1 (best),51.76,Q1 best,11.07
5818,North,Industrial,974.55,841.79,132.76,30689.49,231.16518529677617,Q2,231.17,Q2,13.62
5819,South,Commercial,1210.99,1046.55,164.44,6274.16,38.15470688396984,Q1 (best),38.15,Q1 best,13.58
5820,North,Residential,1185.37,1017.08,168.29,64268.66,381.892328718284,Q3,381.89,Q3,14.2
5821,Central,Residential,549.43,446.57,102.86,62531.71,607.9302936029554,Q3,607.93,Q3,18.72
5822,South,Commercial,515.49,415.13,100.36,76418.38,761.4426066161818,Q4 (worst),761.44,Q4 worst,19.47
5823,North,Commercial,1020.13,982.64,37.49,39422.3,1051.5417444651907,Q4 (worst),1051.54,Q4 worst,3.68
5824,North,Industrial,2305.42,1846.08,459.34,6423.97,13.98521792136544,Q1 (best),13.99,Q1 best,19.92
5825,South,Commercial,596.12,574.64,21.48,39537.84,1840.6815642458098,Q4 (worst),1840.68,Q4 worst,3.6
5826,Central,Industrial,1328.48,1203.48,125.0,61832.75,494.662,Q3,494.66,Q3,9.41
5827,West,Commercial,1627.21,1513.44,113.77,44087.23,387.51190999384727,Q3,387.51,Q3,6.99
5828,Central,Industrial,2279.89,2120.45,159.44,54430.51,341.38553687907677,Q3,341.39,Q3,6.99
5829,Central,Commercial,751.84,699.49,52.35,91683.46,1751.3554918815664,Q4 (worst),1751.36,Q4 worst,6.96
5830,South,Industrial,1681.42,1630.57,50.85,5373.45,105.67256637168141,Q1 (best),105.67,Q1 best,3.02
5831,Central,Commercial,2259.4,2047.36,212.04,51690.2,243.77570269760423,Q2,243.78,Q2,9.38
5832,South,Commercial,1879.89,1818.11,61.78,59615.17,964.9590482356749,Q4 (worst),964.96,Q4 worst,3.29
5833,Central,Industrial,685.34,586.43,98.91,41461.33,419.1823880295218,Q3,419.18,Q3,14.43
5834,Central,Commercial,2493.66,2293.74,199.92,96921.08,484.7993197278912,Q3,484.8,Q3,8.02
5835,East,Industrial,1607.36,1429.8,177.56,31340.49,176.50647668393782,Q2,176.51,Q2,11.05
5836,East,Commercial,1672.27,1521.33,150.94,24316.27,161.09891347555322,Q1 (best),161.1,Q1 best,9.03
5837,Central,Commercial,2037.34,1910.5,126.84,19411.11,153.03618732261117,Q1 (best),153.04,Q1 best,6.23
5838,East,Commercial,1951.47,1644.69,306.78,51381.51,167.48650498728733,Q1 (best),167.49,Q1 best,15.72
5839,North,Commercial,953.87,927.63,26.24,7655.92,291.76524390243907,Q2,291.77,Q2,2.75
5840,South,Residential,2194.65,1864.13,330.52,23592.75,71.3807031344548,Q1 (best),71.38,Q1 best,15.06
5841,West,Residential,715.85,631.4,84.45,66076.44,782.4326820603908,Q4 (worst),782.43,Q4 worst,11.8
5842,North,Commercial,1631.31,1440.52,190.79,51965.27,272.36893967189053,Q2,272.37,Q2,11.7
5843,North,Residential,1551.72,1417.13,134.59,66351.46,492.9895237387622,Q3,492.99,Q3,8.67
5844,West,Commercial,1197.03,1149.63,47.4,72440.0,1528.2700421940929,Q4 (worst),1528.27,Q4 worst,3.96
5845,South,Commercial,924.97,879.34,45.63,64042.57,1403.518956826649,Q4 (worst),1403.52,Q4 worst,4.93
5846,West,Residential,1887.16,1627.86,259.3,99620.71,384.19093713844967,Q3,384.19,Q3,13.74
5847,Central,Residential,1630.34,1580.33,50.01,80895.13,1617.5790841831636,Q4 (worst),1617.58,Q4 worst,3.07
5848,South,Commercial,2207.85,1839.51,368.34,5948.1,16.148395504153772,Q1 (best),16.15,Q1 best,16.68
5849,East,Residential,1923.97,1788.07,135.9,92971.25,684.1151582045621,Q4 (worst),684.12,Q4 worst,7.06
5850,Central,Residential,1737.67,1456.3,281.37,13076.53,46.47449976898746,Q1 (best),46.47,Q1 best,16.19
5851,East,Commercial,2313.32,2023.45,289.87,38266.82,132.0137302928899,Q1 (best),132.01,Q1 best,12.53
5852,Central,Industrial,573.23,494.82,78.41,32893.64,419.5082259915827,Q3,419.51,Q3,13.68
5853,East,Industrial,1405.05,1336.2,68.85,17175.79,249.4668119099492,Q2,249.47,Q2,4.9
5854,Central,Industrial,1831.07,1697.85,133.22,32070.89,240.73630085572736,Q2,240.74,Q2,7.28
5855,Central,Industrial,794.28,741.02,53.26,91359.48,1715.3488546751782,Q4 (worst),1715.35,Q4 worst,6.71
5856,South,Industrial,801.22,652.05,149.17,27510.76,184.425554736207,Q2,184.43,Q2,18.62
5857,South,Residential,1360.19,1111.74,248.45,86576.49,348.466452002415,Q3,348.47,Q3,18.27
5858,West,Commercial,1513.54,1448.12,65.42,73815.06,1128.3255885050442,Q4 (worst),1128.33,Q4 worst,4.32
5859,North,Residential,1065.17,1036.18,28.99,29331.59,1011.7830286305623,Q4 (worst),1011.78,Q4 worst,2.72
5860,North,Commercial,1498.56,1241.79,256.77,43840.49,170.73836507380145,Q1 (best),170.74,Q1 best,17.13
5861,Central,Commercial,1491.57,1441.03,50.54,93342.11,1846.895726157499,Q4 (worst),1846.9,Q4 worst,3.39
5862,East,Commercial,1978.6,1782.18,196.42,53108.95,270.3846349658894,Q2,270.38,Q2,9.93
5863,Central,Commercial,2018.34,1646.17,372.17,59228.39,159.14337533922668,Q1 (best),159.14,Q1 best,18.44
5864,Central,Industrial,2421.48,1994.57,426.91,10957.09,25.666042022908808,Q1 (best),25.67,Q1 best,17.63
5865,South,Industrial,884.97,715.99,168.98,6632.15,39.248135874067934,Q1 (best),39.25,Q1 best,19.09
5866,Central,Residential,2089.94,1940.57,149.37,48673.64,325.8595434156792,Q2,325.86,Q2,7.15
5867,East,Commercial,926.87,856.03,70.84,19779.53,279.214144551101,Q2,279.21,Q2,7.64
5868,South,Commercial,2254.45,1865.79,388.66,6420.37,16.5192456131323,Q1 (best),16.52,Q1 best,17.24
5869,North,Industrial,521.03,490.45,30.58,96776.41,3164.696206671027,Q4 (worst),3164.7,Q4 worst,5.87
5870,Central,Commercial,1932.85,1699.13,233.72,21794.43,93.25017114495978,Q1 (best),93.25,Q1 best,12.09
5871,Central,Commercial,2228.96,2043.7,185.26,12384.36,66.84853719097485,Q1 (best),66.85,Q1 best,8.31
5872,Central,Industrial,2489.46,2389.15,100.31,17220.46,171.67241551191304,Q1 (best),171.67,Q1 best,4.03
5873,East,Residential,1134.94,932.16,202.78,82443.93,406.5683499358911,Q3,406.57,Q3,17.87
5874,Central,Commercial,1825.7,1734.53,91.17,29002.95,318.1194471865745,Q2,318.12,Q2,4.99
5875,North,Industrial,1585.19,1311.89,273.3,65554.8,239.86388583973655,Q2,239.86,Q2,17.24
5876,South,Commercial,1173.44,973.09,200.35,38484.99,192.08879460943348,Q2,192.09,Q2,17.07
5877,South,Residential,1432.84,1182.58,250.26,40091.87,160.2008710940622,Q1 (best),160.2,Q1 best,17.47
5878,East,Residential,1862.57,1512.87,349.7,77774.19,222.4026022304833,Q2,222.4,Q2,18.78
5879,West,Commercial,1753.31,1520.52,232.79,74441.1,319.777911422312,Q2,319.78,Q2,13.28
5880,South,Industrial,2192.94,1792.7,400.24,36485.75,91.1596791924845,Q1 (best),91.16,Q1 best,18.25
5881,Central,Residential,2477.8,2029.33,448.47,56399.19,125.75911432202822,Q1 (best),125.76,Q1 best,18.1
5882,North,Industrial,2154.39,1979.06,175.33,5171.47,29.49563679917869,Q1 (best),29.5,Q1 best,8.14
5883,North,Commercial,1936.46,1700.06,236.4,89169.49,377.19750423011845,Q3,377.2,Q3,12.21
5884,North,Commercial,1961.05,1683.13,277.92,77957.36,280.5028785261946,Q2,280.5,Q2,14.17
5885,East,Residential,2389.46,2286.24,103.22,85893.21,832.1372795969774,Q4 (worst),832.14,Q4 worst,4.32
5886,Central,Industrial,791.65,701.67,89.98,10539.62,117.13291842631696,Q1 (best),117.13,Q1 best,11.37
5887,North,Residential,1469.67,1255.52,214.15,33889.19,158.24977819285547,Q1 (best),158.25,Q1 best,14.57
5888,South,Residential,1876.64,1649.06,227.58,98614.86,433.3195359873451,Q3,433.32,Q3,12.13
5889,Central,Commercial,1109.01,960.32,148.69,43147.76,290.1860246149708,Q2,290.19,Q2,13.41
5890,North,Commercial,1397.35,1309.13,88.22,88201.25,999.7874631602812,Q4 (worst),999.79,Q4 worst,6.31
5891,South,Residential,1002.12,981.38,20.74,37574.69,1811.701542912247,Q4 (worst),1811.7,Q4 worst,2.07
5892,North,Commercial,1842.67,1594.32,248.35,6200.93,24.96851218039058,Q1 (best),24.97,Q1 best,13.48
5893,North,Residential,1117.51,1077.23,40.28,82752.83,2054.4396722939423,Q4 (worst),2054.44,Q4 worst,3.6
5894,South,Residential,928.86,869.36,59.5,71357.21,1199.2808403361346,Q4 (worst),1199.28,Q4 worst,6.41
5895,North,Residential,1744.69,1619.03,125.66,23584.8,187.68741047270413,Q2,187.69,Q2,7.2
5896,North,Commercial,1519.94,1361.83,158.11,31943.3,202.03212953007397,Q2,202.03,Q2,10.4
5897,West,Industrial,2461.73,2125.28,336.45,26684.38,79.31157675731907,Q1 (best),79.31,Q1 best,13.67
5898,South,Residential,1148.75,943.96,204.79,21668.04,105.80614287807023,Q1 (best),105.81,Q1 best,17.83
5899,East,Residential,807.24,700.78,106.46,13740.02,129.06274657148225,Q1 (best),129.06,Q1 best,13.19
5900,North,Commercial,819.61,669.97,149.64,86155.22,575.7499331729484,Q3,575.75,Q3,18.26
5901,Central,Residential,1861.74,1535.48,326.26,45325.86,138.92558082510882,Q1 (best),138.93,Q1 best,17.52
5902,North,Industrial,898.28,729.03,169.25,31647.8,186.9884785819793,Q2,186.99,Q2,18.84
5903,West,Industrial,1392.89,1207.6,185.29,50675.42,273.49247126126613,Q2,273.49,Q2,13.3
5904,East,Residential,1440.41,1401.41,39.0,25386.27,650.9300000000001,Q4 (worst),650.93,Q4 worst,2.71
5905,East,Industrial,1648.89,1545.08,103.81,99132.21,954.9389268856565,Q4 (worst),954.94,Q4 worst,6.3
5906,East,Commercial,2298.54,1992.39,306.15,81876.77,267.44004572921773,Q2,267.44,Q2,13.32
5907,Central,Industrial,511.58,470.4,41.18,89741.35,2179.245993200583,Q4 (worst),2179.25,Q4 worst,8.05
5908,East,Industrial,1635.07,1373.78,261.29,25943.49,99.2900225802748,Q1 (best),99.29,Q1 best,15.98
5909,West,Commercial,1227.24,1193.69,33.55,80906.1,2411.508196721312,Q4 (worst),2411.51,Q4 worst,2.73
5910,South,Residential,2249.37,1880.13,369.24,45614.9,123.5372657350233,Q1 (best),123.54,Q1 best,16.42
5911,North,Industrial,2394.17,2103.52,290.65,38871.74,133.7407190779288,Q1 (best),133.74,Q1 best,12.14
5912,West,Industrial,2435.53,2290.67,144.86,20305.16,140.1709236504211,Q1 (best),140.17,Q1 best,5.95
5913,South,Residential,1721.29,1553.95,167.34,79377.5,474.34863152862437,Q3,474.35,Q3,9.72
5914,East,Commercial,2481.39,2171.5,309.89,9572.57,30.890219110006775,Q1 (best),30.89,Q1 best,12.49
5915,North,Industrial,2091.21,1872.07,219.14,39732.39,181.3105320799489,Q2,181.31,Q2,10.48
5916,West,Industrial,744.74,672.87,71.87,24205.7,336.7983859746765,Q3,336.8,Q3,9.65
5917,East,Commercial,720.19,688.12,32.07,28680.79,894.3183660742127,Q4 (worst),894.32,Q4 worst,4.45
5918,North,Commercial,1663.0,1461.97,201.03,75006.76,373.11227180022877,Q3,373.11,Q3,12.09
5919,North,Industrial,1314.92,1140.35,174.57,28414.21,162.76685570258348,Q1 (best),162.77,Q1 best,13.28
5920,Central,Residential,1768.88,1643.4,125.48,45023.53,358.81040803315267,Q3,358.81,Q3,7.09
5921,Central,Residential,1979.09,1892.0,87.09,33303.27,382.4006200482259,Q3,382.4,Q3,4.4
5922,West,Commercial,1063.39,1012.12,51.27,26398.58,514.893309927833,Q3,514.89,Q3,4.82
5923,South,Residential,562.73,495.93,66.8,38190.6,571.7155688622754,Q3,571.72,Q3,11.87
5924,Central,Industrial,1361.0,1226.75,134.25,86854.12,646.9580633147114,Q3,646.96,Q3,9.86
5925,North,Industrial,1182.41,1017.11,165.3,25945.55,156.96037507562008,Q1 (best),156.96,Q1 best,13.98
5926,Central,Residential,1207.6,982.77,224.83,61758.07,274.6878530445225,Q2,274.69,Q2,18.62
5927,South,Residential,2154.05,1989.05,165.0,50671.74,307.10145454545454,Q2,307.1,Q2,7.66
5928,South,Residential,1045.57,855.96,189.61,85887.48,452.96914719687777,Q3,452.97,Q3,18.13
5929,South,Industrial,2343.49,2248.99,94.5,58314.73,617.08708994709,Q3,617.09,Q3,4.03
5930,West,Industrial,2100.68,1938.87,161.81,14985.66,92.61269390025338,Q1 (best),92.61,Q1 best,7.7
5931,South,Residential,965.44,886.85,78.59,63066.27,802.4719429952919,Q4 (worst),802.47,Q4 worst,8.14
5932,South,Residential,1695.97,1357.05,338.92,61045.44,180.11754986427476,Q2,180.12,Q2,19.98
5933,East,Commercial,1463.63,1312.55,151.08,59053.53,390.8758935663224,Q3,390.88,Q3,10.32
5934,East,Industrial,2426.71,2125.13,301.58,52461.19,173.95447310829633,Q2,173.95,Q2,12.43
5935,East,Residential,957.97,860.64,97.33,59985.59,616.3114147744785,Q3,616.31,Q3,10.16
5936,Central,Residential,1491.91,1284.16,207.75,81330.66,391.483321299639,Q3,391.48,Q3,13.93
5937,North,Commercial,1410.33,1274.08,136.25,24605.66,180.592,Q2,180.59,Q2,9.66
5938,West,Industrial,1598.05,1320.89,277.16,97394.1,351.4002742098427,Q3,351.4,Q3,17.34
5939,North,Commercial,1035.74,881.96,153.78,20018.14,130.17388477045128,Q1 (best),130.17,Q1 best,14.85
5940,West,Industrial,819.38,762.99,56.39,66295.33,1175.6575633977657,Q4 (worst),1175.66,Q4 worst,6.88
5941,Central,Industrial,1701.26,1644.73,56.53,6551.5,115.89421546081726,Q1 (best),115.89,Q1 best,3.32
5942,Central,Commercial,863.04,705.53,157.51,90970.29,577.552472858866,Q3,577.55,Q3,18.25
5943,South,Industrial,1258.52,1030.56,227.96,99238.18,435.3315493946306,Q3,435.33,Q3,18.11
5944,Central,Residential,1683.48,1538.57,144.91,8576.06,59.1819750189773,Q1 (best),59.18,Q1 best,8.61
5945,North,Industrial,1478.07,1199.12,278.95,49615.61,177.86560315468722,Q2,177.87,Q2,18.87
5946,North,Residential,2096.83,1848.64,248.19,16942.29,68.26338692131029,Q1 (best),68.26,Q1 best,11.84
5947,South,Commercial,526.17,458.61,67.56,54440.05,805.8029899348727,Q4 (worst),805.8,Q4 worst,12.84
5948,Central,Residential,619.15,596.33,22.82,78143.62,3424.347940403155,Q4 (worst),3424.35,Q4 worst,3.69
5949,Central,Residential,2212.04,2006.24,205.8,6492.11,31.545724003887265,Q1 (best),31.55,Q1 best,9.3
5950,Central,Commercial,1130.36,956.34,174.02,53034.85,304.76295828065736,Q2,304.76,Q2,15.4
5951,East,Industrial,687.92,581.5,106.42,87829.76,825.3125352377372,Q4 (worst),825.31,Q4 worst,15.47
5952,West,Commercial,655.87,585.87,70.0,51422.09,734.6012857142856,Q4 (worst),734.6,Q4 worst,10.67
5953,North,Industrial,1529.16,1382.58,146.58,69848.03,476.51814708691495,Q3,476.52,Q3,9.59
5954,North,Industrial,2068.17,1703.03,365.14,66581.81,182.34597688557812,Q2,182.35,Q2,17.66
5955,West,Commercial,1827.39,1731.95,95.44,86151.29,902.6748742665549,Q4 (worst),902.67,Q4 worst,5.22
5956,East,Industrial,2156.4,1961.87,194.53,45889.29,235.89826761939034,Q2,235.9,Q2,9.02
5957,South,Residential,1825.54,1531.67,293.87,50089.35,170.44730663218428,Q1 (best),170.45,Q1 best,16.1
5958,North,Commercial,507.97,486.82,21.15,53302.33,2520.204728132388,Q4 (worst),2520.2,Q4 worst,4.16
5959,South,Commercial,2318.04,1980.4,337.64,59920.47,177.46851676341666,Q2,177.47,Q2,14.57
5960,East,Industrial,2108.12,1712.81,395.31,6224.12,15.744909058713414,Q1 (best),15.74,Q1 best,18.75
5961,South,Industrial,731.61,642.99,88.62,25989.51,293.2691266079891,Q2,293.27,Q2,12.11
5962,Central,Commercial,1321.74,1104.48,217.26,44026.15,202.6426861824542,Q2,202.64,Q2,16.44
5963,South,Industrial,2198.94,2096.49,102.45,54903.23,535.9026842362128,Q3,535.9,Q3,4.66
5964,North,Commercial,764.43,663.79,100.64,77109.84,766.1947535771064,Q4 (worst),766.19,Q4 worst,13.17
5965,West,Industrial,823.56,736.52,87.04,71234.16,818.4071691176471,Q4 (worst),818.41,Q4 worst,10.57
5966,North,Residential,923.43,740.88,182.55,50881.32,278.7253903040263,Q2,278.73,Q2,19.77
5967,South,Industrial,542.55,492.73,49.82,72673.34,1458.7181854676835,Q4 (worst),1458.72,Q4 worst,9.18
5968,Central,Commercial,927.63,838.5,89.13,55911.33,627.3009087849209,Q3,627.3,Q3,9.61
5969,South,Residential,1517.26,1295.43,221.83,8070.3,36.380561691385296,Q1 (best),36.38,Q1 best,14.62
5970,East,Commercial,1533.68,1332.54,201.14,82183.01,408.5861091776872,Q3,408.59,Q3,13.11
5971,North,Industrial,1984.88,1700.23,284.65,94463.75,331.859300895837,Q3,331.86,Q3,14.34
5972,South,Residential,1483.32,1340.53,142.79,42240.17,295.8202255059878,Q2,295.82,Q2,9.63
5973,East,Industrial,1763.32,1718.49,44.83,54095.72,1206.6857015391479,Q4 (worst),1206.69,Q4 worst,2.54
5974,Central,Industrial,987.5,811.09,176.41,97169.02,550.8135593220339,Q3,550.81,Q3,17.86
5975,South,Commercial,2391.57,2223.26,168.31,44954.14,267.0913195888539,Q2,267.09,Q2,7.04
5976,East,Industrial,1246.85,1000.41,246.44,70008.4,284.07888329816586,Q2,284.08,Q2,19.77
5977,East,Residential,1570.73,1439.69,131.04,75456.42,575.827380952381,Q3,575.83,Q3,8.34
5978,North,Commercial,1656.32,1461.89,194.43,17885.73,91.99058787224193,Q1 (best),91.99,Q1 best,11.74
5979,Central,Industrial,1108.79,1071.7,37.09,83061.74,2239.4645456996495,Q4 (worst),2239.46,Q4 worst,3.35
5980,South,Commercial,566.47,537.92,28.55,53894.81,1887.7341506129596,Q4 (worst),1887.73,Q4 worst,5.04
5981,North,Residential,1278.79,1078.6,200.19,17138.72,85.6122683450722,Q1 (best),85.61,Q1 best,15.65
5982,West,Commercial,1252.33,1214.11,38.22,55823.34,1460.579277864992,Q4 (worst),1460.58,Q4 worst,3.05
5983,West,Industrial,2033.43,1659.61,373.82,76169.29,203.75926916697875,Q2,203.76,Q2,18.38
5984,East,Industrial,1730.19,1549.3,180.89,62023.38,342.87898722980816,Q3,342.88,Q3,10.45
5985,North,Industrial,2320.34,1919.15,401.19,33823.62,84.30823300680477,Q1 (best),84.31,Q1 best,17.29
5986,West,Commercial,518.0,491.88,26.12,92123.38,3526.928790199081,Q4 (worst),3526.93,Q4 worst,5.04
5987,East,Residential,533.94,434.12,99.82,46576.84,466.60829493087556,Q3,466.61,Q3,18.69
5988,North,Residential,2184.38,1932.74,251.64,85485.51,339.71351931330474,Q3,339.71,Q3,11.52
5989,East,Industrial,945.52,891.66,53.86,30623.6,568.5777942814705,Q3,568.58,Q3,5.7
5990,West,Residential,1769.39,1614.67,154.72,40660.73,262.8020294725957,Q2,262.8,Q2,8.74
5991,North,Residential,1987.03,1853.47,133.56,13674.36,102.38364779874215,Q1 (best),102.38,Q1 best,6.72
5992,Central,Industrial,1977.3,1701.5,275.8,30309.59,109.89699057287889,Q1 (best),109.9,Q1 best,13.95
5993,West,Residential,2461.38,2204.44,256.94,20389.18,79.35385693157936,Q1 (best),79.35,Q1 best,10.44
5994,Central,Residential,1214.07,1150.13,63.94,11986.36,187.46262120738194,Q2,187.46,Q2,5.27
5995,North,Commercial,2302.18,2087.93,214.25,73296.15,342.10571761960324,Q3,342.11,Q3,9.31
5996,North,Industrial,1717.0,1514.57,202.43,15206.54,75.1199920960332,Q1 (best),75.12,Q1 best,11.79
5997,East,Industrial,2240.89,2155.69,85.2,7373.9,86.5481220657277,Q1 (best),86.55,Q1 best,3.8
5998,West,Commercial,1809.04,1638.08,170.96,29700.21,173.72607627515208,Q2,173.73,Q2,9.45
5999,South,Commercial,757.67,730.39,27.28,52264.13,1915.840542521994,Q4 (worst),1915.84,Q4 worst,3.6
6000,East,Commercial,2095.9,1826.15,269.75,48207.73,178.71262279888788,Q2,178.71,Q2,12.87
6001,East,Residential,1174.76,1148.44,26.32,57865.77,2198.5474924012155,Q4 (worst),2198.55,Q4 worst,2.24
6002,West,Residential,983.63,843.16,140.47,80503.4,573.1003061151847,Q3,573.1,Q3,14.28
6003,West,Residential,1529.31,1383.24,146.07,51997.15,355.9741904566304,Q3,355.97,Q3,9.55
6004,North,Residential,619.28,498.21,121.07,50469.0,416.8580160237879,Q3,416.86,Q3,19.55
6005,Central,Industrial,1663.98,1616.09,47.89,14314.2,298.8974733764878,Q2,298.9,Q2,2.88
6006,North,Residential,2083.31,1843.05,240.26,46053.67,191.6826354782319,Q2,191.68,Q2,11.53
6007,South,Industrial,1267.02,1140.39,126.63,24358.14,192.35678749111585,Q2,192.36,Q2,9.99
6008,South,Industrial,2133.59,1941.15,192.44,5422.97,28.180056121388485,Q1 (best),28.18,Q1 best,9.02
6009,West,Residential,872.05,841.09,30.96,63112.05,2038.5029069767443,Q4 (worst),2038.5,Q4 worst,3.55
6010,East,Industrial,753.56,627.45,126.11,83066.37,658.6818650384585,Q4 (worst),658.68,Q4 worst,16.74
6011,Central,Commercial,2109.82,2000.62,109.2,31306.06,286.68553113553116,Q2,286.69,Q2,5.18
6012,Central,Industrial,805.61,725.58,80.03,79109.24,988.4948144445833,Q4 (worst),988.49,Q4 worst,9.93
6013,West,Residential,2303.52,2154.13,149.39,34991.84,234.2314746636321,Q2,234.23,Q2,6.49
6014,North,Industrial,1938.83,1774.65,164.18,86593.36,527.4294067486904,Q3,527.43,Q3,8.47
6015,West,Industrial,561.61,458.42,103.19,77512.87,751.1664890008722,Q4 (worst),751.17,Q4 worst,18.37
6016,South,Residential,1722.34,1440.13,282.21,29651.09,105.06746748874951,Q1 (best),105.07,Q1 best,16.39
6017,West,Industrial,2182.54,1885.31,297.23,46107.3,155.12330518453723,Q1 (best),155.12,Q1 best,13.62
6018,North,Industrial,2119.49,2060.5,58.99,37011.33,627.4170198338702,Q3,627.42,Q3,2.78
6019,Central,Residential,1004.61,839.65,164.96,46139.49,279.7010790494665,Q2,279.7,Q2,16.42
6020,South,Residential,956.53,831.13,125.4,26101.91,208.14920255183412,Q2,208.15,Q2,13.11
6021,Central,Industrial,1987.63,1746.7,240.93,34823.94,144.5396588220645,Q1 (best),144.54,Q1 best,12.12
6022,West,Residential,1328.38,1103.13,225.25,86008.2,381.8344062153163,Q3,381.83,Q3,16.96
6023,South,Commercial,1511.67,1470.06,41.61,14525.95,349.09757269887047,Q3,349.1,Q3,2.75
6024,East,Residential,1431.84,1243.5,188.34,11203.83,59.48725708824466,Q1 (best),59.49,Q1 best,13.15
6025,South,Industrial,2367.85,2091.52,276.33,93499.59,338.3620670936923,Q3,338.36,Q3,11.67
6026,West,Commercial,2475.1,2353.18,121.92,59237.16,485.869094488189,Q3,485.87,Q3,4.93
6027,East,Industrial,2046.88,1694.57,352.31,21526.48,61.10096222077148,Q1 (best),61.1,Q1 best,17.21
6028,West,Industrial,2357.95,2156.7,201.25,55312.01,274.8422857142857,Q2,274.84,Q2,8.53
6029,East,Commercial,1331.02,1161.25,169.77,77236.19,454.94604464864227,Q3,454.95,Q3,12.75
6030,South,Industrial,1940.15,1557.81,382.34,10989.19,28.741931265365906,Q1 (best),28.74,Q1 best,19.71
6031,South,Residential,1113.7,905.77,207.93,60696.67,291.9091521185014,Q2,291.91,Q2,18.67
6032,North,Industrial,542.81,435.57,107.24,84024.36,783.5169712793734,Q4 (worst),783.52,Q4 worst,19.76
6033,Central,Industrial,2494.39,2208.31,286.08,74203.01,259.37853048098435,Q2,259.38,Q2,11.47
6034,West,Residential,723.98,622.22,101.76,35054.2,344.47916666666663,Q3,344.48,Q3,14.06
6035,South,Commercial,1829.0,1572.72,256.28,27948.14,109.05314499765882,Q1 (best),109.05,Q1 best,14.01
6036,West,Residential,1790.7,1469.78,320.92,48078.52,149.81465785865635,Q1 (best),149.81,Q1 best,17.92
6037,West,Industrial,958.98,900.09,58.89,13538.58,229.89607743250127,Q2,229.9,Q2,6.14
6038,East,Commercial,2000.38,1686.89,313.49,14697.33,46.882930874988034,Q1 (best),46.88,Q1 best,15.67
6039,West,Commercial,2066.12,1994.63,71.49,29189.12,408.2965449713247,Q3,408.3,Q3,3.46
6040,West,Industrial,925.0,833.76,91.24,57899.8,634.5879000438405,Q3,634.59,Q3,9.86
6041,South,Commercial,900.6,759.78,140.82,12114.0,86.024712398807,Q1 (best),86.02,Q1 best,15.64
6042,North,Commercial,2306.97,1869.49,437.48,49587.41,113.34783304379629,Q1 (best),113.35,Q1 best,18.96
6043,West,Industrial,1717.13,1654.8,62.33,98979.75,1587.9953473447779,Q4 (worst),1588.0,Q4 worst,3.63
6044,West,Residential,1470.97,1274.97,196.0,84260.59,429.9009693877551,Q3,429.9,Q3,13.32
6045,South,Industrial,1419.08,1200.33,218.75,22718.7,103.85691428571428,Q1 (best),103.86,Q1 best,15.41
6046,East,Residential,1569.84,1287.9,281.94,69558.45,246.713662481379,Q2,246.71,Q2,17.96
6047,South,Residential,1571.89,1448.92,122.97,43561.66,354.24623892006184,Q3,354.25,Q3,7.82
6048,East,Residential,2330.02,2127.64,202.38,84559.45,417.8251309417927,Q3,417.83,Q3,8.69
6049,West,Industrial,1813.25,1476.95,336.3,9758.04,29.015878679750223,Q1 (best),29.02,Q1 best,18.55
6050,Central,Residential,1778.06,1623.73,154.33,90380.36,585.6305319769325,Q3,585.63,Q3,8.68
6051,East,Residential,1127.63,1046.99,80.64,70452.49,873.6667906746032,Q4 (worst),873.67,Q4 worst,7.15
6052,North,Industrial,1989.52,1615.07,374.45,76248.67,203.62844171451462,Q2,203.63,Q2,18.82
6053,East,Residential,821.49,666.98,154.51,5013.72,32.44916186654586,Q1 (best),32.45,Q1 best,18.81
6054,West,Industrial,1042.28,972.51,69.77,44372.85,635.9875304572166,Q3,635.99,Q3,6.69
6055,South,Residential,2265.75,1914.16,351.59,22128.81,62.939247418868575,Q1 (best),62.94,Q1 best,15.52
6056,Central,Industrial,1542.16,1254.32,287.84,66879.38,232.34915230683717,Q2,232.35,Q2,18.66
6057,East,Residential,949.89,836.99,112.9,39990.27,354.20965456155886,Q3,354.21,Q3,11.89
6058,North,Commercial,1030.06,967.09,62.97,57246.63,909.109575988566,Q4 (worst),909.11,Q4 worst,6.11
6059,East,Commercial,538.22,448.51,89.71,21769.49,242.66514323932677,Q2,242.67,Q2,16.67
6060,West,Industrial,509.78,460.33,49.45,19988.01,404.2064711830131,Q3,404.21,Q3,9.7
6061,West,Industrial,550.11,494.16,55.95,53959.27,964.4194816800714,Q4 (worst),964.42,Q4 worst,10.17
6062,South,Residential,2096.24,2023.1,73.14,45263.16,618.8564397046761,Q3,618.86,Q3,3.49
6063,East,Industrial,1123.15,961.26,161.89,46663.37,288.2412131694361,Q2,288.24,Q2,14.41
6064,South,Commercial,1339.76,1185.73,154.03,6116.55,39.71012140492112,Q1 (best),39.71,Q1 best,11.5
6065,East,Residential,1196.41,1077.29,119.12,6404.27,53.76317998656817,Q1 (best),53.76,Q1 best,9.96
6066,North,Industrial,616.91,568.08,48.83,45713.28,936.1720253942249,Q4 (worst),936.17,Q4 worst,7.92
6067,Central,Residential,1939.62,1629.73,309.89,83606.47,269.794023685824,Q2,269.79,Q2,15.98
6068,East,Residential,829.75,762.43,67.32,86659.12,1287.2715389185978,Q4 (worst),1287.27,Q4 worst,8.11
6069,West,Commercial,2298.99,2054.43,244.56,24510.73,100.22378966306836,Q1 (best),100.22,Q1 best,10.64
6070,South,Residential,2139.34,2039.33,100.01,46882.37,468.7768223177682,Q3,468.78,Q3,4.67
6071,West,Residential,1911.64,1642.08,269.56,79904.52,296.4257308205965,Q2,296.43,Q2,14.1
6072,South,Residential,1731.38,1388.19,343.19,55834.57,162.69288149421604,Q1 (best),162.69,Q1 best,19.82
6073,South,Residential,1170.64,1040.36,130.28,56824.8,436.174393613755,Q3,436.17,Q3,11.13
6074,West,Residential,2165.27,1778.71,386.56,95508.12,247.07191639072846,Q2,247.07,Q2,17.85
6075,South,Residential,698.99,561.5,137.49,53095.29,386.1756491381191,Q3,386.18,Q3,19.67
6076,East,Commercial,1062.83,909.69,153.14,97003.07,633.4273867049759,Q3,633.43,Q3,14.41
6077,East,Commercial,2412.67,2130.82,281.85,15453.42,54.828525811601914,Q1 (best),54.83,Q1 best,11.68
6078,East,Commercial,643.95,594.96,48.99,21741.24,443.7893447642376,Q3,443.79,Q3,7.61
6079,East,Industrial,1830.44,1743.05,87.39,40114.5,459.02849296258154,Q3,459.03,Q3,4.77
6080,West,Industrial,1112.5,905.22,207.28,35458.49,171.0656599768429,Q1 (best),171.07,Q1 best,18.63
6081,South,Commercial,2297.81,1879.05,418.76,53823.74,128.53123507498327,Q1 (best),128.53,Q1 best,18.22
6082,East,Commercial,1350.5,1299.83,50.67,19048.59,375.9342806394316,Q3,375.93,Q3,3.75
6083,South,Commercial,2292.59,1957.97,334.62,96489.33,288.354939931863,Q2,288.35,Q2,14.6
6084,East,Commercial,1422.44,1323.08,99.36,48729.74,490.436191626409,Q3,490.44,Q3,6.99
6085,South,Commercial,1474.2,1388.42,85.78,56458.76,658.1809279552343,Q4 (worst),658.18,Q4 worst,5.82
6086,East,Commercial,1223.47,1154.57,68.9,33216.9,482.1030478955007,Q3,482.1,Q3,5.63
6087,North,Residential,2411.05,2211.66,199.39,43076.61,216.04197803300067,Q2,216.04,Q2,8.27
6088,Central,Industrial,901.4,733.79,167.61,98308.45,586.5309349084183,Q3,586.53,Q3,18.59
6089,East,Industrial,2366.34,2208.29,158.05,94665.2,598.9572919962037,Q3,598.96,Q3,6.68
6090,West,Commercial,1286.6,1062.53,224.07,23241.09,103.72245280492703,Q1 (best),103.72,Q1 best,17.42
6091,West,Commercial,983.85,961.24,22.61,45648.96,2018.9721362229102,Q4 (worst),2018.97,Q4 worst,2.3
6092,Central,Commercial,1404.2,1325.97,78.23,12821.04,163.8890451233542,Q1 (best),163.89,Q1 best,5.57
6093,West,Commercial,1690.8,1386.28,304.52,83824.24,275.2667805070275,Q2,275.27,Q2,18.01
6094,North,Commercial,1355.83,1230.1,125.73,84717.94,673.8084784856438,Q4 (worst),673.81,Q4 worst,9.27
6095,Central,Residential,1862.58,1513.99,348.59,8102.35,23.24320835365329,Q1 (best),23.24,Q1 best,18.72
6096,East,Commercial,2176.71,1868.66,308.05,49553.72,160.8625872423308,Q1 (best),160.86,Q1 best,14.15
6097,South,Industrial,2136.54,1876.1,260.44,36032.8,138.3535555214253,Q1 (best),138.35,Q1 best,12.19
6098,East,Residential,1531.96,1308.49,223.47,75918.52,339.7257797467222,Q3,339.73,Q3,14.59
6099,West,Residential,718.29,696.82,21.47,79203.34,3689.0237540754542,Q4 (worst),3689.02,Q4 worst,2.99
6100,North,Residential,2254.59,2102.48,152.11,32381.35,212.8811386496614,Q2,212.88,Q2,6.75
6101,West,Residential,1677.02,1572.88,104.14,13790.18,132.4196274246207,Q1 (best),132.42,Q1 best,6.21
6102,North,Industrial,519.96,430.68,89.28,27826.61,311.677979390681,Q2,311.68,Q2,17.17
6103,West,Commercial,2109.8,1814.44,295.36,17703.32,59.93810942578548,Q1 (best),59.94,Q1 best,14.0
6104,East,Commercial,1247.83,1114.63,133.2,17528.31,131.59391891891894,Q1 (best),131.59,Q1 best,10.67
6105,Central,Industrial,1101.36,945.23,156.13,98556.67,631.2474860693012,Q3,631.25,Q3,14.18
6106,South,Industrial,1220.64,1107.64,113.0,81000.37,716.8174336283186,Q4 (worst),716.82,Q4 worst,9.26
6107,Central,Industrial,1165.51,1110.5,55.01,83098.15,1510.6007998545717,Q4 (worst),1510.6,Q4 worst,4.72
6108,North,Residential,625.18,507.39,117.79,76944.6,653.2354189659563,Q4 (worst),653.24,Q4 worst,18.84
6109,Central,Industrial,2223.88,2143.3,80.58,92594.9,1149.1052370315215,Q4 (worst),1149.11,Q4 worst,3.62
6110,East,Residential,1741.57,1591.99,149.58,90736.65,606.6095066185318,Q3,606.61,Q3,8.59
6111,North,Commercial,709.84,628.08,81.76,84402.36,1032.3184931506848,Q4 (worst),1032.32,Q4 worst,11.52
6112,East,Industrial,1367.33,1188.06,179.27,71260.75,397.5051598148045,Q3,397.51,Q3,13.11
6113,West,Commercial,2070.08,1903.02,167.06,97702.79,584.836525799114,Q3,584.84,Q3,8.07
6114,West,Commercial,1802.61,1610.87,191.74,80180.96,418.17544591634504,Q3,418.18,Q3,10.64
6115,South,Commercial,1279.24,1112.21,167.03,93991.26,562.7208285936658,Q3,562.72,Q3,13.06
6116,South,Industrial,1999.95,1805.59,194.36,14247.75,73.30597859641901,Q1 (best),73.31,Q1 best,9.72
6117,South,Industrial,1569.63,1295.67,273.96,89424.89,326.41586362972697,Q2,326.42,Q2,17.45
6118,West,Commercial,1096.34,1000.13,96.21,57708.87,599.8219519800438,Q3,599.82,Q3,8.78
6119,North,Commercial,620.89,506.33,114.56,71167.07,621.2209322625699,Q3,621.22,Q3,18.45
6120,South,Industrial,1256.67,1217.98,38.69,73264.1,1893.6185060739213,Q4 (worst),1893.62,Q4 worst,3.08
6121,South,Industrial,544.42,526.19,18.23,80626.41,4422.732309380142,Q4 (worst),4422.73,Q4 worst,3.35
6122,Central,Commercial,2327.05,1956.76,370.29,23415.04,63.23432984957736,Q1 (best),63.23,Q1 best,15.91
6123,South,Commercial,1883.49,1833.06,50.43,18256.94,362.02538171723177,Q3,362.03,Q3,2.68
6124,East,Industrial,1740.7,1608.13,132.57,83657.26,631.0421664026552,Q3,631.04,Q3,7.62
6125,West,Industrial,552.59,460.32,92.27,5793.11,62.78432860084534,Q1 (best),62.78,Q1 best,16.7
6126,Central,Industrial,1676.23,1438.7,237.53,6531.25,27.49652675451522,Q1 (best),27.5,Q1 best,14.17
6127,South,Commercial,2479.75,1991.54,488.21,38877.46,79.63265807746667,Q1 (best),79.63,Q1 best,19.69
6128,South,Commercial,1753.92,1717.51,36.41,83375.9,2289.9176050535566,Q4 (worst),2289.92,Q4 worst,2.08
6129,West,Residential,1601.15,1505.33,95.82,82271.86,858.6084324775621,Q4 (worst),858.61,Q4 worst,5.98
6130,South,Commercial,1095.2,965.85,129.35,56757.19,438.7877077696173,Q3,438.79,Q3,11.81
6131,West,Industrial,2335.84,1946.77,389.07,78373.95,201.4392011720256,Q2,201.44,Q2,16.66
6132,Central,Commercial,1602.22,1327.12,275.1,7846.0,28.520537986186838,Q1 (best),28.52,Q1 best,17.17
6133,West,Residential,1351.32,1214.12,137.2,76807.09,559.8184402332362,Q3,559.82,Q3,10.15
6134,South,Industrial,1111.42,955.83,155.59,81390.32,523.1076547335947,Q3,523.11,Q3,14.0
6135,Central,Industrial,587.45,535.84,51.61,86691.78,1679.7477233094362,Q4 (worst),1679.75,Q4 worst,8.79
6136,South,Residential,535.81,492.06,43.75,36595.14,836.4603428571428,Q4 (worst),836.46,Q4 worst,8.17
6137,East,Industrial,901.57,805.14,96.43,73936.79,766.7405371772269,Q4 (worst),766.74,Q4 worst,10.7
6138,North,Industrial,1400.61,1332.3,68.31,41316.19,604.8336993119602,Q3,604.83,Q3,4.88
6139,Central,Commercial,2432.38,2302.9,129.48,47068.61,363.5203120173,Q3,363.52,Q3,5.32
6140,West,Industrial,1269.31,1016.88,252.43,69015.04,273.40268589311887,Q2,273.4,Q2,19.89
6141,East,Commercial,876.33,857.98,18.35,12211.53,665.4784741144414,Q4 (worst),665.48,Q4 worst,2.09
6142,South,Residential,1022.63,820.54,202.09,7140.43,35.332920975802864,Q1 (best),35.33,Q1 best,19.76
6143,North,Residential,1904.33,1620.18,284.15,73057.94,257.11046982227697,Q2,257.11,Q2,14.92
6144,North,Commercial,1837.04,1634.33,202.71,22272.83,109.87533915445711,Q1 (best),109.88,Q1 best,11.03
6145,East,Commercial,2151.45,1925.72,225.73,34832.19,154.30908607628584,Q1 (best),154.31,Q1 best,10.49
6146,East,Industrial,1050.62,873.11,177.51,34003.15,191.55625035209286,Q2,191.56,Q2,16.9
6147,East,Commercial,2198.62,1782.9,415.72,16055.26,38.620369479457324,Q1 (best),38.62,Q1 best,18.91
6148,West,Industrial,2259.08,1922.43,336.65,9090.37,27.002435764146743,Q1 (best),27.0,Q1 best,14.9
6149,West,Residential,933.82,786.25,147.57,38471.25,260.6983126651759,Q2,260.7,Q2,15.8
6150,West,Commercial,1334.66,1157.76,176.9,5728.39,32.38208027133974,Q1 (best),32.38,Q1 best,13.25
6151,South,Residential,633.57,616.03,17.54,87747.66,5002.717217787914,Q4 (worst),5002.72,Q4 worst,2.77
6152,West,Industrial,550.42,517.2,33.22,50735.7,1527.2636965683323,Q4 (worst),1527.26,Q4 worst,6.04
6153,East,Industrial,1758.03,1535.4,222.63,52609.3,236.30822440821095,Q2,236.31,Q2,12.66
6154,East,Residential,814.87,713.28,101.59,44410.62,437.1554286839256,Q3,437.16,Q3,12.47
6155,Central,Commercial,1592.41,1274.24,318.17,91491.44,287.55520633623536,Q2,287.56,Q2,19.98
6156,South,Residential,1220.04,1140.04,80.0,74235.78,927.9472499999999,Q4 (worst),927.95,Q4 worst,6.56
6157,East,Residential,1315.92,1288.66,27.26,82417.13,3023.372340425532,Q4 (worst),3023.37,Q4 worst,2.07
6158,South,Commercial,2268.35,2031.06,237.29,64645.74,272.43347802267266,Q2,272.43,Q2,10.46
6159,North,Commercial,1349.21,1179.95,169.26,13656.21,80.68185040765685,Q1 (best),80.68,Q1 best,12.55
6160,South,Industrial,1491.85,1441.76,50.09,71686.55,1431.1549211419444,Q4 (worst),1431.15,Q4 worst,3.36
6161,East,Commercial,2302.75,1844.62,458.13,61888.27,135.08888306812477,Q1 (best),135.09,Q1 best,19.89
6162,West,Residential,578.89,551.84,27.05,38424.61,1420.5031423290204,Q4 (worst),1420.5,Q4 worst,4.67
6163,Central,Commercial,1453.89,1187.74,266.15,86728.5,325.8632350178471,Q2,325.86,Q2,18.31
6164,South,Industrial,1348.48,1205.39,143.09,46723.86,326.53476832762595,Q2,326.53,Q2,10.61
6165,East,Industrial,1113.47,1088.11,25.36,78028.27,3076.8245268138803,Q4 (worst),3076.82,Q4 worst,2.28
6166,North,Residential,1915.07,1734.89,180.18,95213.43,528.4350649350649,Q3,528.44,Q3,9.41
6167,North,Industrial,1812.14,1751.0,61.14,20338.98,332.66241413150146,Q3,332.66,Q3,3.37
6168,North,Residential,2321.48,1955.92,365.56,77736.31,212.64993434730275,Q2,212.65,Q2,15.75
6169,Central,Residential,827.64,726.51,101.13,88110.32,871.2579847720757,Q4 (worst),871.26,Q4 worst,12.22
6170,West,Industrial,905.8,844.82,60.98,32019.42,525.0806821908823,Q3,525.08,Q3,6.73
6171,East,Residential,1457.79,1367.85,89.94,37994.79,422.445963975984,Q3,422.45,Q3,6.17
6172,West,Industrial,1902.74,1743.65,159.09,19919.41,125.20843547677416,Q1 (best),125.21,Q1 best,8.36
6173,Central,Residential,1819.15,1485.88,333.27,65667.59,197.0402076394515,Q2,197.04,Q2,18.32
6174,Central,Commercial,1923.77,1678.25,245.52,11737.98,47.80865102639296,Q1 (best),47.81,Q1 best,12.76
6175,West,Residential,2423.27,2045.07,378.2,36177.11,95.65602855631941,Q1 (best),95.66,Q1 best,15.61
6176,East,Industrial,1434.55,1276.47,158.08,5499.92,34.792004048582996,Q1 (best),34.79,Q1 best,11.02
6177,East,Industrial,1994.54,1598.06,396.48,14897.09,37.57337066182405,Q1 (best),37.57,Q1 best,19.88
6178,East,Residential,1640.19,1457.96,182.23,49335.79,270.733633320529,Q2,270.73,Q2,11.11
6179,West,Residential,2301.06,1891.86,409.2,79516.51,194.32187194525903,Q2,194.32,Q2,17.78
6180,North,Commercial,804.75,723.14,81.61,73102.67,895.7562798676632,Q4 (worst),895.76,Q4 worst,10.14
6181,North,Residential,1947.59,1617.3,330.29,81341.98,246.27442550485935,Q2,246.27,Q2,16.96
6182,North,Commercial,1909.83,1572.24,337.59,88797.73,263.03424272045976,Q2,263.03,Q2,17.68
6183,Central,Industrial,2130.46,1777.25,353.21,21115.08,59.78052716514256,Q1 (best),59.78,Q1 best,16.58
6184,West,Commercial,1378.48,1221.8,156.68,5603.58,35.764488128669896,Q1 (best),35.76,Q1 best,11.37
6185,East,Commercial,1966.58,1676.11,290.47,43293.63,149.0468206699487,Q1 (best),149.05,Q1 best,14.77
6186,East,Residential,1486.29,1331.58,154.71,32273.53,208.6066188352401,Q2,208.61,Q2,10.41
6187,North,Industrial,1679.94,1554.68,125.26,66031.76,527.1575922082069,Q3,527.16,Q3,7.46
6188,West,Industrial,1809.86,1766.77,43.09,96395.94,2237.083778138779,Q4 (worst),2237.08,Q4 worst,2.38
6189,West,Residential,2218.93,1896.7,322.23,66774.13,207.22505663656395,Q2,207.23,Q2,14.52
6190,Central,Industrial,716.06,650.59,65.47,12698.26,193.95539941958148,Q2,193.96,Q2,9.14
6191,East,Residential,2151.12,2029.04,122.08,32731.67,268.1165629095675,Q2,268.12,Q2,5.68
6192,West,Residential,2330.35,2030.76,299.59,80307.86,268.059214259488,Q2,268.06,Q2,12.86
6193,South,Industrial,880.98,712.32,168.66,66706.06,395.50610696074943,Q3,395.51,Q3,19.14
6194,East,Industrial,1608.66,1393.53,215.13,43633.01,202.82159624413146,Q2,202.82,Q2,13.37
6195,North,Commercial,932.23,861.94,70.29,24196.23,344.23431498079384,Q3,344.23,Q3,7.54
6196,North,Commercial,764.17,636.0,128.17,89871.21,701.1875633923696,Q4 (worst),701.19,Q4 worst,16.77
6197,Central,Industrial,2355.57,1975.96,379.61,89374.67,235.43813387423933,Q2,235.44,Q2,16.12
6198,West,Industrial,1388.59,1264.32,124.27,19786.62,159.2228212762533,Q1 (best),159.22,Q1 best,8.95
6199,North,Industrial,1258.97,1129.51,129.46,85186.92,658.0173026417426,Q4 (worst),658.02,Q4 worst,10.28
6200,West,Residential,1728.56,1398.47,330.09,80682.43,244.4255506074101,Q2,244.43,Q2,19.1
6201,East,Industrial,1549.3,1415.24,134.06,57360.39,427.87102789795614,Q3,427.87,Q3,8.65
6202,South,Commercial,839.5,747.26,92.24,93911.46,1018.120771899393,Q4 (worst),1018.12,Q4 worst,10.99
6203,Central,Industrial,2455.49,2320.6,134.89,60145.65,445.88664838016166,Q3,445.89,Q3,5.49
6204,East,Industrial,1864.32,1646.86,217.46,24328.7,111.87666697323645,Q1 (best),111.88,Q1 best,11.66
6205,West,Residential,2437.3,2220.77,216.53,19301.09,89.13817946704845,Q1 (best),89.14,Q1 best,8.88
6206,West,Residential,2236.37,2189.96,46.41,87384.24,1882.8752424046545,Q4 (worst),1882.88,Q4 worst,2.08
6207,East,Residential,2406.63,2084.05,322.58,38178.45,118.3534317068634,Q1 (best),118.35,Q1 best,13.4
6208,North,Commercial,1394.53,1307.14,87.39,43692.51,499.97150703741846,Q3,499.97,Q3,6.27
6209,North,Residential,992.74,889.84,102.9,56146.62,545.6425655976676,Q3,545.64,Q3,10.37
6210,Central,Residential,2326.02,2259.87,66.15,40732.87,615.7652305366591,Q3,615.77,Q3,2.84
6211,North,Commercial,2364.58,2282.18,82.4,82789.12,1004.7223300970873,Q4 (worst),1004.72,Q4 worst,3.48
6212,West,Residential,1359.65,1134.51,225.14,58276.97,258.8476947677001,Q2,258.85,Q2,16.56
6213,South,Commercial,2340.14,1911.84,428.3,77859.43,181.78713518561753,Q2,181.79,Q2,18.3
6214,South,Residential,1066.36,874.3,192.06,7925.5,41.26575028636884,Q1 (best),41.27,Q1 best,18.01
6215,South,Commercial,1481.59,1224.7,256.89,30883.53,120.22083381992293,Q1 (best),120.22,Q1 best,17.34
6216,East,Industrial,2122.12,2025.47,96.65,89883.34,929.9879979306776,Q4 (worst),929.99,Q4 worst,4.55
6217,North,Residential,2358.83,2280.39,78.44,39839.21,507.8940591534931,Q3,507.89,Q3,3.33
6218,East,Residential,1885.89,1626.16,259.73,67905.96,261.44827320679167,Q2,261.45,Q2,13.77
6219,Central,Residential,1147.87,926.65,221.22,66759.13,301.77709971973604,Q2,301.78,Q2,19.27
6220,South,Residential,823.19,776.81,46.38,7788.11,167.91957740405346,Q1 (best),167.92,Q1 best,5.63
6221,North,Industrial,961.23,891.16,70.07,56699.62,809.185386042529,Q4 (worst),809.19,Q4 worst,7.29
6222,West,Commercial,1949.8,1614.11,335.69,94265.15,280.81012243438886,Q2,280.81,Q2,17.22
6223,East,Industrial,2206.3,1936.69,269.61,80622.63,299.0342717258262,Q2,299.03,Q2,12.22
6224,South,Residential,1181.54,1115.44,66.1,72623.39,1098.6897125567323,Q4 (worst),1098.69,Q4 worst,5.59
6225,West,Residential,2169.14,2123.55,45.59,36328.38,796.8497477516999,Q4 (worst),796.85,Q4 worst,2.1
6226,Central,Residential,851.29,807.27,44.02,67548.77,1534.5018173557473,Q4 (worst),1534.5,Q4 worst,5.17
6227,Central,Industrial,1596.15,1406.15,190.0,52015.28,273.7646315789474,Q2,273.76,Q2,11.9
6228,Central,Industrial,1346.83,1258.29,88.54,55653.07,628.5641517957985,Q3,628.56,Q3,6.57
6229,North,Residential,518.71,453.56,65.15,56000.89,859.5685341519569,Q4 (worst),859.57,Q4 worst,12.56
6230,West,Commercial,2424.55,2276.16,148.39,33654.98,226.80086259181888,Q2,226.8,Q2,6.12
6231,East,Residential,1767.62,1611.28,156.34,25623.58,163.8965076116157,Q1 (best),163.9,Q1 best,8.84
6232,West,Residential,1710.76,1596.07,114.69,19412.74,169.26270816984916,Q1 (best),169.26,Q1 best,6.7
6233,West,Industrial,2356.76,2221.39,135.37,58323.62,430.84597769077345,Q3,430.85,Q3,5.74
6234,Central,Commercial,1211.24,1158.28,52.96,23339.65,440.70336102719034,Q3,440.7,Q3,4.37
6235,South,Residential,1116.71,1044.55,72.16,96041.8,1330.9562084257207,Q4 (worst),1330.96,Q4 worst,6.46
6236,West,Industrial,2462.97,2372.04,90.93,51537.22,566.7790608160122,Q3,566.78,Q3,3.69
6237,North,Commercial,2374.02,2130.46,243.56,95091.19,390.4220315322713,Q3,390.42,Q3,10.26
6238,West,Commercial,2481.67,2333.78,147.89,62455.08,422.30766109946586,Q3,422.31,Q3,5.96
6239,North,Industrial,818.44,801.98,16.46,28326.71,1720.9422843256377,Q4 (worst),1720.94,Q4 worst,2.01
6240,Central,Industrial,2464.6,2360.61,103.99,10497.38,100.94605250504856,Q1 (best),100.95,Q1 best,4.22
6241,East,Commercial,1941.33,1887.93,53.4,37650.18,705.0595505617978,Q4 (worst),705.06,Q4 worst,2.75
6242,Central,Commercial,1344.78,1150.17,194.61,14081.27,72.35635373310724,Q1 (best),72.36,Q1 best,14.47
6243,East,Residential,2172.78,1803.47,369.31,59692.89,161.633559881942,Q1 (best),161.63,Q1 best,17.0
6244,North,Residential,1438.48,1404.97,33.51,74272.97,2216.44195762459,Q4 (worst),2216.44,Q4 worst,2.33
6245,East,Industrial,2256.61,1850.04,406.57,58924.59,144.93098359446097,Q1 (best),144.93,Q1 best,18.02
6246,West,Industrial,1049.85,998.01,51.84,21199.45,408.94000771604937,Q3,408.94,Q3,4.94
6247,East,Commercial,2105.52,2003.37,102.15,74582.56,730.1278511992168,Q4 (worst),730.13,Q4 worst,4.85
6248,Central,Industrial,1694.4,1470.33,224.07,73825.85,329.4767260231178,Q2,329.48,Q2,13.22
6249,East,Industrial,1279.85,1087.83,192.02,47618.09,247.98505364024578,Q2,247.99,Q2,15.0
6250,East,Residential,1853.79,1709.83,143.96,23293.46,161.80508474576268,Q1 (best),161.81,Q1 best,7.77
6251,North,Commercial,1691.08,1480.23,210.85,9924.75,47.0701920796775,Q1 (best),47.07,Q1 best,12.47
6252,Central,Industrial,1417.94,1222.39,195.55,51129.46,261.4648938890309,Q2,261.46,Q2,13.79
6253,North,Residential,1606.27,1316.75,289.52,31993.13,110.50404117159438,Q1 (best),110.5,Q1 best,18.02
6254,West,Commercial,2020.2,1906.41,113.79,88663.52,779.1855171807716,Q4 (worst),779.19,Q4 worst,5.63
6255,North,Commercial,1948.85,1568.41,380.44,62172.16,163.42172221638106,Q1 (best),163.42,Q1 best,19.52
6256,West,Industrial,745.83,675.5,70.33,38016.32,540.542016209299,Q3,540.54,Q3,9.43
6257,West,Commercial,2113.71,1804.83,308.88,67888.84,219.7903392903393,Q2,219.79,Q2,14.61
6258,East,Commercial,709.72,652.19,57.53,5416.12,94.14427255345036,Q1 (best),94.14,Q1 best,8.11
6259,South,Commercial,2066.42,1880.2,186.22,54044.43,290.2181827945441,Q2,290.22,Q2,9.01
6260,North,Industrial,2029.27,1643.42,385.85,53195.2,137.86497343527276,Q1 (best),137.86,Q1 best,19.01
6261,South,Commercial,1784.63,1590.45,194.18,16927.35,87.17349881553197,Q1 (best),87.17,Q1 best,10.88
6262,Central,Residential,1096.52,991.57,104.95,13079.3,124.62410671748451,Q1 (best),124.62,Q1 best,9.57
6263,East,Industrial,1822.27,1688.07,134.2,79694.95,593.852086438152,Q3,593.85,Q3,7.36
6264,West,Commercial,1683.1,1422.52,260.58,96265.29,369.42700897996775,Q3,369.43,Q3,15.48
6265,West,Industrial,1688.78,1428.13,260.65,31074.57,119.21952810281988,Q1 (best),119.22,Q1 best,15.43
6266,South,Residential,1621.2,1513.42,107.78,89307.87,828.6126368528484,Q4 (worst),828.61,Q4 worst,6.65
6267,North,Industrial,1129.62,912.7,216.92,74036.37,341.30725613129266,Q3,341.31,Q3,19.2
6268,East,Residential,2012.81,1713.52,299.29,85303.55,285.0197133215276,Q2,285.02,Q2,14.87
6269,East,Residential,1228.7,1142.57,86.13,19944.28,231.56019969813073,Q2,231.56,Q2,7.01
6270,West,Commercial,2090.99,1831.52,259.47,5863.91,22.599568350869077,Q1 (best),22.6,Q1 best,12.41
6271,East,Industrial,1838.73,1772.5,66.23,23421.46,353.6382304091801,Q3,353.64,Q3,3.6
6272,Central,Commercial,1327.25,1298.22,29.03,56043.16,1930.5256631071306,Q4 (worst),1930.53,Q4 worst,2.19
6273,South,Commercial,1392.16,1132.29,259.87,26393.25,101.5632816408204,Q1 (best),101.56,Q1 best,18.67
6274,Central,Industrial,1222.26,1182.79,39.47,42510.92,1077.0438307575373,Q4 (worst),1077.04,Q4 worst,3.23
6275,East,Residential,677.45,661.77,15.68,44848.39,2860.2289540816328,Q4 (worst),2860.23,Q4 worst,2.31
6276,East,Residential,968.85,945.67,23.18,78939.78,3405.5125107851595,Q4 (worst),3405.51,Q4 worst,2.39
6277,West,Industrial,1087.39,1045.54,41.85,49336.02,1178.8774193548386,Q4 (worst),1178.88,Q4 worst,3.85
6278,South,Industrial,766.46,713.67,52.79,73959.34,1401.010418639894,Q4 (worst),1401.01,Q4 worst,6.89
6279,East,Commercial,1922.84,1618.86,303.98,77260.42,254.16283966050395,Q2,254.16,Q2,15.81
6280,West,Residential,1115.48,903.61,211.87,61638.31,290.9251427762307,Q2,290.93,Q2,18.99
6281,East,Residential,1452.36,1284.64,167.72,5896.38,35.15609348914858,Q1 (best),35.16,Q1 best,11.55
6282,West,Commercial,2103.94,1884.41,219.53,22722.44,103.5049423768961,Q1 (best),103.5,Q1 best,10.43
6283,West,Residential,1690.12,1406.03,284.09,56077.31,197.39276285684116,Q2,197.39,Q2,16.81
6284,North,Commercial,2017.3,1815.17,202.13,28103.69,139.03769851085934,Q1 (best),139.04,Q1 best,10.02
6285,East,Commercial,1632.8,1422.0,210.8,94384.97,447.74653700189754,Q3,447.75,Q3,12.91
6286,Central,Commercial,2039.87,1895.53,144.34,12558.07,87.00339476236663,Q1 (best),87.0,Q1 best,7.08
6287,West,Residential,969.72,883.53,86.19,58616.0,680.0788954635109,Q4 (worst),680.08,Q4 worst,8.89
6288,East,Residential,1507.54,1428.23,79.31,54517.62,687.399066952465,Q4 (worst),687.4,Q4 worst,5.26
6289,West,Residential,935.82,908.7,27.12,7788.95,287.2031710914454,Q2,287.2,Q2,2.9
6290,East,Commercial,1460.59,1311.0,149.59,83906.49,560.909753325757,Q3,560.91,Q3,10.24
6291,South,Commercial,2164.56,2020.97,143.59,22470.12,156.48805627132808,Q1 (best),156.49,Q1 best,6.63
6292,North,Industrial,918.03,829.42,88.61,74184.4,837.2012188240604,Q4 (worst),837.2,Q4 worst,9.65
6293,Central,Commercial,2400.03,2242.25,157.78,86014.67,545.1557231588288,Q3,545.16,Q3,6.57
6294,West,Commercial,1428.89,1338.01,90.88,9346.64,102.84595070422534,Q1 (best),102.85,Q1 best,6.36
6295,North,Residential,2013.73,1637.62,376.11,80370.46,213.68870809071814,Q2,213.69,Q2,18.68
6296,Central,Industrial,1243.53,1166.33,77.2,57357.15,742.9682642487046,Q4 (worst),742.97,Q4 worst,6.21
6297,East,Commercial,1106.16,915.95,190.21,75101.62,394.8352873140213,Q3,394.84,Q3,17.2
6298,South,Residential,505.37,443.38,61.99,58035.95,936.2147120503306,Q4 (worst),936.21,Q4 worst,12.27
6299,Central,Residential,775.03,692.48,82.55,46187.47,559.5090248334343,Q3,559.51,Q3,10.65
6300,North,Residential,1291.99,1081.44,210.55,14700.81,69.82099263832818,Q1 (best),69.82,Q1 best,16.3
6301,West,Industrial,2049.58,2002.42,47.16,90806.91,1925.506997455471,Q4 (worst),1925.51,Q4 worst,2.3
6302,South,Commercial,527.23,467.32,59.91,58649.94,978.9674511767653,Q4 (worst),978.97,Q4 worst,11.36
6303,Central,Commercial,1790.74,1633.38,157.36,53486.17,339.896860701576,Q3,339.9,Q3,8.79
6304,West,Commercial,1956.95,1760.13,196.82,52163.34,265.0306879382176,Q2,265.03,Q2,10.06
6305,North,Commercial,2210.91,2100.14,110.77,81552.07,736.2288525774128,Q4 (worst),736.23,Q4 worst,5.01
6306,East,Residential,1694.42,1521.45,172.97,56931.69,329.1419899404521,Q2,329.14,Q2,10.21
6307,Central,Residential,1130.01,928.26,201.75,78777.18,390.46929368029737,Q3,390.47,Q3,17.85
6308,South,Industrial,1749.64,1404.84,344.8,44869.98,130.13335266821346,Q1 (best),130.13,Q1 best,19.71
6309,West,Residential,1507.96,1221.26,286.7,29359.59,102.40526682943845,Q1 (best),102.41,Q1 best,19.01
6310,Central,Residential,1638.87,1391.52,247.35,15125.64,61.15075803517283,Q1 (best),61.15,Q1 best,15.09
6311,West,Industrial,943.94,807.94,136.0,95331.58,700.9675,Q4 (worst),700.97,Q4 worst,14.41
6312,North,Commercial,1578.77,1486.42,92.35,56979.68,616.9970763400108,Q3,617.0,Q3,5.85
6313,Central,Industrial,2276.59,1916.34,360.25,35150.3,97.57196391394865,Q1 (best),97.57,Q1 best,15.82
6314,North,Industrial,2343.47,2256.75,86.72,94407.16,1088.643450184502,Q4 (worst),1088.64,Q4 worst,3.7
6315,West,Residential,792.14,643.68,148.46,65728.52,442.7355516637478,Q3,442.74,Q3,18.74
6316,North,Residential,664.19,605.63,58.56,99542.58,1699.8391393442623,Q4 (worst),1699.84,Q4 worst,8.82
6317,West,Commercial,1977.32,1900.86,76.46,75086.27,982.0333507716455,Q4 (worst),982.03,Q4 worst,3.87
6318,West,Residential,853.64,836.14,17.5,81870.86,4678.334857142857,Q4 (worst),4678.33,Q4 worst,2.05
6319,Central,Residential,2329.38,1967.98,361.4,13652.87,37.777725511898176,Q1 (best),37.78,Q1 best,15.51
6320,South,Industrial,2360.71,2039.19,321.52,75236.05,234.0011507837771,Q2,234.0,Q2,13.62
6321,Central,Residential,2305.11,2075.3,229.81,54165.48,235.69679300291546,Q2,235.7,Q2,9.97
6322,Central,Commercial,1256.75,1094.54,162.21,24811.15,152.95696936070527,Q1 (best),152.96,Q1 best,12.91
6323,West,Industrial,2300.28,1907.58,392.7,9659.78,24.59837025719379,Q1 (best),24.6,Q1 best,17.07
6324,Central,Residential,1658.96,1537.93,121.03,9614.64,79.44013880855985,Q1 (best),79.44,Q1 best,7.3
6325,North,Industrial,1244.32,1162.33,81.99,98538.76,1201.8387608244907,Q4 (worst),1201.84,Q4 worst,6.59
6326,Central,Commercial,2096.27,1935.88,160.39,65560.88,408.7591495729161,Q3,408.76,Q3,7.65
6327,Central,Residential,1614.23,1507.43,106.8,95642.04,895.5247191011235,Q4 (worst),895.52,Q4 worst,6.62
6328,Central,Residential,1068.1,858.94,209.16,46059.51,220.21184738955824,Q2,220.21,Q2,19.58
6329,North,Industrial,2319.76,2200.12,119.64,34518.48,288.5195586760281,Q2,288.52,Q2,5.16
6330,Central,Commercial,1258.16,1206.24,51.92,25285.16,487.00231124807397,Q3,487.0,Q3,4.13
6331,East,Commercial,2214.34,2043.87,170.47,61919.52,363.228251305215,Q3,363.23,Q3,7.7
6332,East,Industrial,1841.41,1695.51,145.9,34690.05,237.76593557230981,Q2,237.77,Q2,7.92
6333,East,Industrial,2142.7,1771.28,371.42,52881.33,142.37609714070325,Q1 (best),142.38,Q1 best,17.33
6334,East,Industrial,1877.36,1790.59,86.77,84631.62,975.355768122623,Q4 (worst),975.36,Q4 worst,4.62
6335,Central,Industrial,1889.54,1796.51,93.03,32727.28,351.79275502526065,Q3,351.79,Q3,4.92
6336,South,Commercial,992.58,853.49,139.09,54368.12,390.8844632971457,Q3,390.88,Q3,14.01
6337,Central,Commercial,715.01,653.24,61.77,70507.22,1141.4476282985268,Q4 (worst),1141.45,Q4 worst,8.64
6338,Central,Industrial,1776.95,1456.08,320.87,13455.95,41.93583071025649,Q1 (best),41.94,Q1 best,18.06
6339,Central,Residential,1781.44,1467.6,313.84,77463.29,246.8241460616875,Q2,246.82,Q2,17.62
6340,West,Residential,1477.21,1240.87,236.34,11113.54,47.02352542946603,Q1 (best),47.02,Q1 best,16.0
6341,Central,Commercial,2276.56,2155.49,121.07,42413.88,350.3252663748245,Q3,350.33,Q3,5.32
6342,West,Commercial,1804.28,1662.07,142.21,88924.73,625.305745024963,Q3,625.31,Q3,7.88
6343,South,Residential,1137.56,986.44,151.12,79486.73,525.984184753838,Q3,525.98,Q3,13.28
6344,South,Residential,698.14,622.27,75.87,69387.84,914.562277580071,Q4 (worst),914.56,Q4 worst,10.87
6345,Central,Commercial,2397.31,2170.57,226.74,79617.71,351.1409985004851,Q3,351.14,Q3,9.46
6346,Central,Industrial,1519.76,1451.67,68.09,27291.99,400.82229402261714,Q3,400.82,Q3,4.48
6347,Central,Industrial,1658.19,1493.28,164.91,52801.78,320.185434479413,Q2,320.19,Q2,9.95
6348,South,Industrial,1286.6,1162.64,123.96,24857.12,200.52533075185545,Q2,200.53,Q2,9.63
6349,West,Commercial,762.59,744.68,17.91,48120.87,2686.815745393635,Q4 (worst),2686.82,Q4 worst,2.35
6350,North,Industrial,1330.69,1268.91,61.78,74159.16,1200.3748786014892,Q4 (worst),1200.37,Q4 worst,4.64
6351,West,Commercial,2057.0,1796.38,260.62,61870.06,237.39567185941215,Q2,237.4,Q2,12.67
6352,South,Industrial,1342.3,1314.77,27.53,17649.27,641.0922629858336,Q3,641.09,Q3,2.05
6353,North,Residential,1400.47,1369.84,30.63,45912.41,1498.9360104472742,Q4 (worst),1498.94,Q4 worst,2.19
6354,East,Industrial,2449.09,2355.55,93.54,7814.0,83.53645499251657,Q1 (best),83.54,Q1 best,3.82
6355,North,Industrial,893.74,764.31,129.43,8221.82,63.52329444487367,Q1 (best),63.52,Q1 best,14.48
6356,Central,Commercial,1395.08,1266.94,128.14,50214.65,391.8733416575621,Q3,391.87,Q3,9.19
6357,North,Industrial,1432.46,1260.06,172.4,20694.06,120.03515081206497,Q1 (best),120.04,Q1 best,12.04
6358,West,Residential,746.58,672.54,74.04,85570.14,1155.7285251215558,Q4 (worst),1155.73,Q4 worst,9.92
6359,Central,Residential,1168.74,957.36,211.38,18056.24,85.42075882297286,Q1 (best),85.42,Q1 best,18.09
6360,North,Industrial,2141.01,1961.58,179.43,45587.13,254.06637686005683,Q2,254.07,Q2,8.38
6361,North,Residential,1266.68,1037.72,228.96,55254.15,241.32665094339623,Q2,241.33,Q2,18.08
6362,Central,Residential,2154.5,1787.24,367.26,83746.0,228.0291891303164,Q2,228.03,Q2,17.05
6363,East,Commercial,1345.27,1152.67,192.6,67675.49,351.3784527518173,Q3,351.38,Q3,14.32
6364,North,Residential,589.92,537.51,52.41,27519.05,525.0725052470902,Q3,525.07,Q3,8.88
6365,South,Industrial,2010.36,1619.61,390.75,95801.78,245.17410108765196,Q2,245.17,Q2,19.44
6366,East,Industrial,1451.45,1350.99,100.46,99709.49,992.5292653792555,Q4 (worst),992.53,Q4 worst,6.92
6367,North,Industrial,900.89,727.24,173.65,68987.19,397.2772243017564,Q3,397.28,Q3,19.28
6368,North,Industrial,1016.88,816.26,200.62,59648.49,297.32075565746186,Q2,297.32,Q2,19.73
6369,Central,Residential,2007.26,1639.81,367.45,98889.37,269.1233365083685,Q2,269.12,Q2,18.31
6370,West,Commercial,1058.07,988.3,69.77,37423.82,536.3884190913,Q3,536.39,Q3,6.59
6371,South,Commercial,2361.74,2213.99,147.75,60477.43,409.32270727580374,Q3,409.32,Q3,6.26
6372,North,Commercial,2189.75,1890.2,299.55,21667.66,72.3340343849107,Q1 (best),72.33,Q1 best,13.68
6373,West,Commercial,1446.5,1300.47,146.03,18985.9,130.01369581592823,Q1 (best),130.01,Q1 best,10.1
6374,Central,Residential,1230.57,1017.63,212.94,46053.78,216.27585235277542,Q2,216.28,Q2,17.3
6375,Central,Commercial,1821.72,1604.56,217.16,46852.79,215.75239454779887,Q2,215.75,Q2,11.92
6376,West,Commercial,1049.48,922.76,126.72,70303.36,554.7929292929293,Q3,554.79,Q3,12.07
6377,East,Industrial,1751.34,1524.96,226.38,75349.75,332.84632034632034,Q3,332.85,Q3,12.93
6378,West,Commercial,1611.8,1353.52,258.28,75803.14,293.49210159516804,Q2,293.49,Q2,16.02
6379,Central,Industrial,1833.46,1669.81,163.65,84002.08,513.3032691720134,Q3,513.3,Q3,8.93
6380,East,Industrial,2381.25,2259.32,121.93,52722.18,432.397113097679,Q3,432.4,Q3,5.12
6381,East,Industrial,1689.09,1417.6,271.49,26407.43,97.2685181774651,Q1 (best),97.27,Q1 best,16.07
6382,East,Industrial,832.99,668.1,164.89,47297.66,286.84371399114565,Q2,286.84,Q2,19.79
6383,Central,Residential,1643.71,1324.59,319.12,89742.27,281.21794309350713,Q2,281.22,Q2,19.41
6384,West,Commercial,1147.82,1122.05,25.77,70238.43,2725.589057043073,Q4 (worst),2725.59,Q4 worst,2.25
6385,South,Industrial,540.31,453.7,86.61,90243.56,1041.9531231959359,Q4 (worst),1041.95,Q4 worst,16.03
6386,North,Industrial,699.25,625.95,73.3,70516.76,962.0294679399727,Q4 (worst),962.03,Q4 worst,10.48
6387,West,Industrial,2430.16,2363.91,66.25,58365.56,880.9895849056603,Q4 (worst),880.99,Q4 worst,2.73
6388,North,Commercial,2329.96,2169.97,159.99,57360.85,358.5277204825301,Q3,358.53,Q3,6.87
6389,South,Residential,2221.47,2123.22,98.25,74793.03,761.252213740458,Q4 (worst),761.25,Q4 worst,4.42
6390,East,Industrial,603.59,483.78,119.81,66540.48,555.3833569818879,Q3,555.38,Q3,19.85
6391,South,Residential,709.58,646.11,63.47,54965.01,865.9998424452498,Q4 (worst),866.0,Q4 worst,8.94
6392,North,Commercial,2054.39,1771.18,283.21,93792.31,331.1758412485435,Q3,331.18,Q3,13.79
6393,South,Residential,859.69,783.17,76.52,42896.2,560.5880815473079,Q3,560.59,Q3,8.9
6394,South,Commercial,1206.49,1129.81,76.68,76339.52,995.5597287428272,Q4 (worst),995.56,Q4 worst,6.36
6395,South,Residential,1968.76,1716.72,252.04,47681.57,189.18255038882717,Q2,189.18,Q2,12.8
6396,North,Commercial,1305.76,1157.43,148.33,62706.29,422.74853367491403,Q3,422.75,Q3,11.36
6397,West,Commercial,2472.08,2201.4,270.68,36842.45,136.11072114674153,Q1 (best),136.11,Q1 best,10.95
6398,North,Industrial,2082.56,1982.7,99.86,92086.42,922.1552173042259,Q4 (worst),922.16,Q4 worst,4.8
6399,West,Commercial,819.24,748.59,70.65,26107.55,369.5336164189667,Q3,369.53,Q3,8.62
6400,West,Residential,1992.1,1612.42,379.68,51102.53,134.59368415507797,Q1 (best),134.59,Q1 best,19.06
6401,Central,Commercial,2222.0,1873.72,348.28,61609.36,176.89606064086368,Q2,176.9,Q2,15.67
6402,East,Industrial,654.74,610.93,43.81,91665.41,2092.33987674047,Q4 (worst),2092.34,Q4 worst,6.69
6403,East,Industrial,1552.9,1452.76,100.14,55291.3,552.1400039944078,Q3,552.14,Q3,6.45
6404,East,Commercial,2080.67,1997.73,82.94,77920.63,939.4819146370871,Q4 (worst),939.48,Q4 worst,3.99
6405,North,Residential,1577.66,1493.85,83.81,34433.07,410.8467963250209,Q3,410.85,Q3,5.31
6406,Central,Residential,700.44,612.09,88.35,21579.74,244.25285795132996,Q2,244.25,Q2,12.61
6407,East,Industrial,1195.7,1009.17,186.53,10962.47,58.77054629282153,Q1 (best),58.77,Q1 best,15.6
6408,East,Commercial,1126.68,1070.16,56.52,58843.25,1041.1049186128803,Q4 (worst),1041.1,Q4 worst,5.02
6409,South,Residential,1125.21,918.22,206.99,58924.73,284.67428378182524,Q2,284.67,Q2,18.4
6410,Central,Commercial,1374.52,1130.15,244.37,21207.44,86.78413880590907,Q1 (best),86.78,Q1 best,17.78
6411,East,Industrial,783.91,740.92,42.99,26408.38,614.2912305187252,Q3,614.29,Q3,5.48
6412,East,Commercial,1494.93,1264.49,230.44,13842.2,60.06856448533241,Q1 (best),60.07,Q1 best,15.41
6413,East,Industrial,1804.41,1672.33,132.08,32222.52,243.96214415505753,Q2,243.96,Q2,7.32
6414,South,Residential,1335.91,1137.75,198.16,23815.02,120.18076301978199,Q1 (best),120.18,Q1 best,14.83
6415,East,Commercial,1500.36,1456.58,43.78,45537.25,1040.1381909547738,Q4 (worst),1040.14,Q4 worst,2.92
6416,North,Industrial,1989.26,1623.72,365.54,99023.11,270.8954150024621,Q2,270.9,Q2,18.38
6417,West,Commercial,2036.42,1909.44,126.98,57265.91,450.9836982201922,Q3,450.98,Q3,6.24
6418,East,Residential,1272.31,1033.67,238.64,27899.54,116.91057660073753,Q1 (best),116.91,Q1 best,18.76
6419,West,Industrial,503.97,413.12,90.85,58476.52,643.6600990643918,Q3,643.66,Q3,18.03
6420,North,Commercial,2029.86,1935.96,93.9,73218.84,779.7533546325877,Q4 (worst),779.75,Q4 worst,4.63
6421,East,Industrial,2202.46,1988.72,213.74,27391.22,128.15205389725836,Q1 (best),128.15,Q1 best,9.7
6422,West,Residential,1758.3,1545.71,212.59,19083.99,89.7689919563479,Q1 (best),89.77,Q1 best,12.09
6423,South,Residential,711.2,628.96,82.24,29530.6,359.0783073929961,Q3,359.08,Q3,11.56
6424,West,Industrial,1487.5,1453.41,34.09,35154.61,1031.2293927838075,Q4 (worst),1031.23,Q4 worst,2.29
6425,South,Commercial,992.92,893.54,99.38,41196.27,414.5328033809619,Q3,414.53,Q3,10.01
6426,North,Commercial,1687.28,1590.22,97.06,62825.53,647.2854935091696,Q3,647.29,Q3,5.75
6427,East,Industrial,1524.46,1459.89,64.57,99788.4,1545.4297661452688,Q4 (worst),1545.43,Q4 worst,4.24
6428,West,Residential,1489.53,1399.23,90.3,79735.32,883.0046511627908,Q4 (worst),883.0,Q4 worst,6.06
6429,East,Industrial,1288.19,1068.3,219.89,20441.39,92.96189003592706,Q1 (best),92.96,Q1 best,17.07
6430,Central,Residential,674.91,639.94,34.97,85922.48,2457.034029167858,Q4 (worst),2457.03,Q4 worst,5.18
6431,West,Commercial,1699.24,1591.02,108.22,88561.66,818.3483644428018,Q4 (worst),818.35,Q4 worst,6.37
6432,South,Residential,2175.34,1810.08,365.26,22704.67,62.16029677490007,Q1 (best),62.16,Q1 best,16.79
6433,East,Industrial,2026.83,1801.86,224.97,24774.76,110.12472774147663,Q1 (best),110.12,Q1 best,11.1
6434,South,Commercial,2019.47,1833.67,185.8,70365.75,378.7177072120559,Q3,378.72,Q3,9.2
6435,South,Residential,2112.8,1913.57,199.23,28863.86,144.87707674547008,Q1 (best),144.88,Q1 best,9.43
6436,East,Industrial,1323.85,1176.67,147.18,86385.78,586.9396657154505,Q3,586.94,Q3,11.12
6437,North,Industrial,1907.59,1581.93,325.66,96879.65,297.4871031136768,Q2,297.49,Q2,17.07
6438,Central,Residential,2280.84,2184.6,96.24,68434.95,711.0863466334165,Q4 (worst),711.09,Q4 worst,4.22
6439,South,Commercial,2366.14,2241.28,124.86,18862.68,151.0706391158097,Q1 (best),151.07,Q1 best,5.28
6440,South,Commercial,1036.61,986.8,49.81,92027.08,1847.5623368801446,Q4 (worst),1847.56,Q4 worst,4.81
6441,West,Residential,2369.45,2316.24,53.21,44328.44,833.0847585040407,Q4 (worst),833.08,Q4 worst,2.25
6442,North,Residential,1944.37,1881.1,63.27,99864.55,1578.3870712818082,Q4 (worst),1578.39,Q4 worst,3.25
6443,South,Residential,2077.48,1834.12,243.36,61411.12,252.34681130834977,Q2,252.35,Q2,11.71
6444,North,Industrial,742.58,667.82,74.76,73811.16,987.3081861958266,Q4 (worst),987.31,Q4 worst,10.07
6445,East,Residential,1523.7,1298.51,225.19,12092.74,53.70016430569741,Q1 (best),53.7,Q1 best,14.78
6446,North,Commercial,1614.85,1451.14,163.71,64856.11,396.16462036528003,Q3,396.16,Q3,10.14
6447,South,Industrial,1687.68,1361.39,326.29,22827.91,69.96202764412025,Q1 (best),69.96,Q1 best,19.33
6448,South,Commercial,2066.46,1699.56,366.9,74524.75,203.1200599618425,Q2,203.12,Q2,17.76
6449,North,Residential,1515.36,1305.51,209.85,81795.78,389.7821300929235,Q3,389.78,Q3,13.85
6450,South,Industrial,1339.24,1308.99,30.25,46860.05,1549.0925619834711,Q4 (worst),1549.09,Q4 worst,2.26
6451,South,Commercial,1430.08,1193.38,236.7,9055.83,38.25868187579214,Q1 (best),38.26,Q1 best,16.55
6452,East,Industrial,511.32,420.93,90.39,43613.69,482.50569753291296,Q3,482.51,Q3,17.68
6453,South,Commercial,1975.35,1806.12,169.23,65762.36,388.5975299887727,Q3,388.6,Q3,8.57
6454,East,Commercial,1709.85,1396.45,313.4,98704.04,314.9458838544991,Q2,314.95,Q2,18.33
6455,South,Industrial,692.2,596.79,95.41,37626.29,394.36421758725504,Q3,394.36,Q3,13.78
6456,East,Residential,1230.39,1113.8,116.59,65130.59,558.6292992537954,Q3,558.63,Q3,9.48
6457,East,Residential,2146.67,1822.18,324.49,98334.52,303.0432987149065,Q2,303.04,Q2,15.12
6458,West,Residential,1911.38,1634.43,276.95,56973.48,205.7175663477162,Q2,205.72,Q2,14.49
6459,North,Residential,572.95,469.64,103.31,19567.84,189.40896331429678,Q2,189.41,Q2,18.03
6460,North,Commercial,1562.65,1482.62,80.03,75523.49,943.6897413469949,Q4 (worst),943.69,Q4 worst,5.12
6461,North,Commercial,2131.22,2023.29,107.93,78597.33,728.225053275271,Q4 (worst),728.23,Q4 worst,5.06
6462,Central,Commercial,2497.55,2376.62,120.93,36522.41,302.01281733234106,Q2,302.01,Q2,4.84
6463,West,Residential,1715.91,1576.67,139.24,76586.63,550.0332519390979,Q3,550.03,Q3,8.11
6464,North,Residential,1222.6,1049.04,173.56,20409.35,117.59247522470615,Q1 (best),117.59,Q1 best,14.2
6465,North,Industrial,1613.3,1488.19,125.11,65518.46,523.6868355846855,Q3,523.69,Q3,7.75
6466,East,Commercial,2005.81,1910.88,94.93,98624.34,1038.9164647635098,Q4 (worst),1038.92,Q4 worst,4.73
6467,Central,Industrial,731.36,667.31,64.05,34514.44,538.8671350507417,Q3,538.87,Q3,8.76
6468,North,Residential,1047.76,840.21,207.55,83852.49,404.01103348590703,Q3,404.01,Q3,19.81
6469,East,Industrial,602.06,484.18,117.88,50526.63,428.6276722090261,Q3,428.63,Q3,19.58
6470,South,Industrial,647.19,549.29,97.9,96758.45,988.3396322778344,Q4 (worst),988.34,Q4 worst,15.13
6471,North,Industrial,2451.05,2367.93,83.12,53654.48,645.5062560153995,Q3,645.51,Q3,3.39
6472,South,Residential,1917.02,1617.86,299.16,84621.48,282.8636181307661,Q2,282.86,Q2,15.61
6473,North,Residential,1613.95,1438.15,175.8,26157.15,148.78924914675767,Q1 (best),148.79,Q1 best,10.89
6474,South,Commercial,1937.01,1823.81,113.2,50146.0,442.9858657243816,Q3,442.99,Q3,5.84
6475,East,Industrial,1768.22,1458.02,310.2,99331.04,320.2161186331399,Q2,320.22,Q2,17.54
6476,East,Commercial,1513.78,1325.24,188.54,83453.55,442.63047629150316,Q3,442.63,Q3,12.45
6477,South,Residential,2326.04,1878.42,447.62,56070.69,125.2640409275725,Q1 (best),125.26,Q1 best,19.24
6478,East,Residential,1732.57,1689.09,43.48,88142.36,2027.1931922723093,Q4 (worst),2027.19,Q4 worst,2.51
6479,South,Industrial,1082.92,872.47,210.45,44285.27,210.43131385127109,Q2,210.43,Q2,19.43
6480,South,Residential,1180.66,1095.98,84.68,48805.2,576.3486065186584,Q3,576.35,Q3,7.17
6481,Central,Industrial,855.88,687.74,168.14,51610.48,306.94944688949687,Q2,306.95,Q2,19.65
6482,South,Commercial,2465.62,2111.78,353.84,43467.85,122.84606036626724,Q1 (best),122.85,Q1 best,14.35
6483,Central,Industrial,1660.91,1458.9,202.01,55617.46,275.3203306766992,Q2,275.32,Q2,12.16
6484,South,Industrial,1056.1,960.19,95.91,87067.25,907.8015848191013,Q4 (worst),907.8,Q4 worst,9.08
6485,Central,Residential,871.11,786.05,85.06,39558.89,465.07042087937924,Q3,465.07,Q3,9.76
6486,West,Residential,2189.67,1899.66,290.01,80225.65,276.6306334264336,Q2,276.63,Q2,13.24
6487,East,Industrial,795.32,749.0,46.32,60425.85,1304.5304404145077,Q4 (worst),1304.53,Q4 worst,5.82
6488,Central,Residential,609.5,593.27,16.23,88058.43,5425.658040665434,Q4 (worst),5425.66,Q4 worst,2.66
6489,South,Industrial,666.16,534.16,132.0,14243.77,107.90734848484848,Q1 (best),107.91,Q1 best,19.82
6490,West,Commercial,1855.42,1507.02,348.4,59056.78,169.50855338691161,Q1 (best),169.51,Q1 best,18.78
6491,Central,Commercial,1931.54,1815.82,115.72,19063.23,164.73582786035257,Q1 (best),164.74,Q1 best,5.99
6492,West,Commercial,1923.55,1721.47,202.08,89923.1,444.98762866191606,Q3,444.99,Q3,10.51
6493,Central,Residential,1626.98,1323.09,303.89,12659.32,41.6575734640824,Q1 (best),41.66,Q1 best,18.68
6494,Central,Commercial,1087.19,881.03,206.16,6008.94,29.146973224679858,Q1 (best),29.15,Q1 best,18.96
6495,North,Residential,2150.18,1942.14,208.04,80504.67,386.96726591040186,Q3,386.97,Q3,9.68
6496,North,Residential,555.41,450.87,104.54,27550.82,263.54333269561886,Q2,263.54,Q2,18.82
6497,South,Industrial,1908.66,1847.15,61.51,92348.88,1501.363680702325,Q4 (worst),1501.36,Q4 worst,3.22
6498,North,Commercial,2462.79,2270.7,192.09,18620.24,96.93497839554377,Q1 (best),96.93,Q1 best,7.8
6499,South,Residential,1270.11,1174.27,95.84,55478.1,578.8616444073456,Q3,578.86,Q3,7.55
6500,Central,Industrial,1876.08,1705.27,170.81,77540.55,453.95790644575845,Q3,453.96,Q3,9.1
6501,North,Industrial,2044.69,1843.05,201.64,70896.24,351.59809561594926,Q3,351.6,Q3,9.86
6502,Central,Residential,2343.54,2289.7,53.84,80410.56,1493.5096582466567,Q4 (worst),1493.51,Q4 worst,2.3
6503,East,Residential,778.99,759.44,19.55,69204.52,3539.8731457800513,Q4 (worst),3539.87,Q4 worst,2.51
6504,West,Residential,2346.31,1932.04,414.27,47659.68,115.04497067130133,Q1 (best),115.04,Q1 best,17.66
6505,South,Commercial,2361.39,2098.15,263.24,10832.36,41.150129159702175,Q1 (best),41.15,Q1 best,11.15
6506,North,Industrial,1304.83,1182.69,122.14,77940.57,638.1248567217947,Q3,638.12,Q3,9.36
6507,East,Commercial,1252.01,1180.08,71.93,67490.42,938.2791602947309,Q4 (worst),938.28,Q4 worst,5.75
6508,East,Industrial,2327.86,2044.37,283.49,63529.37,224.09739320610956,Q2,224.1,Q2,12.18
6509,East,Residential,1145.0,1068.32,76.68,81091.64,1057.5331246739697,Q4 (worst),1057.53,Q4 worst,6.7
6510,South,Residential,1703.18,1614.15,89.03,92692.31,1041.1356846006963,Q4 (worst),1041.14,Q4 worst,5.23
6511,North,Commercial,681.01,643.03,37.98,7644.65,201.28093733543972,Q2,201.28,Q2,5.58
6512,East,Commercial,1341.04,1212.21,128.83,67320.05,522.5494838158813,Q3,522.55,Q3,9.61
6513,South,Industrial,1360.2,1265.9,94.3,28460.16,301.80445387062565,Q2,301.8,Q2,6.93
6514,Central,Industrial,1661.53,1611.13,50.4,30032.08,595.8746031746032,Q3,595.87,Q3,3.03
6515,South,Industrial,923.95,751.81,172.14,76406.37,443.8617985360753,Q3,443.86,Q3,18.63
6516,Central,Residential,2416.49,1972.93,443.56,7612.68,17.16268374064388,Q1 (best),17.16,Q1 best,18.36
6517,Central,Industrial,1454.29,1391.78,62.51,37280.84,596.3980163173892,Q3,596.4,Q3,4.3
6518,West,Residential,1506.7,1332.03,174.67,64770.06,370.8138775977558,Q3,370.81,Q3,11.59
6519,South,Commercial,2277.58,1847.45,430.13,17831.46,41.455978425127284,Q1 (best),41.46,Q1 best,18.89
6520,Central,Commercial,1633.1,1587.69,45.41,62491.54,1376.1625192688837,Q4 (worst),1376.16,Q4 worst,2.78
6521,North,Residential,802.12,713.2,88.92,93792.47,1054.7961088618983,Q4 (worst),1054.8,Q4 worst,11.09
6522,Central,Commercial,2001.75,1733.39,268.36,61286.07,228.37259651214785,Q2,228.37,Q2,13.41
6523,Central,Residential,1235.25,1208.47,26.78,91640.59,3421.9787154592977,Q4 (worst),3421.98,Q4 worst,2.17
6524,South,Industrial,966.99,809.1,157.89,60858.53,385.44892013427074,Q3,385.45,Q3,16.33
6525,South,Industrial,1141.47,948.39,193.08,15770.89,81.6805987155583,Q1 (best),81.68,Q1 best,16.92
6526,South,Industrial,1815.96,1530.36,285.6,58787.16,205.83739495798318,Q2,205.84,Q2,15.73
6527,Central,Commercial,1383.91,1126.55,257.36,82207.65,319.42667858253026,Q2,319.43,Q2,18.6
6528,East,Commercial,2377.92,2052.31,325.61,10420.59,32.00328613986057,Q1 (best),32.0,Q1 best,13.69
6529,South,Commercial,1759.15,1540.84,218.31,6937.51,31.778251110805737,Q1 (best),31.78,Q1 best,12.41
6530,East,Residential,2380.38,1999.52,380.86,75202.43,197.45426140839152,Q2,197.45,Q2,16.0
6531,Central,Residential,1815.41,1634.79,180.62,59019.89,326.762761598937,Q2,326.76,Q2,9.95
6532,South,Residential,1726.27,1536.7,189.57,67778.91,357.54027536002536,Q3,357.54,Q3,10.98
6533,West,Residential,2220.85,2134.11,86.74,45510.91,524.6819229882408,Q3,524.68,Q3,3.91
6534,North,Residential,2087.98,1672.24,415.74,20579.63,49.50120267474864,Q1 (best),49.5,Q1 best,19.91
6535,North,Commercial,2354.0,2200.78,153.22,38029.85,248.20421615977025,Q2,248.2,Q2,6.51
6536,Central,Residential,533.49,444.67,88.82,18827.23,211.97061472641298,Q2,211.97,Q2,16.65
6537,West,Industrial,1985.82,1885.85,99.97,69533.4,695.5426627988396,Q4 (worst),695.54,Q4 worst,5.03
6538,West,Residential,1843.49,1695.53,147.96,76668.86,518.1728845633955,Q3,518.17,Q3,8.03
6539,Central,Commercial,1121.64,1070.79,50.85,22124.24,435.0882989183874,Q3,435.09,Q3,4.53
6540,North,Commercial,1546.89,1255.81,291.08,84880.69,291.6060533186753,Q2,291.61,Q2,18.82
6541,Central,Residential,1224.52,998.46,226.06,55713.49,246.45443687516587,Q2,246.45,Q2,18.46
6542,North,Residential,519.07,420.18,98.89,51259.95,518.3532207503287,Q3,518.35,Q3,19.05
6543,West,Residential,2186.16,1803.19,382.97,13682.8,35.728124918400916,Q1 (best),35.73,Q1 best,17.52
6544,Central,Commercial,872.4,796.51,75.89,39404.61,519.2332323099223,Q3,519.23,Q3,8.7
6545,East,Commercial,1280.85,1033.16,247.69,80271.8,324.0817150470346,Q2,324.08,Q2,19.34
6546,Central,Residential,1854.75,1786.47,68.28,81451.82,1192.9089045108378,Q4 (worst),1192.91,Q4 worst,3.68
6547,North,Commercial,1574.87,1272.04,302.83,67287.64,222.19608361126706,Q2,222.2,Q2,19.23
6548,West,Industrial,2095.45,1892.01,203.44,73400.03,360.7944848604011,Q3,360.79,Q3,9.71
6549,West,Commercial,959.41,774.48,184.93,98033.66,530.1122586924782,Q3,530.11,Q3,19.28
6550,North,Commercial,2401.44,2296.36,105.08,59323.63,564.5568138561097,Q3,564.56,Q3,4.38
6551,East,Commercial,2360.47,2031.87,328.6,36114.22,109.90328667072428,Q1 (best),109.9,Q1 best,13.92
6552,West,Industrial,1075.88,888.85,187.03,26902.17,143.8387959150938,Q1 (best),143.84,Q1 best,17.38
6553,Central,Industrial,2424.14,2111.71,312.43,88264.06,282.50827385334316,Q2,282.51,Q2,12.89
6554,Central,Industrial,2133.52,1849.57,283.95,11142.29,39.240324000704355,Q1 (best),39.24,Q1 best,13.31
6555,East,Commercial,1458.69,1305.09,153.6,85769.69,558.3964192708333,Q3,558.4,Q3,10.53
6556,Central,Industrial,2132.03,1783.19,348.84,25022.54,71.73070748767344,Q1 (best),71.73,Q1 best,16.36
6557,North,Residential,1551.28,1277.1,274.18,80293.1,292.8481289663725,Q2,292.85,Q2,17.67
6558,East,Commercial,761.76,716.85,44.91,45467.52,1012.4141616566467,Q4 (worst),1012.41,Q4 worst,5.9
6559,Central,Industrial,1689.73,1369.18,320.55,38342.94,119.61609733270942,Q1 (best),119.62,Q1 best,18.97
6560,South,Industrial,1614.33,1314.94,299.39,54441.73,181.84217909749827,Q2,181.84,Q2,18.55
6561,South,Industrial,1482.12,1285.48,196.64,67946.22,345.5361065907242,Q3,345.54,Q3,13.27
6562,East,Industrial,2161.75,1743.18,418.57,79015.87,188.77576032682705,Q2,188.78,Q2,19.36
6563,North,Industrial,1776.39,1638.14,138.25,57804.08,418.1126943942134,Q3,418.11,Q3,7.78
6564,West,Residential,942.74,855.67,87.07,8379.26,96.23590214769726,Q1 (best),96.24,Q1 best,9.24
6565,North,Commercial,2469.47,2302.96,166.51,78698.79,472.6370187976698,Q3,472.64,Q3,6.74
6566,Central,Residential,2024.04,1667.63,356.41,40945.1,114.8820179007323,Q1 (best),114.88,Q1 best,17.61
6567,Central,Residential,1039.5,937.88,101.62,21397.43,210.56317654005116,Q2,210.56,Q2,9.78
6568,South,Industrial,2119.22,1809.65,309.57,19524.99,63.07132474076946,Q1 (best),63.07,Q1 best,14.61
6569,East,Commercial,900.29,742.2,158.09,70101.18,443.425770130938,Q3,443.43,Q3,17.56
6570,East,Commercial,1618.55,1343.74,274.81,17774.8,64.68032458789709,Q1 (best),64.68,Q1 best,16.98
6571,Central,Industrial,2140.87,1811.25,329.62,54389.33,165.00615860688066,Q1 (best),165.01,Q1 best,15.4
6572,West,Commercial,610.49,562.95,47.54,96265.47,2024.9362641985697,Q4 (worst),2024.94,Q4 worst,7.79
6573,West,Commercial,2358.92,2237.4,121.52,7937.3,65.3168202764977,Q1 (best),65.32,Q1 best,5.15
6574,South,Residential,2287.62,2092.43,195.19,59037.92,302.46385573031404,Q2,302.46,Q2,8.53
6575,East,Commercial,1336.82,1147.88,188.94,33164.95,175.53165025934157,Q2,175.53,Q2,14.13
6576,North,Commercial,2180.27,1772.76,407.51,68082.75,167.07013324826386,Q1 (best),167.07,Q1 best,18.69
6577,East,Residential,1991.9,1744.77,247.13,64697.0,261.7933880953344,Q2,261.79,Q2,12.41
6578,North,Industrial,2289.7,1994.47,295.23,51524.19,174.52220302814754,Q2,174.52,Q2,12.89
6579,East,Commercial,1324.88,1136.0,188.88,99525.44,526.9241846675138,Q3,526.92,Q3,14.26
6580,Central,Industrial,669.58,649.16,20.42,99320.14,4863.865817825661,Q4 (worst),4863.87,Q4 worst,3.05
6581,North,Industrial,1181.93,1052.87,129.06,91090.22,705.7974585464125,Q4 (worst),705.8,Q4 worst,10.92
6582,East,Industrial,1183.28,983.7,199.58,68552.65,343.484567591943,Q3,343.48,Q3,16.87
6583,South,Commercial,857.57,736.56,121.01,34171.39,282.38484422774974,Q2,282.38,Q2,14.11
6584,East,Residential,1636.45,1561.34,75.11,22671.82,301.8482226068433,Q2,301.85,Q2,4.59
6585,West,Commercial,1335.57,1105.67,229.9,25402.79,110.49495432796868,Q1 (best),110.49,Q1 best,17.21
6586,West,Commercial,1273.43,1051.22,222.21,46144.8,207.66302146618065,Q2,207.66,Q2,17.45
6587,North,Commercial,2081.26,1738.15,343.11,22925.05,66.8154527702486,Q1 (best),66.82,Q1 best,16.49
6588,East,Residential,1519.47,1238.87,280.6,67364.21,240.07202423378476,Q2,240.07,Q2,18.47
6589,North,Commercial,1610.47,1563.52,46.95,41526.68,884.4873269435569,Q4 (worst),884.49,Q4 worst,2.92
6590,West,Industrial,2366.15,2263.37,102.78,7884.06,76.70811441914769,Q1 (best),76.71,Q1 best,4.34
6591,Central,Industrial,1555.84,1505.12,50.72,26109.71,514.7813485804417,Q3,514.78,Q3,3.26
6592,West,Residential,1683.34,1494.98,188.36,67752.55,359.697122531323,Q3,359.7,Q3,11.19
6593,West,Industrial,1714.29,1561.68,152.61,40021.72,262.24834545573685,Q2,262.25,Q2,8.9
6594,North,Residential,1501.11,1338.49,162.62,15423.1,94.84134792768417,Q1 (best),94.84,Q1 best,10.83
6595,Central,Residential,1304.59,1183.38,121.21,42893.69,353.8791353848693,Q3,353.88,Q3,9.29
6596,East,Industrial,1257.45,1053.12,204.33,98345.26,481.30602456810055,Q3,481.31,Q3,16.25
6597,East,Commercial,897.98,841.08,56.9,26098.98,458.68154657293496,Q3,458.68,Q3,6.34
6598,North,Residential,1934.64,1851.05,83.59,44092.48,527.4851058739084,Q3,527.49,Q3,4.32
6599,North,Industrial,1283.01,1069.42,213.59,40195.4,188.18952198136617,Q2,188.19,Q2,16.65
6600,Central,Residential,1670.63,1488.9,181.73,59014.32,324.7362570846861,Q2,324.74,Q2,10.88
6601,North,Commercial,1328.55,1269.7,58.85,19761.12,335.7879354290569,Q3,335.79,Q3,4.43
6602,North,Industrial,2422.57,1976.8,445.77,56432.63,126.59584539112097,Q1 (best),126.6,Q1 best,18.4
6603,Central,Residential,1916.76,1850.64,66.12,43559.0,658.7870538415002,Q4 (worst),658.79,Q4 worst,3.45
6604,Central,Residential,1608.49,1558.66,49.83,92592.71,1858.1719847481438,Q4 (worst),1858.17,Q4 worst,3.1
6605,West,Commercial,1224.19,1017.96,206.23,20915.95,101.42050138195219,Q1 (best),101.42,Q1 best,16.85
6606,Central,Residential,886.5,825.34,61.16,88247.62,1442.8976455199477,Q4 (worst),1442.9,Q4 worst,6.9
6607,South,Commercial,926.98,797.77,129.21,84495.18,653.9368469932667,Q4 (worst),653.94,Q4 worst,13.94
6608,Central,Industrial,521.38,453.96,67.42,15809.01,234.4854642539306,Q2,234.49,Q2,12.93
6609,West,Commercial,1685.01,1619.09,65.92,79308.78,1203.1064927184466,Q4 (worst),1203.11,Q4 worst,3.91
6610,West,Commercial,1182.69,1147.0,35.69,86354.76,2419.5785934435416,Q4 (worst),2419.58,Q4 worst,3.02
6611,North,Industrial,595.29,581.18,14.11,75565.66,5355.468462083629,Q4 (worst),5355.47,Q4 worst,2.37
6612,Central,Commercial,2257.76,2026.0,231.76,74673.95,322.20378840179495,Q2,322.2,Q2,10.27
6613,South,Commercial,761.77,734.72,27.05,88206.35,3260.863216266174,Q4 (worst),3260.86,Q4 worst,3.55
6614,North,Commercial,2194.71,2129.53,65.18,18529.53,284.28244860386616,Q2,284.28,Q2,2.97
6615,South,Residential,2015.22,1877.5,137.72,72311.66,525.0628812082487,Q3,525.06,Q3,6.83
6616,North,Residential,997.14,861.55,135.59,97135.14,716.3886717309535,Q4 (worst),716.39,Q4 worst,13.6
6617,South,Commercial,1804.23,1602.36,201.87,58939.64,291.9682964283945,Q2,291.97,Q2,11.19
6618,East,Commercial,1707.07,1654.07,53.0,22131.93,417.58358490566036,Q3,417.58,Q3,3.1
6619,West,Industrial,1309.5,1228.56,80.94,35891.2,443.4297010130961,Q3,443.43,Q3,6.18
6620,East,Residential,1960.07,1836.96,123.11,45598.47,370.3880269677524,Q3,370.39,Q3,6.28
6621,West,Commercial,1819.01,1572.19,246.82,19331.05,78.32043594522324,Q1 (best),78.32,Q1 best,13.57
6622,West,Industrial,2384.06,1926.47,457.59,65618.06,143.39924386459495,Q1 (best),143.4,Q1 best,19.19
6623,Central,Residential,2329.94,2281.6,48.34,89028.38,1841.7124534546958,Q4 (worst),1841.71,Q4 worst,2.07
6624,North,Residential,522.98,484.78,38.2,57083.02,1494.319895287958,Q4 (worst),1494.32,Q4 worst,7.3
6625,Central,Industrial,1751.73,1690.02,61.71,36808.12,596.469291848971,Q3,596.47,Q3,3.52
6626,West,Residential,1683.07,1349.0,334.07,33652.95,100.73622294728649,Q1 (best),100.74,Q1 best,19.85
6627,West,Industrial,2204.98,1863.02,341.96,12914.39,37.7657913206223,Q1 (best),37.77,Q1 best,15.51
6628,East,Residential,2028.2,1823.27,204.93,85361.44,416.5395012931245,Q3,416.54,Q3,10.1
6629,East,Industrial,1102.13,1013.54,88.59,93227.11,1052.3434924935093,Q4 (worst),1052.34,Q4 worst,8.04
6630,Central,Commercial,692.78,654.69,38.09,50434.67,1324.0921501706482,Q4 (worst),1324.09,Q4 worst,5.5
6631,North,Commercial,2112.81,1992.5,120.31,94816.78,788.1038982628211,Q4 (worst),788.1,Q4 worst,5.69
6632,South,Commercial,2316.88,2087.92,228.96,65171.76,284.64255765199164,Q2,284.64,Q2,9.88
6633,South,Commercial,2140.12,2008.04,132.08,29166.17,220.82200181708052,Q2,220.82,Q2,6.17
6634,East,Industrial,1024.32,928.98,95.34,90008.06,944.074470316761,Q4 (worst),944.07,Q4 worst,9.31
6635,South,Industrial,1414.15,1254.39,159.76,33037.89,206.79700801201804,Q2,206.8,Q2,11.3
6636,North,Industrial,2145.07,1848.84,296.23,43399.87,146.50734226783243,Q1 (best),146.51,Q1 best,13.81
6637,West,Residential,1347.89,1222.34,125.55,61659.66,491.11636798088415,Q3,491.12,Q3,9.31
6638,Central,Industrial,1550.57,1412.29,138.28,9483.66,68.58301995950245,Q1 (best),68.58,Q1 best,8.92
6639,West,Commercial,826.76,795.0,31.76,77490.53,2439.8781486146095,Q4 (worst),2439.88,Q4 worst,3.84
6640,West,Commercial,977.7,909.53,68.17,15442.8,226.53366583541145,Q2,226.53,Q2,6.97
6641,South,Industrial,1623.74,1507.16,116.58,54022.73,463.3962086121119,Q3,463.4,Q3,7.18
6642,Central,Commercial,1790.08,1646.03,144.05,6095.48,42.31502950364456,Q1 (best),42.32,Q1 best,8.05
6643,East,Industrial,2362.76,2190.14,172.62,17549.32,101.66446529950179,Q1 (best),101.66,Q1 best,7.31
6644,West,Residential,997.52,963.38,34.14,32536.61,953.034856473345,Q4 (worst),953.03,Q4 worst,3.42
6645,North,Commercial,1108.34,975.83,132.51,41511.76,313.27265866727043,Q2,313.27,Q2,11.96
6646,North,Industrial,2487.88,2152.06,335.82,63830.58,190.07378953010542,Q2,190.07,Q2,13.5
6647,East,Commercial,1202.71,1004.27,198.44,32622.11,164.39281394880064,Q1 (best),164.39,Q1 best,16.5
6648,East,Industrial,1644.85,1330.65,314.2,92497.66,294.3910248249523,Q2,294.39,Q2,19.1
6649,Central,Residential,510.13,444.37,65.76,50326.72,765.30900243309,Q4 (worst),765.31,Q4 worst,12.89
6650,North,Residential,1270.26,1117.93,152.33,18597.21,122.08501280115537,Q1 (best),122.09,Q1 best,11.99
6651,North,Industrial,1344.5,1120.8,223.7,16667.41,74.50786767992848,Q1 (best),74.51,Q1 best,16.64
6652,East,Commercial,1262.3,1018.22,244.08,50623.32,207.40462143559486,Q2,207.4,Q2,19.34
6653,South,Commercial,1790.49,1574.64,215.85,36842.32,170.68482742645355,Q1 (best),170.68,Q1 best,12.06
6654,South,Commercial,1377.13,1153.02,224.11,37765.16,168.5117129980813,Q1 (best),168.51,Q1 best,16.27
6655,Central,Industrial,1295.5,1053.11,242.39,53777.52,221.86360823466313,Q2,221.86,Q2,18.71
6656,West,Residential,1643.22,1370.05,273.17,26492.91,96.98323388366218,Q1 (best),96.98,Q1 best,16.62
6657,Central,Residential,2446.25,2187.81,258.44,83540.66,323.24972914409534,Q2,323.25,Q2,10.56
6658,East,Industrial,1146.81,993.56,153.25,84221.65,549.5703099510603,Q3,549.57,Q3,13.36
6659,North,Residential,1584.68,1542.66,42.02,92180.64,2193.7325083293667,Q4 (worst),2193.73,Q4 worst,2.65
6660,North,Residential,1897.28,1605.44,291.84,96909.64,332.06428179824564,Q3,332.06,Q3,15.38
6661,North,Residential,1573.68,1533.67,40.01,38768.34,968.9662584353911,Q4 (worst),968.97,Q4 worst,2.54
6662,West,Residential,1631.34,1499.34,132.0,75115.03,569.0532575757576,Q3,569.05,Q3,8.09
6663,West,Commercial,1819.39,1627.92,191.47,96253.12,502.7060113855956,Q3,502.71,Q3,10.52
6664,West,Residential,2312.38,1890.3,422.08,55038.28,130.39774450341167,Q1 (best),130.4,Q1 best,18.25
6665,Central,Residential,1251.97,1109.58,142.39,56864.99,399.3608399466255,Q3,399.36,Q3,11.37
6666,Central,Residential,2075.09,1914.92,160.17,87456.87,546.0252856340139,Q3,546.03,Q3,7.72
6667,Central,Industrial,2073.69,1876.42,197.27,29754.54,150.83155066659907,Q1 (best),150.83,Q1 best,9.51
6668,North,Industrial,1612.05,1555.47,56.58,49536.5,875.512548603747,Q4 (worst),875.51,Q4 worst,3.51
6669,East,Residential,1251.77,1192.23,59.54,63437.7,1065.4635539133355,Q4 (worst),1065.46,Q4 worst,4.76
6670,South,Residential,2006.62,1730.49,276.13,20342.81,73.6711331619165,Q1 (best),73.67,Q1 best,13.76
6671,South,Residential,1542.04,1234.08,307.96,76113.42,247.1535913755033,Q2,247.15,Q2,19.97
6672,Central,Industrial,537.86,505.71,32.15,63235.01,1966.87433903577,Q4 (worst),1966.87,Q4 worst,5.98
6673,North,Residential,2213.04,1881.58,331.46,82551.47,249.0540940083268,Q2,249.05,Q2,14.98
6674,South,Industrial,1812.79,1584.78,228.01,22893.4,100.4052453839744,Q1 (best),100.41,Q1 best,12.58
6675,Central,Industrial,1568.15,1450.49,117.66,67355.45,572.4583545809961,Q3,572.46,Q3,7.5
6676,East,Commercial,926.03,897.5,28.53,29277.91,1026.2148615492463,Q4 (worst),1026.21,Q4 worst,3.08
6677,North,Residential,1683.31,1591.66,91.65,74833.33,816.5120567375886,Q4 (worst),816.51,Q4 worst,5.44
6678,North,Residential,1249.25,1115.63,133.62,24362.72,182.32839395300104,Q2,182.33,Q2,10.7
6679,South,Residential,964.9,924.69,40.21,70029.52,1741.59462820194,Q4 (worst),1741.59,Q4 worst,4.17
6680,East,Industrial,1949.47,1697.02,252.45,79334.38,314.25779362249955,Q2,314.26,Q2,12.95
6681,Central,Commercial,2167.33,1835.47,331.86,24147.0,72.76261073946844,Q1 (best),72.76,Q1 best,15.31
6682,East,Commercial,502.31,482.42,19.89,15391.43,773.8275515334338,Q4 (worst),773.83,Q4 worst,3.96
6683,Central,Industrial,1941.96,1802.11,139.85,80068.27,572.5296388988202,Q3,572.53,Q3,7.2
6684,West,Commercial,1897.51,1634.57,262.94,46729.93,177.72088689434852,Q2,177.72,Q2,13.86
6685,Central,Commercial,569.23,485.32,83.91,62751.36,747.8412584912406,Q4 (worst),747.84,Q4 worst,14.74
6686,West,Residential,1646.92,1355.61,291.31,60884.61,209.00281487075623,Q2,209.0,Q2,17.69
6687,East,Industrial,538.38,511.39,26.99,43124.76,1597.8051130048168,Q4 (worst),1597.81,Q4 worst,5.01
6688,West,Commercial,1815.42,1455.7,359.72,55805.24,155.13521627932835,Q1 (best),155.14,Q1 best,19.81
6689,East,Industrial,1202.38,1161.2,41.18,76999.7,1869.8324429334627,Q4 (worst),1869.83,Q4 worst,3.42
6690,West,Industrial,2174.31,2035.71,138.6,33273.63,240.06948051948052,Q2,240.07,Q2,6.37
6691,Central,Industrial,2183.49,1941.06,242.43,84498.39,348.5475807449573,Q3,348.55,Q3,11.1
6692,East,Residential,1971.24,1704.02,267.22,65585.02,245.43454831225208,Q2,245.43,Q2,13.56
6693,West,Commercial,1423.34,1261.43,161.91,34306.62,211.88697424495092,Q2,211.89,Q2,11.38
6694,Central,Residential,769.43,744.07,25.36,69495.12,2740.3438485804413,Q4 (worst),2740.34,Q4 worst,3.3
6695,East,Industrial,1191.73,1028.43,163.3,40122.95,245.70085731781992,Q2,245.7,Q2,13.7
6696,South,Industrial,1192.27,1133.13,59.14,24471.86,413.7954007439973,Q3,413.8,Q3,4.96
6697,South,Residential,1445.64,1378.03,67.61,38730.58,572.8528324212394,Q3,572.85,Q3,4.68
6698,Central,Industrial,1105.22,947.32,157.9,84207.16,533.2942368587713,Q3,533.29,Q3,14.29
6699,West,Residential,956.56,919.84,36.72,18582.74,506.0659041394336,Q3,506.07,Q3,3.84
6700,West,Industrial,552.62,470.48,82.14,52238.44,635.9683467251035,Q3,635.97,Q3,14.86
6701,East,Industrial,1558.9,1285.97,272.93,19102.16,69.98922800718132,Q1 (best),69.99,Q1 best,17.51
6702,North,Industrial,1223.25,1006.77,216.48,13372.51,61.7724963045085,Q1 (best),61.77,Q1 best,17.7
6703,West,Commercial,2082.8,2030.92,51.88,21549.49,415.3718195836546,Q3,415.37,Q3,2.49
6704,Central,Industrial,1279.11,1162.16,116.95,52643.23,450.1345019238991,Q3,450.13,Q3,9.14
6705,Central,Commercial,1004.0,867.93,136.07,70143.52,515.4958477254355,Q3,515.5,Q3,13.55
6706,Central,Commercial,593.95,543.1,50.85,64246.21,1263.4456243854474,Q4 (worst),1263.45,Q4 worst,8.56
6707,East,Industrial,1406.7,1371.9,34.8,7359.43,211.47787356321842,Q2,211.48,Q2,2.47
6708,East,Residential,963.42,836.05,127.37,14919.8,117.13747350239458,Q1 (best),117.14,Q1 best,13.22
6709,West,Residential,1127.37,984.22,143.15,32965.78,230.28836884387005,Q2,230.29,Q2,12.7
6710,Central,Industrial,986.88,890.89,95.99,37967.03,395.5310969892697,Q3,395.53,Q3,9.73
6711,Central,Residential,593.11,553.23,39.88,96940.8,2430.812437311936,Q4 (worst),2430.81,Q4 worst,6.72
6712,South,Residential,1073.1,939.59,133.51,22145.93,165.87469103437945,Q1 (best),165.87,Q1 best,12.44
6713,Central,Industrial,1755.92,1712.26,43.66,5631.34,128.9816765918461,Q1 (best),128.98,Q1 best,2.49
6714,East,Residential,790.86,708.48,82.38,59835.29,726.3327263899005,Q4 (worst),726.33,Q4 worst,10.42
6715,North,Residential,1716.68,1473.36,243.32,10780.58,44.306181160611544,Q1 (best),44.31,Q1 best,14.17
6716,West,Residential,2497.04,2125.33,371.71,65852.71,177.16152376852926,Q2,177.16,Q2,14.89
6717,South,Commercial,2094.08,1929.97,164.11,7248.57,44.16897203095484,Q1 (best),44.17,Q1 best,7.84
6718,East,Industrial,783.55,730.15,53.4,32548.74,609.5269662921348,Q3,609.53,Q3,6.82
6719,Central,Industrial,1887.32,1769.67,117.65,58151.87,494.2785380365491,Q3,494.28,Q3,6.23
6720,East,Industrial,1149.58,975.93,173.65,28647.92,164.97506478548803,Q1 (best),164.98,Q1 best,15.11
6721,West,Industrial,1221.84,1117.58,104.26,22329.12,214.1676577786303,Q2,214.17,Q2,8.53
6722,West,Industrial,1935.18,1605.46,329.72,13815.62,41.90106757248574,Q1 (best),41.9,Q1 best,17.04
6723,East,Industrial,2474.48,2101.89,372.59,5353.69,14.36885047907888,Q1 (best),14.37,Q1 best,15.06
6724,West,Industrial,704.62,687.53,17.09,22491.89,1316.0848449385605,Q4 (worst),1316.08,Q4 worst,2.43
6725,East,Residential,1509.22,1329.16,180.06,58589.82,325.3905364878374,Q2,325.39,Q2,11.93
6726,Central,Industrial,1121.56,1098.94,22.62,17761.79,785.2250221043324,Q4 (worst),785.23,Q4 worst,2.02
6727,North,Commercial,1535.39,1477.58,57.81,50399.31,871.8095485210171,Q4 (worst),871.81,Q4 worst,3.77
6728,East,Commercial,549.7,457.41,92.29,5240.42,56.782099902481306,Q1 (best),56.78,Q1 best,16.79
6729,South,Residential,502.19,445.9,56.29,24163.23,429.2632794457275,Q3,429.26,Q3,11.21
6730,East,Residential,2416.88,2095.59,321.29,52755.74,164.1997572286719,Q1 (best),164.2,Q1 best,13.29
6731,North,Residential,531.44,449.81,81.63,75748.6,927.9505083915228,Q4 (worst),927.95,Q4 worst,15.36
6732,Central,Industrial,690.56,592.81,97.75,44815.81,458.47375959079284,Q3,458.47,Q3,14.16
6733,East,Industrial,507.9,422.34,85.56,62064.45,725.39095371669,Q4 (worst),725.39,Q4 worst,16.85
6734,Central,Residential,875.19,847.33,27.86,5365.51,192.58829863603734,Q2,192.59,Q2,3.18
6735,North,Commercial,1816.65,1722.82,93.83,94427.03,1006.3628903335821,Q4 (worst),1006.36,Q4 worst,5.17
6736,Central,Commercial,2359.02,2094.58,264.44,31990.07,120.97288609892603,Q1 (best),120.97,Q1 best,11.21
6737,Central,Residential,598.62,488.52,110.1,89546.22,813.3171662125341,Q4 (worst),813.32,Q4 worst,18.39
6738,South,Industrial,829.32,785.78,43.54,63139.48,1450.1488286632982,Q4 (worst),1450.15,Q4 worst,5.25
6739,East,Industrial,1956.68,1789.25,167.43,44789.28,267.51048199247447,Q2,267.51,Q2,8.56
6740,Central,Commercial,1318.01,1164.08,153.93,58479.63,379.9105437536542,Q3,379.91,Q3,11.68
6741,Central,Industrial,1558.66,1361.81,196.85,15771.34,80.11856743713487,Q1 (best),80.12,Q1 best,12.63
6742,South,Commercial,1445.02,1171.57,273.45,56042.05,204.94441396964712,Q2,204.94,Q2,18.92
6743,South,Commercial,1253.54,1162.89,90.65,44908.93,495.4101489244346,Q3,495.41,Q3,7.23
6744,North,Residential,1753.69,1568.08,185.61,8995.17,48.462744464199126,Q1 (best),48.46,Q1 best,10.58
6745,South,Commercial,1686.93,1349.57,337.36,68811.75,203.97127697415223,Q2,203.97,Q2,20.0
6746,East,Commercial,1634.51,1416.22,218.29,58963.25,270.11429749415913,Q2,270.11,Q2,13.36
6747,North,Residential,1262.21,1130.01,132.2,92726.5,701.410741301059,Q4 (worst),701.41,Q4 worst,10.47
6748,West,Residential,1798.92,1637.08,161.84,88612.64,547.5323776569451,Q3,547.53,Q3,9.0
6749,Central,Commercial,1337.02,1147.01,190.01,41796.51,219.97005420767331,Q2,219.97,Q2,14.21
6750,West,Residential,2471.92,2119.63,352.29,6224.35,17.66825626614437,Q1 (best),17.67,Q1 best,14.25
6751,North,Industrial,1122.64,991.09,131.55,39182.6,297.8532877232991,Q2,297.85,Q2,11.72
6752,East,Residential,549.39,531.44,17.95,92175.08,5135.101949860725,Q4 (worst),5135.1,Q4 worst,3.27
6753,Central,Residential,941.12,809.92,131.2,21299.38,162.3428353658537,Q1 (best),162.34,Q1 best,13.94
6754,Central,Industrial,2143.38,1960.96,182.42,70126.92,384.4256112268392,Q3,384.43,Q3,8.51
6755,South,Residential,1632.66,1536.91,95.75,18466.11,192.857545691906,Q2,192.86,Q2,5.86
6756,North,Residential,1291.69,1164.1,127.59,21060.32,165.06246571047888,Q1 (best),165.06,Q1 best,9.88
6757,West,Commercial,513.33,457.62,55.71,84596.09,1518.50816729492,Q4 (worst),1518.51,Q4 worst,10.85
6758,West,Commercial,2057.04,1815.97,241.07,95960.07,398.0589455344921,Q3,398.06,Q3,11.72
6759,North,Commercial,1928.88,1710.45,218.43,19129.32,87.57643180881746,Q1 (best),87.58,Q1 best,11.32
6760,South,Industrial,1436.94,1232.67,204.27,99334.94,486.2923581534244,Q3,486.29,Q3,14.22
6761,Central,Industrial,2360.86,2021.5,339.36,81679.69,240.68744106553513,Q2,240.69,Q2,14.37
6762,North,Residential,1477.21,1404.22,72.99,88965.05,1218.8662830524731,Q4 (worst),1218.87,Q4 worst,4.94
6763,Central,Residential,812.11,656.85,155.26,63048.92,406.0860492077805,Q3,406.09,Q3,19.12
6764,West,Residential,1501.36,1291.26,210.1,72444.79,344.8109947643979,Q3,344.81,Q3,13.99
6765,North,Commercial,500.46,481.82,18.64,93722.68,5028.040772532188,Q4 (worst),5028.04,Q4 worst,3.72
6766,West,Industrial,871.32,839.57,31.75,31934.8,1005.8204724409449,Q4 (worst),1005.82,Q4 worst,3.64
6767,East,Residential,1122.08,960.35,161.73,93331.29,577.0808755332962,Q3,577.08,Q3,14.41
6768,East,Residential,1989.21,1925.24,63.97,95384.79,1491.0862904486478,Q4 (worst),1491.09,Q4 worst,3.22
6769,West,Commercial,2340.94,2013.41,327.53,77907.69,237.86428724086346,Q2,237.86,Q2,13.99
6770,East,Residential,671.69,551.93,119.76,73238.87,611.5470106880426,Q3,611.55,Q3,17.83
6771,East,Commercial,1115.98,1079.35,36.63,58532.87,1597.948948948949,Q4 (worst),1597.95,Q4 worst,3.28
6772,East,Industrial,1176.93,1040.37,136.56,10692.98,78.30243116578792,Q1 (best),78.3,Q1 best,11.6
6773,South,Residential,960.58,832.68,127.9,39105.53,305.7508209538702,Q2,305.75,Q2,13.31
6774,West,Residential,1696.78,1357.84,338.94,41632.25,122.83073700359945,Q1 (best),122.83,Q1 best,19.98
6775,Central,Commercial,822.16,758.62,63.54,23958.23,377.0574441296821,Q3,377.06,Q3,7.73
6776,Central,Residential,2391.84,2164.52,227.32,47493.09,208.92613936301248,Q2,208.93,Q2,9.5
6777,West,Residential,1317.84,1211.57,106.27,78833.52,741.8229039239674,Q4 (worst),741.82,Q4 worst,8.06
6778,East,Industrial,1506.39,1395.23,111.16,54680.2,491.905361640878,Q3,491.91,Q3,7.38
6779,North,Residential,1908.28,1787.82,120.46,80562.82,668.7931263489957,Q4 (worst),668.79,Q4 worst,6.31
6780,South,Industrial,765.22,639.52,125.7,5730.68,45.59013524264121,Q1 (best),45.59,Q1 best,16.43
6781,South,Residential,2193.19,2028.61,164.58,61918.41,376.220743711265,Q3,376.22,Q3,7.5
6782,West,Commercial,2133.38,2077.15,56.23,19945.21,354.7076293793349,Q3,354.71,Q3,2.64
6783,Central,Industrial,2394.28,2101.35,292.93,19573.29,66.81900112654901,Q1 (best),66.82,Q1 best,12.23
6784,North,Industrial,665.4,627.6,37.8,69943.73,1850.3632275132275,Q4 (worst),1850.36,Q4 worst,5.68
6785,North,Industrial,725.39,704.9,20.49,77252.38,3770.2479258174726,Q4 (worst),3770.25,Q4 worst,2.82
6786,East,Industrial,828.01,729.25,98.76,69695.64,705.7071688942891,Q4 (worst),705.71,Q4 worst,11.93
6787,Central,Residential,1660.57,1489.85,170.72,76000.41,445.1757849109653,Q3,445.18,Q3,10.28
6788,North,Commercial,1676.1,1509.67,166.43,90926.15,546.3326924232409,Q3,546.33,Q3,9.93
6789,East,Commercial,728.48,666.93,61.55,56711.25,921.3850528025996,Q4 (worst),921.39,Q4 worst,8.45
6790,West,Commercial,1934.2,1587.09,347.11,74486.47,214.59038921379388,Q2,214.59,Q2,17.95
6791,Central,Commercial,1870.69,1621.25,249.44,44744.72,179.38069275176395,Q2,179.38,Q2,13.33
6792,East,Residential,1264.29,1210.68,53.61,17410.62,324.76440962506996,Q2,324.76,Q2,4.24
6793,Central,Commercial,1191.31,1101.89,89.42,44764.04,500.6043390740327,Q3,500.6,Q3,7.51
6794,East,Commercial,1651.9,1353.29,298.61,46393.96,155.36639764240982,Q1 (best),155.37,Q1 best,18.08
6795,East,Commercial,2198.88,1847.68,351.2,37988.73,108.16836560364466,Q1 (best),108.17,Q1 best,15.97
6796,East,Residential,1214.61,1081.21,133.4,32364.04,242.60899550224886,Q2,242.61,Q2,10.98
6797,Central,Residential,1990.84,1868.4,122.44,11236.79,91.77384841555049,Q1 (best),91.77,Q1 best,6.15
6798,East,Commercial,1185.32,1076.37,108.95,40304.06,369.93171179440105,Q3,369.93,Q3,9.19
6799,East,Commercial,2244.1,2034.52,209.58,56660.04,270.3504151159462,Q2,270.35,Q2,9.34
6800,South,Residential,816.53,681.15,135.38,57548.29,425.0870881961885,Q3,425.09,Q3,16.58
6801,North,Commercial,1665.87,1528.17,137.7,19721.36,143.21975308641976,Q1 (best),143.22,Q1 best,8.27
6802,North,Residential,819.35,782.76,36.59,7584.79,207.29133643071876,Q2,207.29,Q2,4.47
6803,East,Residential,1239.12,1010.0,229.12,57472.3,250.83929818435755,Q2,250.84,Q2,18.49
6804,South,Commercial,1862.42,1567.91,294.51,48454.83,164.5269430579607,Q1 (best),164.53,Q1 best,15.81
6805,Central,Commercial,1506.88,1426.71,80.17,50667.4,631.999501060247,Q3,632.0,Q3,5.32
6806,South,Industrial,1951.09,1601.47,349.62,79279.9,226.76019678508092,Q2,226.76,Q2,17.92
6807,West,Industrial,954.98,870.72,84.26,8398.99,99.67944457631141,Q1 (best),99.68,Q1 best,8.82
6808,West,Commercial,1966.87,1620.57,346.3,38284.82,110.55391279237655,Q1 (best),110.55,Q1 best,17.61
6809,West,Residential,1754.91,1475.47,279.44,24700.47,88.39274978528486,Q1 (best),88.39,Q1 best,15.92
6810,West,Commercial,1629.48,1410.27,219.21,5647.72,25.763970621778203,Q1 (best),25.76,Q1 best,13.45
6811,North,Industrial,2123.57,1769.34,354.23,66905.12,188.87479885949804,Q2,188.87,Q2,16.68
6812,East,Commercial,502.33,467.99,34.34,67030.34,1951.960978450786,Q4 (worst),1951.96,Q4 worst,6.84
6813,Central,Commercial,762.62,630.49,132.13,97624.26,738.8500718988874,Q4 (worst),738.85,Q4 worst,17.33
6814,East,Commercial,571.62,559.7,11.92,91543.7,7679.8406040268455,Q4 (worst),7679.84,Q4 worst,2.09
6815,West,Industrial,1888.95,1695.64,193.31,73753.95,381.5319952408049,Q3,381.53,Q3,10.23
6816,North,Industrial,629.22,609.52,19.7,30080.13,1526.910152284264,Q4 (worst),1526.91,Q4 worst,3.13
6817,South,Residential,1010.11,830.49,179.62,92127.17,512.9004008462309,Q3,512.9,Q3,17.78
6818,Central,Residential,1378.86,1294.16,84.7,86989.78,1027.034002361275,Q4 (worst),1027.03,Q4 worst,6.14
6819,East,Commercial,1639.08,1457.3,181.78,16044.56,88.26361535922544,Q1 (best),88.26,Q1 best,11.09
6820,North,Commercial,1364.01,1154.58,209.43,89267.59,426.2407009501981,Q3,426.24,Q3,15.35
6821,West,Industrial,556.27,472.82,83.45,52943.86,634.4381066506891,Q3,634.44,Q3,15.0
6822,Central,Industrial,1161.41,1099.45,61.96,42471.78,685.4709489993544,Q4 (worst),685.47,Q4 worst,5.33
6823,West,Industrial,700.22,629.93,70.29,75284.26,1071.0522122634798,Q4 (worst),1071.05,Q4 worst,10.04
6824,North,Residential,1931.48,1561.61,369.87,70373.95,190.2667153324141,Q2,190.27,Q2,19.15
6825,North,Residential,863.4,768.09,95.31,15034.95,157.74787535410766,Q1 (best),157.75,Q1 best,11.04
6826,West,Commercial,2407.39,1933.3,474.09,63909.11,134.80375034276193,Q1 (best),134.8,Q1 best,19.69
6827,Central,Residential,2494.1,2293.75,200.35,6388.63,31.887347142500627,Q1 (best),31.89,Q1 best,8.03
6828,Central,Commercial,2250.25,1885.06,365.19,76284.97,208.89117993373313,Q2,208.89,Q2,16.23
6829,North,Industrial,1633.77,1539.16,94.61,38059.15,402.2740725081915,Q3,402.27,Q3,5.79
6830,West,Industrial,2192.37,1943.12,249.25,65354.8,262.2058174523571,Q2,262.21,Q2,11.37
6831,West,Industrial,2386.18,2156.22,229.96,90451.37,393.3352322142981,Q3,393.34,Q3,9.64
6832,North,Industrial,2163.79,2050.18,113.61,21655.03,190.6084851685591,Q2,190.61,Q2,5.25
6833,East,Industrial,1226.08,1017.96,208.12,75169.14,361.1817220834134,Q3,361.18,Q3,16.97
6834,Central,Commercial,1757.41,1504.27,253.14,23722.92,93.7146243185589,Q1 (best),93.71,Q1 best,14.4
6835,North,Residential,1534.28,1410.69,123.59,95216.08,770.4189659357553,Q4 (worst),770.42,Q4 worst,8.06
6836,Central,Commercial,1928.4,1764.42,163.98,18646.68,113.71313574826199,Q1 (best),113.71,Q1 best,8.5
6837,North,Commercial,610.2,530.77,79.43,52064.68,655.4787863527633,Q4 (worst),655.48,Q4 worst,13.02
6838,West,Industrial,1332.47,1191.85,140.62,73287.57,521.1745839852084,Q3,521.17,Q3,10.55
6839,Central,Residential,2203.31,2113.35,89.96,31949.36,355.15073365940424,Q3,355.15,Q3,4.08
6840,West,Residential,1715.83,1479.79,236.04,43706.53,185.16577698695136,Q2,185.17,Q2,13.76
6841,Central,Residential,1854.21,1573.11,281.1,72078.77,256.41682675204555,Q2,256.42,Q2,15.16
6842,West,Commercial,882.43,780.5,101.93,31814.61,312.12214264691454,Q2,312.12,Q2,11.55
6843,Central,Residential,1543.13,1241.94,301.19,12587.19,41.791526943125604,Q1 (best),41.79,Q1 best,19.52
6844,South,Residential,2300.83,2102.05,198.78,69623.86,350.2558607505785,Q3,350.26,Q3,8.64
6845,South,Commercial,1997.88,1861.04,136.84,17170.64,125.47968430283542,Q1 (best),125.48,Q1 best,6.85
6846,Central,Industrial,2197.58,1962.57,235.01,92490.83,393.56125271265057,Q3,393.56,Q3,10.69
6847,West,Commercial,2221.94,2006.4,215.54,64177.61,297.752667718289,Q2,297.75,Q2,9.7
6848,East,Commercial,1431.73,1345.07,86.66,75159.2,867.2882529425341,Q4 (worst),867.29,Q4 worst,6.05
6849,Central,Commercial,1523.34,1428.11,95.23,21400.91,224.72865693583952,Q2,224.73,Q2,6.25
6850,South,Industrial,1438.46,1398.65,39.81,27657.66,694.7415222305953,Q4 (worst),694.74,Q4 worst,2.77
6851,West,Industrial,1016.79,862.64,154.15,61674.47,400.0938696075251,Q3,400.09,Q3,15.16
6852,Central,Residential,2089.91,1736.05,353.86,72481.17,204.830074040581,Q2,204.83,Q2,16.93
6853,North,Residential,1932.14,1844.68,87.46,58451.77,668.3257489137892,Q4 (worst),668.33,Q4 worst,4.53
6854,North,Commercial,1191.45,1084.51,106.94,32873.5,307.401346549467,Q2,307.4,Q2,8.98
6855,Central,Residential,869.23,796.91,72.32,83393.91,1153.1237555309735,Q4 (worst),1153.12,Q4 worst,8.32
6856,West,Industrial,1556.44,1328.02,228.42,50900.82,222.8387181507749,Q2,222.84,Q2,14.68
6857,South,Residential,1267.52,1203.16,64.36,71148.87,1105.482753262896,Q4 (worst),1105.48,Q4 worst,5.08
6858,South,Industrial,1179.16,1120.59,58.57,26430.94,451.2709578282397,Q3,451.27,Q3,4.97
6859,Central,Industrial,2443.33,2200.93,242.4,95591.97,394.3563118811881,Q3,394.36,Q3,9.92
6860,South,Residential,1240.63,1165.16,75.47,78719.82,1043.0610838743874,Q4 (worst),1043.06,Q4 worst,6.08
6861,Central,Residential,793.96,738.71,55.25,55718.28,1008.4756561085973,Q4 (worst),1008.48,Q4 worst,6.96
6862,Central,Residential,1800.37,1517.62,282.75,93492.53,330.65439434129087,Q3,330.65,Q3,15.71
6863,South,Commercial,2279.66,2164.81,114.85,89876.76,782.5577710056596,Q4 (worst),782.56,Q4 worst,5.04
6864,North,Residential,2330.93,2234.01,96.92,26160.7,269.92055303342966,Q2,269.92,Q2,4.16
6865,Central,Residential,1128.24,991.22,137.02,40867.65,298.26047292366076,Q2,298.26,Q2,12.14
6866,Central,Industrial,2000.47,1960.16,40.31,48953.43,1214.4239642768543,Q4 (worst),1214.42,Q4 worst,2.02
6867,South,Industrial,900.4,849.53,50.87,8796.29,172.91704344407316,Q2,172.92,Q2,5.65
6868,East,Residential,2487.47,2220.58,266.89,77479.87,290.3063809059912,Q2,290.31,Q2,10.73
6869,West,Residential,1293.06,1132.94,160.12,46355.17,289.5026854858856,Q2,289.5,Q2,12.38
6870,West,Residential,1028.9,835.07,193.83,33751.47,174.12923696022287,Q2,174.13,Q2,18.84
6871,Central,Industrial,1269.47,1174.96,94.51,99368.33,1051.40545973971,Q4 (worst),1051.41,Q4 worst,7.44
6872,West,Residential,1135.54,1070.58,64.96,13960.15,214.9037869458128,Q2,214.9,Q2,5.72
6873,Central,Industrial,945.64,798.24,147.4,23899.95,162.143487109905,Q1 (best),162.14,Q1 best,15.59
6874,North,Commercial,925.25,809.84,115.41,68885.18,596.8735811454812,Q3,596.87,Q3,12.47
6875,North,Industrial,791.74,685.96,105.78,11406.42,107.83153715258082,Q1 (best),107.83,Q1 best,13.36
6876,East,Commercial,1546.09,1257.47,288.62,37896.97,131.30403298454715,Q1 (best),131.3,Q1 best,18.67
6877,South,Commercial,1927.31,1878.07,49.24,16911.74,343.4553208773355,Q3,343.46,Q3,2.55
6878,West,Residential,1471.83,1226.4,245.43,36192.99,147.4676689891211,Q1 (best),147.47,Q1 best,16.68
6879,East,Residential,559.09,471.81,87.28,68168.52,781.0325389550871,Q4 (worst),781.03,Q4 worst,15.61
6880,West,Residential,1230.22,1108.12,122.1,60198.21,493.0238329238329,Q3,493.02,Q3,9.93
6881,South,Commercial,1401.83,1282.43,119.4,42292.38,354.2075376884422,Q3,354.21,Q3,8.52
6882,North,Residential,2244.37,1933.31,311.06,86797.93,279.03918858098115,Q2,279.04,Q2,13.86
6883,Central,Residential,989.47,803.33,186.14,40361.35,216.8332975179972,Q2,216.83,Q2,18.81
6884,West,Commercial,1109.8,926.13,183.67,86747.05,472.29841563673983,Q3,472.3,Q3,16.55
6885,East,Residential,1522.48,1442.2,80.28,84732.19,1055.4582710513205,Q4 (worst),1055.46,Q4 worst,5.27
6886,West,Residential,1378.52,1237.02,141.5,85620.72,605.0934275618374,Q3,605.09,Q3,10.26
6887,West,Commercial,901.26,838.62,62.64,76116.61,1215.1438378033206,Q4 (worst),1215.14,Q4 worst,6.95
6888,West,Industrial,1999.18,1610.4,388.78,89023.93,228.98279232470807,Q2,228.98,Q2,19.45
6889,West,Commercial,692.03,560.04,131.99,70090.0,531.0250776573982,Q3,531.03,Q3,19.07
6890,East,Commercial,966.91,907.4,59.51,82881.5,1392.732313896824,Q4 (worst),1392.73,Q4 worst,6.15
6891,North,Commercial,2046.6,1767.67,278.93,10706.36,38.38368049331373,Q1 (best),38.38,Q1 best,13.63
6892,Central,Commercial,973.36,944.38,28.98,78395.64,2705.1635610766043,Q4 (worst),2705.16,Q4 worst,2.98
6893,North,Industrial,893.88,835.3,58.58,17775.21,303.4347900307272,Q2,303.43,Q2,6.55
6894,North,Industrial,2415.45,1955.54,459.91,15323.84,33.31921462894914,Q1 (best),33.32,Q1 best,19.04
6895,East,Industrial,1853.55,1511.53,342.02,37272.96,108.9788901233846,Q1 (best),108.98,Q1 best,18.45
6896,North,Industrial,1544.04,1495.45,48.59,69765.14,1435.7921383000617,Q4 (worst),1435.79,Q4 worst,3.15
6897,Central,Commercial,1893.12,1654.15,238.97,59822.11,250.33313805080135,Q2,250.33,Q2,12.62
6898,West,Industrial,1897.75,1788.14,109.61,39139.61,357.08064957576863,Q3,357.08,Q3,5.78
6899,North,Industrial,1427.88,1359.01,68.87,77759.73,1129.0798606069404,Q4 (worst),1129.08,Q4 worst,4.82
6900,Central,Commercial,1615.47,1348.4,267.07,25553.66,95.68150672108436,Q1 (best),95.68,Q1 best,16.53
6901,East,Residential,2067.23,1684.58,382.65,6228.09,16.27620540964328,Q1 (best),16.28,Q1 best,18.51
6902,West,Residential,1846.07,1527.52,318.55,35465.17,111.33313451577459,Q1 (best),111.33,Q1 best,17.26
6903,East,Industrial,1207.94,1172.2,35.74,59010.23,1651.0976496922217,Q4 (worst),1651.1,Q4 worst,2.96
6904,East,Residential,2470.42,2336.29,134.13,26303.47,196.10430179676436,Q2,196.1,Q2,5.43
6905,North,Commercial,1518.44,1345.69,172.75,84256.35,487.7357452966715,Q3,487.74,Q3,11.38
6906,Central,Residential,730.73,621.38,109.35,90490.96,827.5350708733425,Q4 (worst),827.54,Q4 worst,14.96
6907,Central,Commercial,1444.68,1373.42,71.26,68361.43,959.3240246982878,Q4 (worst),959.32,Q4 worst,4.93
6908,South,Industrial,2093.49,1865.94,227.55,28982.71,127.36853438804657,Q1 (best),127.37,Q1 best,10.87
6909,North,Residential,1141.72,1044.6,97.12,30364.76,312.65197693574953,Q2,312.65,Q2,8.51
6910,South,Commercial,2214.31,1868.35,345.96,31712.81,91.66611747022777,Q1 (best),91.67,Q1 best,15.62
6911,South,Commercial,1563.16,1285.19,277.97,45824.97,164.85581177824943,Q1 (best),164.86,Q1 best,17.78
6912,Central,Industrial,1491.34,1324.37,166.97,72651.56,435.1174462478289,Q3,435.12,Q3,11.2
6913,Central,Residential,1217.24,1036.55,180.69,12881.32,71.28961204272511,Q1 (best),71.29,Q1 best,14.84
6914,East,Residential,1010.82,952.08,58.74,36268.67,617.4441607082056,Q3,617.44,Q3,5.81
6915,North,Industrial,948.43,893.35,55.08,30332.71,550.7027959331881,Q3,550.7,Q3,5.81
6916,North,Residential,1409.47,1370.82,38.65,29034.29,751.2106080206986,Q4 (worst),751.21,Q4 worst,2.74
6917,South,Industrial,1271.3,1109.23,162.07,10597.75,65.38995495773432,Q1 (best),65.39,Q1 best,12.75
6918,North,Residential,1360.77,1222.03,138.74,89422.87,644.535606169814,Q3,644.54,Q3,10.2
6919,West,Industrial,1774.74,1666.08,108.66,19206.13,176.7543714338303,Q2,176.75,Q2,6.12
6920,East,Industrial,2029.23,1682.75,346.48,96658.36,278.97240821981063,Q2,278.97,Q2,17.07
6921,North,Commercial,1067.83,918.38,149.45,87255.42,583.8435597189696,Q3,583.84,Q3,14.0
6922,South,Commercial,2477.17,2404.75,72.42,61628.56,850.9881248273957,Q4 (worst),850.99,Q4 worst,2.92
6923,West,Industrial,982.75,885.22,97.53,47439.08,486.40500358863943,Q3,486.41,Q3,9.92
6924,Central,Commercial,624.5,579.87,44.63,8554.96,191.68630965718123,Q2,191.69,Q2,7.15
6925,East,Residential,1526.64,1301.07,225.57,94690.46,419.78303852462653,Q3,419.78,Q3,14.78
6926,North,Commercial,2393.28,1916.86,476.42,49048.3,102.95180722891567,Q1 (best),102.95,Q1 best,19.91
6927,East,Residential,1766.64,1598.52,168.12,38097.65,226.60986200333096,Q2,226.61,Q2,9.52
6928,South,Industrial,1166.43,1001.4,165.03,9389.46,56.89547355026358,Q1 (best),56.9,Q1 best,14.15
6929,Central,Residential,2427.06,1966.64,460.42,30628.04,66.52195821206725,Q1 (best),66.52,Q1 best,18.97
6930,Central,Commercial,1447.14,1215.5,231.64,86962.84,375.4223795544811,Q3,375.42,Q3,16.01
6931,Central,Residential,2250.54,1842.58,407.96,88343.22,216.5487302676733,Q2,216.55,Q2,18.13
6932,East,Industrial,1844.26,1803.76,40.5,97879.64,2416.7812345679013,Q4 (worst),2416.78,Q4 worst,2.2
6933,Central,Residential,1609.43,1540.38,69.05,19912.63,288.37986965966695,Q2,288.38,Q2,4.29
6934,Central,Residential,1514.41,1380.57,133.84,84797.61,633.5744919306635,Q3,633.57,Q3,8.84
6935,Central,Commercial,1565.27,1391.79,173.48,70653.21,407.27005994927373,Q3,407.27,Q3,11.08
6936,North,Residential,2400.21,1971.6,428.61,62594.41,146.04047969016122,Q1 (best),146.04,Q1 best,17.86
6937,Central,Commercial,1159.68,978.58,181.1,10682.02,58.984097183876315,Q1 (best),58.98,Q1 best,15.62
6938,North,Residential,1815.93,1650.98,164.95,51252.34,310.7143983025159,Q2,310.71,Q2,9.08
6939,East,Residential,716.73,641.11,75.62,56028.75,740.9250198360222,Q4 (worst),740.93,Q4 worst,10.55
6940,South,Industrial,1133.68,1096.67,37.01,84182.46,2274.5868684139423,Q4 (worst),2274.59,Q4 worst,3.26
6941,West,Commercial,1427.87,1283.05,144.82,54919.21,379.22393315840355,Q3,379.22,Q3,10.14
6942,North,Industrial,818.69,719.81,98.88,99721.09,1008.5061690938511,Q4 (worst),1008.51,Q4 worst,12.08
6943,Central,Commercial,1975.83,1814.2,161.63,63769.57,394.5404318505228,Q3,394.54,Q3,8.18
6944,North,Industrial,1142.67,1013.25,129.42,93072.03,719.1471951784887,Q4 (worst),719.15,Q4 worst,11.33
6945,West,Commercial,973.88,848.65,125.23,49509.4,395.34776012137667,Q3,395.35,Q3,12.86
6946,Central,Industrial,1800.23,1734.65,65.58,49609.42,756.4717901799329,Q4 (worst),756.47,Q4 worst,3.64
6947,North,Residential,522.79,440.22,82.57,7746.69,93.8196681603488,Q1 (best),93.82,Q1 best,15.79
6948,East,Industrial,2358.43,2100.54,257.89,56834.66,220.38334173484822,Q2,220.38,Q2,10.93
6949,South,Industrial,1690.64,1616.31,74.33,97556.86,1312.48298129961,Q4 (worst),1312.48,Q4 worst,4.4
6950,Central,Residential,715.7,653.56,62.14,33985.21,546.9135822336659,Q3,546.91,Q3,8.68
6951,Central,Industrial,1351.14,1118.01,233.13,87501.52,375.3335907004676,Q3,375.33,Q3,17.25
6952,East,Commercial,623.47,537.45,86.02,30940.55,359.69018832829573,Q3,359.69,Q3,13.8
6953,East,Industrial,1324.99,1172.67,152.32,64785.99,425.3281906512605,Q3,425.33,Q3,11.5
6954,West,Industrial,1195.26,1159.27,35.99,51886.22,1441.6843567657681,Q4 (worst),1441.68,Q4 worst,3.01
6955,West,Residential,1400.54,1250.47,150.07,91365.62,608.8200173252482,Q3,608.82,Q3,10.72
6956,South,Industrial,1263.96,1132.34,131.62,98603.52,749.1530162589272,Q4 (worst),749.15,Q4 worst,10.41
6957,West,Commercial,2196.89,2029.71,167.18,51067.2,305.4623758822825,Q2,305.46,Q2,7.61
6958,Central,Industrial,1056.27,889.24,167.03,50427.96,301.90959707836913,Q2,301.91,Q2,15.81
6959,East,Industrial,1472.48,1252.15,220.33,60009.62,272.3624563155267,Q2,272.36,Q2,14.96
6960,Central,Commercial,2498.99,2031.02,467.97,54231.64,115.88700130350236,Q1 (best),115.89,Q1 best,18.73
6961,West,Residential,1772.35,1615.0,157.35,63601.04,404.20108039402606,Q3,404.2,Q3,8.88
6962,West,Commercial,2436.94,1965.61,471.33,54570.48,115.77977213417351,Q1 (best),115.78,Q1 best,19.34
6963,East,Industrial,1347.87,1246.68,101.19,44555.51,440.3153473663406,Q3,440.32,Q3,7.51
6964,North,Commercial,1143.29,944.88,198.41,95101.69,479.31903633889425,Q3,479.32,Q3,17.35
6965,East,Industrial,991.12,962.75,28.37,59459.1,2095.844201621431,Q4 (worst),2095.84,Q4 worst,2.86
6966,Central,Commercial,2039.37,1913.74,125.63,12955.04,103.12059221523522,Q1 (best),103.12,Q1 best,6.16
6967,North,Residential,1343.6,1211.1,132.5,47776.38,360.57645283018866,Q3,360.58,Q3,9.86
6968,South,Residential,1650.33,1343.07,307.26,29665.37,96.5481025841307,Q1 (best),96.55,Q1 best,18.62
6969,East,Residential,1304.72,1244.03,60.69,44280.58,729.6190476190477,Q4 (worst),729.62,Q4 worst,4.65
6970,North,Industrial,980.6,882.49,98.11,30588.96,311.78228519009275,Q2,311.78,Q2,10.01
6971,West,Residential,669.2,636.35,32.85,22006.6,669.9117199391171,Q4 (worst),669.91,Q4 worst,4.91
6972,East,Industrial,1359.7,1282.61,77.09,64104.22,831.5503956414581,Q4 (worst),831.55,Q4 worst,5.67
6973,South,Commercial,1967.44,1818.11,149.33,52186.73,349.4725105471104,Q3,349.47,Q3,7.59
6974,Central,Residential,1935.96,1638.29,297.67,18160.89,61.01014546309671,Q1 (best),61.01,Q1 best,15.38
6975,South,Residential,1598.92,1309.14,289.78,12490.18,43.10228449168335,Q1 (best),43.1,Q1 best,18.12
6976,South,Industrial,777.53,684.23,93.3,60704.9,650.6420150053591,Q4 (worst),650.64,Q4 worst,12.0
6977,East,Residential,581.74,479.66,102.08,24262.87,237.68485501567397,Q2,237.68,Q2,17.55
6978,Central,Commercial,2476.72,2275.66,201.06,33245.67,165.3519844822441,Q1 (best),165.35,Q1 best,8.12
6979,East,Residential,1346.6,1292.09,54.51,40416.4,741.4492753623189,Q4 (worst),741.45,Q4 worst,4.05
6980,West,Industrial,810.21,727.1,83.11,25245.07,303.75490314041633,Q2,303.75,Q2,10.26
6981,West,Commercial,1403.92,1216.65,187.27,22532.62,120.32156778982217,Q1 (best),120.32,Q1 best,13.34
6982,East,Commercial,553.37,476.19,77.18,88664.48,1148.8012438455557,Q4 (worst),1148.8,Q4 worst,13.95
6983,West,Industrial,1098.14,914.13,184.01,98049.56,532.8490842888973,Q3,532.85,Q3,16.76
6984,North,Industrial,1895.54,1797.77,97.77,77733.26,795.0624936074461,Q4 (worst),795.06,Q4 worst,5.16
6985,North,Commercial,858.13,732.08,126.05,99975.12,793.1385957953192,Q4 (worst),793.14,Q4 worst,14.69
6986,West,Commercial,831.33,798.48,32.85,84669.12,2577.4465753424656,Q4 (worst),2577.45,Q4 worst,3.95
6987,West,Residential,1145.61,996.28,149.33,91109.85,610.1242215228018,Q3,610.12,Q3,13.03
6988,West,Residential,1184.59,1150.18,34.41,22208.64,645.4123801220576,Q3,645.41,Q3,2.9
6989,South,Commercial,2029.22,1910.02,119.2,19730.1,165.5209731543624,Q1 (best),165.52,Q1 best,5.87
6990,East,Commercial,1985.26,1776.8,208.46,6359.58,30.507435479228626,Q1 (best),30.51,Q1 best,10.5
6991,South,Residential,747.9,630.37,117.53,58132.58,494.6190759806007,Q3,494.62,Q3,15.71
6992,Central,Residential,1732.14,1679.34,52.8,5913.42,111.99659090909091,Q1 (best),112.0,Q1 best,3.05
6993,Central,Industrial,2410.0,2004.96,405.04,62413.05,154.0910774244519,Q1 (best),154.09,Q1 best,16.81
6994,West,Commercial,2140.13,1750.45,389.68,96334.89,247.21538185177582,Q2,247.22,Q2,18.21
6995,East,Commercial,1233.39,1205.43,27.96,75996.67,2718.049713876967,Q4 (worst),2718.05,Q4 worst,2.27
6996,South,Residential,1020.96,840.25,180.71,86305.18,477.58939737701286,Q3,477.59,Q3,17.7
6997,West,Industrial,2316.87,2228.5,88.37,11957.85,135.31571800384745,Q1 (best),135.32,Q1 best,3.81
6998,South,Industrial,1970.09,1655.46,314.63,48309.82,153.54486221911452,Q1 (best),153.54,Q1 best,15.97
6999,West,Industrial,1257.87,1178.07,79.8,31156.3,390.4298245614035,Q3,390.43,Q3,6.34
7000,Central,Industrial,2425.3,2055.74,369.56,83590.88,226.19028033336943,Q2,226.19,Q2,15.24
7001,South,Residential,2052.13,1715.49,336.64,69134.48,205.3662072243346,Q2,205.37,Q2,16.4
7002,North,Residential,1294.61,1140.09,154.52,87620.77,567.0513202174476,Q3,567.05,Q3,11.94
7003,North,Residential,507.77,432.59,75.18,15699.64,208.82734769885604,Q2,208.83,Q2,14.81
7004,East,Industrial,1533.09,1275.88,257.21,12533.08,48.7270323859881,Q1 (best),48.73,Q1 best,16.78
7005,North,Industrial,1491.72,1260.15,231.57,27646.77,119.3883922787926,Q1 (best),119.39,Q1 best,15.52
7006,North,Residential,2291.07,2097.1,193.97,70187.15,361.8453884621333,Q3,361.85,Q3,8.47
7007,Central,Commercial,2312.26,2184.71,127.55,87777.56,688.1815758526068,Q4 (worst),688.18,Q4 worst,5.52
7008,West,Commercial,830.58,688.74,141.84,24453.65,172.403059785674,Q2,172.4,Q2,17.08
7009,South,Industrial,1855.79,1698.44,157.35,33987.0,215.99618684461393,Q2,216.0,Q2,8.48
7010,West,Residential,1497.58,1433.16,64.42,93721.21,1454.846476249612,Q4 (worst),1454.85,Q4 worst,4.3
7011,Central,Commercial,772.0,747.86,24.14,13761.92,570.0878210439105,Q3,570.09,Q3,3.13
7012,South,Residential,1416.07,1179.25,236.82,82887.68,350.00287137910647,Q3,350.0,Q3,16.72
7013,East,Residential,1209.96,1005.2,204.76,45649.58,222.94188318030868,Q2,222.94,Q2,16.92
7014,North,Residential,2477.26,2140.96,336.3,10700.79,31.819179304192687,Q1 (best),31.82,Q1 best,13.58
7015,North,Commercial,688.2,573.35,114.85,10157.9,88.44492816717458,Q1 (best),88.44,Q1 best,16.69
7016,East,Residential,1307.41,1169.14,138.27,22138.69,160.11202719317276,Q1 (best),160.11,Q1 best,10.58
7017,West,Industrial,1522.23,1227.26,294.97,94451.0,320.2054446214869,Q2,320.21,Q2,19.38
7018,East,Commercial,1603.73,1459.84,143.89,79685.85,553.7969977065815,Q3,553.8,Q3,8.97
7019,East,Residential,601.37,524.58,76.79,7774.76,101.24703737465815,Q1 (best),101.25,Q1 best,12.77
7020,North,Residential,610.43,515.55,94.88,38597.0,406.7980607082631,Q3,406.8,Q3,15.54
7021,South,Industrial,1579.4,1492.22,87.18,96800.66,1110.3539802707041,Q4 (worst),1110.35,Q4 worst,5.52
7022,South,Industrial,1219.09,995.92,223.17,14270.99,63.94672222969037,Q1 (best),63.95,Q1 best,18.31
7023,Central,Industrial,1703.19,1516.26,186.93,6526.5,34.91413898250682,Q1 (best),34.91,Q1 best,10.98
7024,East,Industrial,2205.91,2095.91,110.0,26506.98,240.97254545454544,Q2,240.97,Q2,4.99
7025,South,Residential,1531.76,1318.53,213.23,87781.34,411.67443605496413,Q3,411.67,Q3,13.92
7026,South,Residential,2321.79,2181.64,140.15,90362.06,644.7524794862646,Q3,644.75,Q3,6.04
7027,West,Commercial,1764.54,1460.89,303.65,51523.66,169.6810801910094,Q1 (best),169.68,Q1 best,17.21
7028,South,Residential,635.42,539.78,95.64,21735.14,227.2599330823923,Q2,227.26,Q2,15.05
7029,West,Residential,2295.65,2011.92,283.73,73246.09,258.1541958904592,Q2,258.15,Q2,12.36
7030,South,Industrial,1592.62,1370.59,222.03,12931.92,58.24402107823267,Q1 (best),58.24,Q1 best,13.94
7031,East,Commercial,624.16,557.09,67.07,40929.14,610.2451170418966,Q3,610.25,Q3,10.75
7032,East,Commercial,600.27,529.98,70.29,52584.38,748.1061317399344,Q4 (worst),748.11,Q4 worst,11.71
7033,West,Residential,2413.95,2335.54,78.41,7103.57,90.59520469327892,Q1 (best),90.6,Q1 best,3.25
7034,North,Industrial,2156.91,2041.95,114.96,61441.53,534.4600730688935,Q3,534.46,Q3,5.33
7035,Central,Commercial,1785.58,1469.48,316.1,89946.14,284.5496361910788,Q2,284.55,Q2,17.7
7036,Central,Industrial,1610.67,1320.71,289.96,39193.63,135.16909228859154,Q1 (best),135.17,Q1 best,18.0
7037,South,Residential,1182.72,947.67,235.05,40046.98,170.3764305466922,Q1 (best),170.38,Q1 best,19.87
7038,West,Residential,1177.02,1065.02,112.0,79900.18,713.3944642857142,Q4 (worst),713.39,Q4 worst,9.52
7039,West,Industrial,2157.19,1786.52,370.67,65002.08,175.36374672889633,Q2,175.36,Q2,17.18
7040,West,Residential,831.26,711.47,119.79,16434.84,137.19709491610317,Q1 (best),137.2,Q1 best,14.41
7041,West,Residential,2294.26,2188.52,105.74,12232.73,115.68687346321165,Q1 (best),115.69,Q1 best,4.61
7042,South,Commercial,2195.04,2034.01,161.03,45137.6,280.30553313047255,Q2,280.31,Q2,7.34
7043,North,Commercial,771.77,628.13,143.64,94859.18,660.3952937900307,Q4 (worst),660.4,Q4 worst,18.61
7044,Central,Commercial,561.57,542.4,19.17,33240.43,1733.9817423056859,Q4 (worst),1733.98,Q4 worst,3.41
7045,West,Residential,678.02,648.6,29.42,56929.09,1935.047246770904,Q4 (worst),1935.05,Q4 worst,4.34
7046,East,Industrial,848.17,767.28,80.89,80849.4,999.4980838175298,Q4 (worst),999.5,Q4 worst,9.54
7047,Central,Industrial,2400.2,2323.06,77.14,89634.59,1161.972906403941,Q4 (worst),1161.97,Q4 worst,3.21
7048,North,Residential,1419.31,1225.16,194.15,26322.12,135.57620396600566,Q1 (best),135.58,Q1 best,13.68
7049,North,Residential,1513.06,1415.24,97.82,12319.84,125.94397873645472,Q1 (best),125.94,Q1 best,6.47
7050,North,Industrial,780.8,747.32,33.48,62273.47,1860.0200119474316,Q4 (worst),1860.02,Q4 worst,4.29
7051,East,Commercial,2141.76,1775.67,366.09,90962.79,248.47111366057527,Q2,248.47,Q2,17.09
7052,South,Residential,990.08,966.03,24.05,76437.81,3178.287318087318,Q4 (worst),3178.29,Q4 worst,2.43
7053,East,Industrial,773.82,636.02,137.8,23530.9,170.76124818577648,Q1 (best),170.76,Q1 best,17.81
7054,West,Commercial,971.3,947.14,24.16,33928.53,1404.326572847682,Q4 (worst),1404.33,Q4 worst,2.49
7055,East,Commercial,1734.14,1541.0,193.14,84785.39,438.98410479444965,Q3,438.98,Q3,11.14
7056,Central,Commercial,2453.58,1968.82,484.76,90201.42,186.07438732568693,Q2,186.07,Q2,19.76
7057,North,Residential,1872.95,1777.98,94.97,61892.71,651.7080130567548,Q4 (worst),651.71,Q4 worst,5.07
7058,West,Commercial,1927.23,1685.23,242.0,66476.87,274.69780991735536,Q2,274.7,Q2,12.56
7059,Central,Commercial,1353.44,1201.0,152.44,51814.87,339.9033718184204,Q3,339.9,Q3,11.26
7060,East,Residential,1008.45,829.93,178.52,73573.38,412.12962133094334,Q3,412.13,Q3,17.7
7061,West,Commercial,576.98,507.42,69.56,62409.04,897.1972397929844,Q4 (worst),897.2,Q4 worst,12.06
7062,West,Industrial,723.01,663.41,59.6,45773.78,768.0164429530201,Q4 (worst),768.02,Q4 worst,8.24
7063,Central,Industrial,1345.96,1135.08,210.88,55577.05,263.5482264795144,Q2,263.55,Q2,15.67
7064,West,Commercial,1937.71,1791.24,146.47,14651.13,100.02819690038915,Q1 (best),100.03,Q1 best,7.56
7065,South,Commercial,1838.69,1612.15,226.54,47505.86,209.70186280568555,Q2,209.7,Q2,12.32
7066,South,Residential,2406.86,1958.25,448.61,71397.78,159.15334031787074,Q1 (best),159.15,Q1 best,18.64
7067,West,Residential,1741.59,1685.19,56.4,58913.76,1044.5702127659574,Q4 (worst),1044.57,Q4 worst,3.24
7068,East,Commercial,1406.55,1369.49,37.06,61045.44,1647.2056125202373,Q4 (worst),1647.21,Q4 worst,2.63
7069,Central,Industrial,2232.44,1939.58,292.86,94484.68,322.62746704910194,Q2,322.63,Q2,13.12
7070,South,Industrial,854.99,744.39,110.6,73370.87,663.3894213381556,Q4 (worst),663.39,Q4 worst,12.94
7071,Central,Residential,759.87,642.14,117.73,28550.96,242.51218890682068,Q2,242.51,Q2,15.49
7072,South,Commercial,2276.5,2021.54,254.96,56106.77,220.06106840288672,Q2,220.06,Q2,11.2
7073,Central,Residential,1581.56,1432.66,148.9,79174.97,531.7325050369375,Q3,531.73,Q3,9.41
7074,North,Residential,1265.8,1024.98,240.82,96633.33,401.2678764222241,Q3,401.27,Q3,19.03
7075,West,Industrial,1271.77,1159.15,112.62,93070.52,826.4120049724738,Q4 (worst),826.41,Q4 worst,8.86
7076,South,Industrial,910.54,729.06,181.48,63321.66,348.91811769892,Q3,348.92,Q3,19.93
7077,North,Residential,2300.13,2043.68,256.45,46033.89,179.50434782608696,Q2,179.5,Q2,11.15
7078,East,Commercial,1966.55,1659.2,307.35,9337.37,30.380250528713194,Q1 (best),30.38,Q1 best,15.63
7079,West,Commercial,1625.71,1399.71,226.0,15708.66,69.50734513274337,Q1 (best),69.51,Q1 best,13.9
7080,North,Commercial,1098.07,997.6,100.47,47200.26,469.79456554195286,Q3,469.79,Q3,9.15
7081,Central,Commercial,1422.08,1154.01,268.07,31887.32,118.95146790017533,Q1 (best),118.95,Q1 best,18.85
7082,North,Commercial,1099.96,984.24,115.72,8397.73,72.56939163498099,Q1 (best),72.57,Q1 best,10.52
7083,South,Commercial,1060.43,1023.65,36.78,59546.23,1618.983958673192,Q4 (worst),1618.98,Q4 worst,3.47
7084,South,Industrial,1405.8,1166.45,239.35,93778.0,391.80279924796326,Q3,391.8,Q3,17.03
7085,West,Residential,1524.14,1383.52,140.62,73340.94,521.5541174797327,Q3,521.55,Q3,9.23
7086,West,Industrial,2307.76,2025.8,281.96,34565.56,122.59029649595688,Q1 (best),122.59,Q1 best,12.22
7087,Central,Commercial,1909.82,1864.39,45.43,82055.34,1806.1928241250275,Q4 (worst),1806.19,Q4 worst,2.38
7088,South,Commercial,1938.32,1567.42,370.9,39125.28,105.48740900512267,Q1 (best),105.49,Q1 best,19.14
7089,Central,Residential,1931.52,1838.26,93.26,8081.66,86.65730216598756,Q1 (best),86.66,Q1 best,4.83
7090,North,Industrial,2399.78,1925.34,474.44,49482.25,104.29611752803305,Q1 (best),104.3,Q1 best,19.77
7091,South,Industrial,1531.72,1328.92,202.8,63599.24,313.60571992110454,Q2,313.61,Q2,13.24
7092,East,Industrial,2477.37,2037.64,439.73,95216.64,216.5343278830191,Q2,216.53,Q2,17.75
7093,South,Commercial,2048.19,1898.48,149.71,58192.12,388.698951305858,Q3,388.7,Q3,7.31
7094,North,Residential,1885.5,1636.46,249.04,36830.93,147.89162383552843,Q1 (best),147.89,Q1 best,13.21
7095,South,Commercial,1061.61,967.57,94.04,87629.07,931.8276265418971,Q4 (worst),931.83,Q4 worst,8.86
7096,Central,Commercial,1140.09,1043.68,96.41,86288.86,895.0198112229023,Q4 (worst),895.02,Q4 worst,8.46
7097,East,Industrial,2016.65,1801.97,214.68,82110.16,382.476989006894,Q3,382.48,Q3,10.65
7098,West,Commercial,2104.42,1916.78,187.64,58536.83,311.96349392453635,Q2,311.96,Q2,8.92
7099,South,Residential,966.09,834.89,131.2,60475.77,460.94336890243903,Q3,460.94,Q3,13.58
7100,South,Commercial,2155.3,1844.55,310.75,91859.28,295.6050844730491,Q2,295.61,Q2,14.42
7101,Central,Commercial,1818.98,1466.52,352.46,62271.94,176.6780343868808,Q2,176.68,Q2,19.38
7102,East,Industrial,603.76,530.24,73.52,96736.75,1315.7882208922742,Q4 (worst),1315.79,Q4 worst,12.18
7103,East,Commercial,2302.79,1900.38,402.41,54184.67,134.65040630203026,Q1 (best),134.65,Q1 best,17.47
7104,East,Industrial,1680.73,1454.58,226.15,24829.03,109.79009506964404,Q1 (best),109.79,Q1 best,13.46
7105,South,Industrial,1898.48,1717.1,181.38,5832.82,32.15801080604256,Q1 (best),32.16,Q1 best,9.55
7106,West,Commercial,1146.14,1089.98,56.16,94680.84,1685.9123931623933,Q4 (worst),1685.91,Q4 worst,4.9
7107,East,Industrial,2376.43,1943.18,433.25,16835.16,38.857841892671665,Q1 (best),38.86,Q1 best,18.23
7108,South,Industrial,1526.87,1336.63,190.24,5731.02,30.125210260723296,Q1 (best),30.13,Q1 best,12.46
7109,Central,Industrial,1051.29,852.58,198.71,88436.12,445.05118011172056,Q3,445.05,Q3,18.9
7110,North,Industrial,952.91,869.09,83.82,50330.9,600.4640897160583,Q3,600.46,Q3,8.8
7111,West,Industrial,2228.0,1793.24,434.76,76790.32,176.62692059987123,Q2,176.63,Q2,19.51
7112,Central,Residential,678.02,646.71,31.31,99451.13,3176.337591823699,Q4 (worst),3176.34,Q4 worst,4.62
7113,South,Industrial,1255.94,1061.04,194.9,48868.12,250.7343252950231,Q2,250.73,Q2,15.52
7114,North,Residential,707.99,641.08,66.91,59233.78,885.275444627111,Q4 (worst),885.28,Q4 worst,9.45
7115,North,Commercial,2373.89,1946.92,426.97,84254.07,197.33018713258542,Q2,197.33,Q2,17.99
7116,West,Industrial,1569.21,1314.1,255.11,66501.16,260.6764140958802,Q2,260.68,Q2,16.26
7117,West,Residential,1689.55,1638.4,51.15,70961.63,1387.324144672532,Q4 (worst),1387.32,Q4 worst,3.03
7118,Central,Residential,2195.46,1868.63,326.83,8908.97,27.258727778967657,Q1 (best),27.26,Q1 best,14.89
7119,East,Residential,1069.88,1000.78,69.1,76664.71,1109.4748191027497,Q4 (worst),1109.47,Q4 worst,6.46
7120,South,Residential,848.04,780.72,67.32,63700.72,946.2376708259062,Q4 (worst),946.24,Q4 worst,7.94
7121,Central,Commercial,1375.89,1183.93,191.96,21487.39,111.93680975203166,Q1 (best),111.94,Q1 best,13.95
7122,Central,Residential,906.29,881.86,24.43,62068.22,2540.655751125665,Q4 (worst),2540.66,Q4 worst,2.7
7123,South,Commercial,1786.9,1699.02,87.88,51873.06,590.271506599909,Q3,590.27,Q3,4.92
7124,Central,Commercial,2020.3,1866.72,153.58,36238.02,235.95533272561528,Q2,235.96,Q2,7.6
7125,North,Residential,1036.72,956.0,80.72,74148.02,918.5830029732409,Q4 (worst),918.58,Q4 worst,7.79
7126,South,Industrial,2411.1,2269.63,141.47,24871.21,175.80554181098466,Q2,175.81,Q2,5.87
7127,East,Residential,2013.06,1951.06,62.0,57842.41,932.9420967741936,Q4 (worst),932.94,Q4 worst,3.08
7128,South,Commercial,1788.81,1531.81,257.0,42586.51,165.7062645914397,Q1 (best),165.71,Q1 best,14.37
7129,South,Residential,1725.19,1433.96,291.23,60524.35,207.82319815953025,Q2,207.82,Q2,16.88
7130,East,Residential,2322.56,2165.97,156.59,13343.42,85.21246567469187,Q1 (best),85.21,Q1 best,6.74
7131,West,Residential,1909.72,1551.23,358.49,11258.83,31.406259588830927,Q1 (best),31.41,Q1 best,18.77
7132,South,Residential,2440.89,2099.76,341.13,25840.76,75.75047635798668,Q1 (best),75.75,Q1 best,13.98
7133,Central,Industrial,873.16,717.81,155.35,32002.0,205.99935629224333,Q2,206.0,Q2,17.79
7134,East,Industrial,1005.5,955.0,50.5,63400.64,1255.4582178217822,Q4 (worst),1255.46,Q4 worst,5.02
7135,North,Residential,2119.62,1755.34,364.28,46391.38,127.35088393543428,Q1 (best),127.35,Q1 best,17.19
7136,East,Industrial,683.3,563.35,119.95,40236.49,335.44385160483534,Q3,335.44,Q3,17.55
7137,East,Residential,2459.14,2314.86,144.28,95406.3,661.2579706126976,Q4 (worst),661.26,Q4 worst,5.87
7138,Central,Commercial,1274.15,1053.03,221.12,82629.19,373.6848317655572,Q3,373.68,Q3,17.35
7139,East,Industrial,1076.73,887.83,188.9,78436.87,415.22959237691896,Q3,415.23,Q3,17.54
7140,Central,Industrial,747.96,627.92,120.04,86880.22,723.760579806731,Q4 (worst),723.76,Q4 worst,16.05
7141,Central,Commercial,1055.99,1003.32,52.67,21382.33,405.9679134232011,Q3,405.97,Q3,4.99
7142,West,Residential,1305.81,1110.68,195.13,49542.81,253.89642802234408,Q2,253.9,Q2,14.94
7143,North,Commercial,507.89,489.04,18.85,37624.58,1995.9989389920424,Q4 (worst),1996.0,Q4 worst,3.71
7144,South,Residential,1799.82,1755.49,44.33,31434.47,709.101511391834,Q4 (worst),709.1,Q4 worst,2.46
7145,East,Commercial,2357.76,2293.35,64.41,86736.32,1346.6281633286758,Q4 (worst),1346.63,Q4 worst,2.73
7146,East,Residential,1655.31,1526.26,129.05,27891.37,216.12839984502128,Q2,216.13,Q2,7.8
7147,Central,Industrial,578.67,516.52,62.15,22401.8,360.4473049074819,Q3,360.45,Q3,10.74
7148,South,Industrial,1263.19,1180.58,82.61,12320.0,149.13448735019975,Q1 (best),149.13,Q1 best,6.54
7149,East,Residential,2140.26,1914.33,225.93,69970.86,309.7015004647457,Q2,309.7,Q2,10.56
7150,Central,Residential,858.32,824.45,33.87,7873.11,232.45084145261293,Q2,232.45,Q2,3.95
7151,Central,Residential,1760.14,1642.15,117.99,23103.78,195.81133994406306,Q2,195.81,Q2,6.7
7152,East,Industrial,1356.68,1196.64,160.04,65347.08,408.3171707073232,Q3,408.32,Q3,11.8
7153,East,Residential,822.99,662.62,160.37,53156.21,331.4598116854773,Q3,331.46,Q3,19.49
7154,West,Commercial,1309.34,1117.7,191.64,11559.51,60.31887914840326,Q1 (best),60.32,Q1 best,14.64
7155,Central,Industrial,1152.45,939.08,213.37,54477.19,255.31794535314242,Q2,255.32,Q2,18.51
7156,West,Industrial,2268.06,1842.23,425.83,95675.97,224.681140361177,Q2,224.68,Q2,18.78
7157,South,Commercial,639.05,593.05,46.0,98816.62,2148.187391304348,Q4 (worst),2148.19,Q4 worst,7.2
7158,Central,Industrial,1174.86,1084.12,90.74,40942.94,451.21159356402916,Q3,451.21,Q3,7.72
7159,South,Industrial,2160.48,2013.6,146.88,6302.22,42.90727124183007,Q1 (best),42.91,Q1 best,6.8
7160,North,Residential,1190.38,1024.57,165.81,77331.11,466.383873107774,Q3,466.38,Q3,13.93
7161,Central,Residential,1429.03,1155.61,273.42,17581.44,64.30195303928022,Q1 (best),64.3,Q1 best,19.13
7162,East,Commercial,1203.99,1026.55,177.44,98118.51,552.9672565374211,Q3,552.97,Q3,14.74
7163,North,Commercial,598.05,498.75,99.3,53487.68,538.6473313192347,Q3,538.65,Q3,16.6
7164,West,Residential,1117.62,1017.64,99.98,95396.92,954.1600320064013,Q4 (worst),954.16,Q4 worst,8.95
7165,East,Residential,2306.08,2056.06,250.02,18789.79,75.15314774818015,Q1 (best),75.15,Q1 best,10.84
7166,South,Commercial,1358.08,1177.81,180.27,15221.5,84.43723303932988,Q1 (best),84.44,Q1 best,13.27
7167,South,Industrial,1365.82,1128.33,237.49,81338.03,342.4903364352183,Q3,342.49,Q3,17.39
7168,Central,Industrial,2429.55,2001.32,428.23,40193.4,93.85937463512599,Q1 (best),93.86,Q1 best,17.63
7169,Central,Industrial,2499.73,2426.66,73.07,48626.59,665.4795401669631,Q4 (worst),665.48,Q4 worst,2.92
7170,Central,Commercial,2362.69,2158.12,204.57,68975.77,337.17441462580047,Q3,337.17,Q3,8.66
7171,South,Industrial,1699.18,1556.78,142.4,10900.37,76.54754213483146,Q1 (best),76.55,Q1 best,8.38
7172,Central,Commercial,1825.93,1702.52,123.41,27343.2,221.56389271533914,Q2,221.56,Q2,6.76
7173,Central,Residential,2000.53,1707.4,293.13,63296.22,215.93224849043088,Q2,215.93,Q2,14.65
7174,South,Industrial,537.62,512.36,25.26,44190.43,1749.4231987331748,Q4 (worst),1749.42,Q4 worst,4.7
7175,West,Residential,1828.52,1631.24,197.28,71440.71,362.12849756691,Q3,362.13,Q3,10.79
7176,East,Industrial,1947.86,1818.15,129.71,64377.73,496.3204841569655,Q3,496.32,Q3,6.66
7177,North,Industrial,1606.09,1489.38,116.71,92706.65,794.3333904549738,Q4 (worst),794.33,Q4 worst,7.27
7178,West,Residential,2249.05,2181.81,67.24,37739.75,561.2693337299227,Q3,561.27,Q3,2.99
7179,East,Industrial,2054.68,1923.78,130.9,50894.23,388.8023682200153,Q3,388.8,Q3,6.37
7180,East,Residential,2279.47,2196.84,82.63,8589.88,103.95594820283189,Q1 (best),103.96,Q1 best,3.62
7181,West,Industrial,2362.59,2128.75,233.84,7397.46,31.63470749230243,Q1 (best),31.63,Q1 best,9.9
7182,Central,Commercial,1469.67,1230.17,239.5,64000.22,267.2243006263048,Q2,267.22,Q2,16.3
7183,Central,Commercial,1661.56,1468.57,192.99,26924.08,139.51023369086482,Q1 (best),139.51,Q1 best,11.61
7184,North,Industrial,872.31,821.82,50.49,80699.16,1598.3196672608437,Q4 (worst),1598.32,Q4 worst,5.79
7185,South,Industrial,1933.28,1857.72,75.56,90764.91,1201.2296188459502,Q4 (worst),1201.23,Q4 worst,3.91
7186,North,Industrial,1438.61,1374.18,64.43,81319.69,1262.1401521030575,Q4 (worst),1262.14,Q4 worst,4.48
7187,Central,Industrial,1728.79,1405.97,322.82,48700.27,150.85889969642525,Q1 (best),150.86,Q1 best,18.67
7188,North,Residential,1819.03,1562.08,256.95,89091.63,346.72749562171634,Q3,346.73,Q3,14.13
7189,South,Commercial,1011.99,825.41,186.58,13211.91,70.81096580555257,Q1 (best),70.81,Q1 best,18.44
7190,East,Commercial,2349.09,2057.03,292.06,43027.49,147.32414572348148,Q1 (best),147.32,Q1 best,12.43
7191,West,Residential,826.2,664.44,161.76,24885.56,153.84248269040555,Q1 (best),153.84,Q1 best,19.58
7192,South,Residential,2100.83,2004.32,96.51,31623.78,327.67360895244013,Q2,327.67,Q2,4.59
7193,South,Commercial,2452.01,2178.31,273.7,63822.42,233.18385093167703,Q2,233.18,Q2,11.16
7194,East,Residential,557.77,537.79,19.98,37833.02,1893.5445445445444,Q4 (worst),1893.54,Q4 worst,3.58
7195,Central,Commercial,990.26,954.96,35.3,68950.15,1953.2620396600566,Q4 (worst),1953.26,Q4 worst,3.56
7196,East,Commercial,2140.37,1905.25,235.12,57958.32,246.50527390268797,Q2,246.51,Q2,10.99
7197,Central,Residential,708.69,665.52,43.17,7268.36,168.36599490386843,Q1 (best),168.37,Q1 best,6.09
7198,North,Residential,766.54,750.18,16.36,84791.48,5182.853300733496,Q4 (worst),5182.85,Q4 worst,2.13
7199,West,Industrial,1185.42,954.05,231.37,94526.89,408.5529238881445,Q3,408.55,Q3,19.52
7200,Central,Residential,512.57,437.08,75.49,6345.83,84.06186249834415,Q1 (best),84.06,Q1 best,14.73
7201,Central,Industrial,1064.73,859.84,204.89,72047.39,351.6393674654693,Q3,351.64,Q3,19.24
7202,West,Residential,2366.11,2094.42,271.69,9148.23,33.671574220619085,Q1 (best),33.67,Q1 best,11.48
7203,East,Commercial,1896.69,1754.57,142.12,23053.37,162.2105966788629,Q1 (best),162.21,Q1 best,7.49
7204,West,Residential,2133.88,1788.23,345.65,39797.61,115.13846376392306,Q1 (best),115.14,Q1 best,16.2
7205,South,Residential,1032.05,888.56,143.49,42601.75,296.8969963063628,Q2,296.9,Q2,13.9
7206,North,Commercial,1697.28,1523.49,173.79,57123.59,328.6931929340008,Q2,328.69,Q2,10.24
7207,West,Commercial,2089.15,1800.53,288.62,96822.98,335.4687131868893,Q3,335.47,Q3,13.82
7208,South,Commercial,1809.72,1659.09,150.63,27451.94,182.247493859125,Q2,182.25,Q2,8.32
7209,East,Industrial,1692.09,1499.51,192.58,47219.38,245.1935818880465,Q2,245.19,Q2,11.38
7210,South,Industrial,2350.71,1944.62,406.09,53178.77,130.95316309192543,Q1 (best),130.95,Q1 best,17.28
7211,East,Industrial,1052.05,976.55,75.5,87872.39,1163.872715231788,Q4 (worst),1163.87,Q4 worst,7.18
7212,Central,Commercial,809.63,654.61,155.02,74807.02,482.5636692039737,Q3,482.56,Q3,19.15
7213,Central,Commercial,1160.29,968.38,191.91,54172.17,282.27903704861654,Q2,282.28,Q2,16.54
7214,South,Commercial,1160.57,989.15,171.42,65321.85,381.063178158908,Q3,381.06,Q3,14.77
7215,West,Commercial,1441.3,1166.73,274.57,66960.5,243.87405761736534,Q2,243.87,Q2,19.05
7216,South,Residential,2083.19,1852.97,230.22,74441.72,323.3503605247155,Q2,323.35,Q2,11.05
7217,South,Residential,617.13,494.45,122.68,76353.77,622.3815617867623,Q3,622.38,Q3,19.88
7218,North,Commercial,2455.41,2265.15,190.26,81444.17,428.06774939556396,Q3,428.07,Q3,7.75
7219,Central,Industrial,2258.71,1930.39,328.32,90696.76,276.24500487329436,Q2,276.25,Q2,14.54
7220,Central,Residential,889.8,824.06,65.74,9278.78,141.14359598418014,Q1 (best),141.14,Q1 best,7.39
7221,Central,Commercial,1675.63,1608.01,67.62,44241.58,654.2676722863058,Q4 (worst),654.27,Q4 worst,4.04
7222,West,Industrial,2050.34,1977.47,72.87,97751.04,1341.4442157266362,Q4 (worst),1341.44,Q4 worst,3.55
7223,South,Industrial,1674.27,1602.71,71.56,32539.66,454.71855785354944,Q3,454.72,Q3,4.27
7224,East,Industrial,2267.61,1876.99,390.62,38668.68,98.99308791152527,Q1 (best),98.99,Q1 best,17.23
7225,North,Commercial,2044.31,1836.49,207.82,59204.17,284.8819651621596,Q2,284.88,Q2,10.17
7226,Central,Commercial,2030.81,1661.54,369.27,45072.57,122.05857502640345,Q1 (best),122.06,Q1 best,18.18
7227,South,Industrial,521.47,497.79,23.68,66504.19,2808.4539695945946,Q4 (worst),2808.45,Q4 worst,4.54
7228,East,Residential,1432.09,1382.05,50.04,14004.5,279.86610711430853,Q2,279.87,Q2,3.49
7229,North,Commercial,895.82,823.24,72.58,88506.61,1219.4352438688345,Q4 (worst),1219.44,Q4 worst,8.1
7230,South,Industrial,2432.68,2316.8,115.88,19111.08,164.9212978943735,Q1 (best),164.92,Q1 best,4.76
7231,South,Industrial,1694.46,1378.18,316.28,60673.69,191.83536739597827,Q2,191.84,Q2,18.67
7232,Central,Residential,1088.41,871.52,216.89,10864.87,50.09391857623681,Q1 (best),50.09,Q1 best,19.93
7233,North,Residential,695.1,577.48,117.62,33448.92,284.3812276823669,Q2,284.38,Q2,16.92
7234,Central,Industrial,581.4,474.71,106.69,19370.57,181.5593776361421,Q2,181.56,Q2,18.35
7235,Central,Industrial,1753.71,1476.42,277.29,68015.16,245.2852969814995,Q2,245.29,Q2,15.81
7236,South,Residential,1590.61,1345.34,245.27,9192.99,37.4811024585151,Q1 (best),37.48,Q1 best,15.42
7237,West,Industrial,1451.88,1376.43,75.45,93849.2,1243.8595096090125,Q4 (worst),1243.86,Q4 worst,5.2
7238,North,Industrial,1937.33,1573.79,363.54,15417.41,42.40911591571766,Q1 (best),42.41,Q1 best,18.77
7239,West,Industrial,1461.42,1300.65,160.77,65945.56,410.18573116875035,Q3,410.19,Q3,11.0
7240,East,Residential,1993.58,1900.76,92.82,70091.09,755.1291747468218,Q4 (worst),755.13,Q4 worst,4.66
7241,West,Commercial,1103.4,1000.52,102.88,61835.59,601.0457814930015,Q3,601.05,Q3,9.32
7242,West,Commercial,1103.63,924.95,178.68,16336.05,91.4262928139691,Q1 (best),91.43,Q1 best,16.19
7243,North,Residential,892.78,866.06,26.72,99756.01,3733.383607784431,Q4 (worst),3733.38,Q4 worst,2.99
7244,South,Residential,1004.99,922.77,82.22,54073.92,657.673558744831,Q4 (worst),657.67,Q4 worst,8.18
7245,North,Industrial,738.96,611.58,127.38,28498.79,223.73049144292668,Q2,223.73,Q2,17.24
7246,East,Commercial,709.39,692.56,16.83,95612.49,5681.074866310161,Q4 (worst),5681.07,Q4 worst,2.37
7247,South,Residential,1357.69,1327.51,30.18,90439.58,2996.6726308813786,Q4 (worst),2996.67,Q4 worst,2.22
7248,East,Industrial,573.04,544.24,28.8,19077.63,662.4177083333334,Q4 (worst),662.42,Q4 worst,5.03
7249,Central,Industrial,1711.19,1509.94,201.25,48116.16,239.0865093167702,Q2,239.09,Q2,11.76
7250,West,Industrial,1083.06,991.06,92.0,83576.99,908.4455434782609,Q4 (worst),908.45,Q4 worst,8.49
7251,South,Residential,2309.63,1923.6,386.03,62453.76,161.78473175659926,Q1 (best),161.78,Q1 best,16.71
7252,West,Residential,531.16,437.13,94.03,31525.52,335.27087099861745,Q3,335.27,Q3,17.7
7253,West,Residential,2257.08,1903.55,353.53,21621.7,61.15944898594179,Q1 (best),61.16,Q1 best,15.66
7254,South,Commercial,2166.76,2049.17,117.59,78098.71,664.1611531592823,Q4 (worst),664.16,Q4 worst,5.43
7255,West,Commercial,1712.7,1504.88,207.82,14383.81,69.21282840920027,Q1 (best),69.21,Q1 best,12.13
7256,Central,Commercial,1169.91,1125.8,44.11,30560.69,692.8290637043754,Q4 (worst),692.83,Q4 worst,3.77
7257,East,Residential,1332.77,1122.87,209.9,64616.31,307.8433063363506,Q2,307.84,Q2,15.75
7258,South,Commercial,2153.78,1934.95,218.83,35286.23,161.24950875108533,Q1 (best),161.25,Q1 best,10.16
7259,East,Commercial,2323.95,2126.61,197.34,49618.33,251.43574541400628,Q2,251.44,Q2,8.49
7260,West,Residential,2106.4,1736.47,369.93,26088.58,70.52301786824535,Q1 (best),70.52,Q1 best,17.56
7261,West,Commercial,1370.19,1341.33,28.86,36082.66,1250.2654192654195,Q4 (worst),1250.27,Q4 worst,2.11
7262,South,Industrial,2287.74,2133.09,154.65,99753.13,645.025088910443,Q3,645.03,Q3,6.76
7263,North,Commercial,1014.15,874.85,139.3,97923.13,702.9657573582197,Q4 (worst),702.97,Q4 worst,13.74
7264,North,Residential,518.57,443.31,75.26,23705.08,314.9758171671539,Q2,314.98,Q2,14.51
7265,East,Residential,2461.4,2199.13,262.27,9246.29,35.254851870210096,Q1 (best),35.25,Q1 best,10.66
7266,North,Industrial,761.79,661.77,100.02,19205.55,192.01709658068387,Q2,192.02,Q2,13.13
7267,East,Industrial,1041.39,1003.02,38.37,78810.68,2053.9661193640864,Q4 (worst),2053.97,Q4 worst,3.68
7268,South,Commercial,654.71,612.28,42.43,81523.73,1921.370021211407,Q4 (worst),1921.37,Q4 worst,6.48
7269,South,Commercial,1971.89,1690.15,281.74,34765.49,123.39564847022076,Q1 (best),123.4,Q1 best,14.29
7270,West,Residential,748.99,600.46,148.53,36561.7,246.1570053187908,Q2,246.16,Q2,19.83
7271,South,Industrial,1533.51,1337.56,195.95,39844.4,203.3396274559837,Q2,203.34,Q2,12.78
7272,Central,Commercial,1073.96,890.04,183.92,68350.28,371.6304915180514,Q3,371.63,Q3,17.13
7273,South,Residential,889.22,767.55,121.67,65879.85,541.4633845648065,Q3,541.46,Q3,13.68
7274,East,Industrial,1941.06,1672.02,269.04,9547.65,35.487845673505795,Q1 (best),35.49,Q1 best,13.86
7275,Central,Industrial,1359.59,1176.23,183.36,11525.83,62.859020506108195,Q1 (best),62.86,Q1 best,13.49
7276,North,Commercial,850.78,728.32,122.46,61355.16,501.02204801567865,Q3,501.02,Q3,14.39
7277,South,Residential,904.39,873.67,30.72,41566.0,1353.0598958333335,Q4 (worst),1353.06,Q4 worst,3.4
7278,West,Industrial,846.14,692.88,153.26,70333.5,458.9162208012528,Q3,458.92,Q3,18.11
7279,Central,Commercial,1301.15,1249.43,51.72,9568.06,184.99729311678266,Q2,185.0,Q2,3.97
7280,East,Commercial,535.91,433.26,102.65,88565.54,862.7914271797368,Q4 (worst),862.79,Q4 worst,19.15
7281,East,Commercial,1118.95,1018.25,100.7,88023.97,874.1208540218471,Q4 (worst),874.12,Q4 worst,9.0
7282,West,Commercial,654.33,627.46,26.87,41080.37,1528.85634536658,Q4 (worst),1528.86,Q4 worst,4.11
7283,North,Residential,592.34,543.14,49.2,76316.57,1551.1497967479675,Q4 (worst),1551.15,Q4 worst,8.31
7284,East,Residential,863.79,706.94,156.85,7487.4,47.736053554351294,Q1 (best),47.74,Q1 best,18.16
7285,East,Commercial,832.83,774.84,57.99,53238.03,918.0553543714433,Q4 (worst),918.06,Q4 worst,6.96
7286,Central,Residential,2345.05,2025.47,319.58,67300.54,210.59058764628574,Q2,210.59,Q2,13.63
7287,East,Commercial,2484.87,2020.1,464.77,50970.67,109.66858876433504,Q1 (best),109.67,Q1 best,18.7
7288,Central,Commercial,743.65,616.73,126.92,88135.54,694.4180586196028,Q4 (worst),694.42,Q4 worst,17.07
7289,South,Residential,2309.16,1919.31,389.85,57732.43,148.08882903680902,Q1 (best),148.09,Q1 best,16.88
7290,North,Residential,1775.34,1639.96,135.38,7037.36,51.98227212291328,Q1 (best),51.98,Q1 best,7.63
7291,South,Residential,2348.08,1911.11,436.97,86948.4,198.98025036043663,Q2,198.98,Q2,18.61
7292,Central,Residential,571.56,478.1,93.46,82382.7,881.4754975390541,Q4 (worst),881.48,Q4 worst,16.35
7293,East,Industrial,1948.7,1583.76,364.94,71277.77,195.31366800021922,Q2,195.31,Q2,18.73
7294,East,Residential,764.4,657.6,106.8,21847.93,204.56863295880152,Q2,204.57,Q2,13.97
7295,West,Industrial,559.62,448.57,111.05,43806.94,394.4794236830257,Q3,394.48,Q3,19.84
7296,Central,Commercial,1271.15,1232.76,38.39,90680.13,2362.076842927846,Q4 (worst),2362.08,Q4 worst,3.02
7297,East,Commercial,1064.64,890.59,174.05,36349.94,208.84768744613618,Q2,208.85,Q2,16.35
7298,East,Residential,2216.31,1986.85,229.46,8820.01,38.43811557569947,Q1 (best),38.44,Q1 best,10.35
7299,South,Residential,2213.96,1800.76,413.2,81146.17,196.38472894482092,Q2,196.38,Q2,18.66
7300,Central,Residential,2412.58,2258.13,154.45,17649.98,114.2763353836193,Q1 (best),114.28,Q1 best,6.4
7301,East,Industrial,2019.97,1731.24,288.73,42426.6,146.9421258615315,Q1 (best),146.94,Q1 best,14.29
7302,Central,Commercial,1762.43,1683.83,78.6,16753.6,213.1501272264631,Q2,213.15,Q2,4.46
7303,South,Commercial,1754.78,1701.23,53.55,88428.23,1651.3208216619983,Q4 (worst),1651.32,Q4 worst,3.05
7304,Central,Commercial,2091.52,2022.19,69.33,33226.14,479.24621376027693,Q3,479.25,Q3,3.31
7305,East,Residential,2286.56,2148.48,138.08,8143.59,58.97733198146002,Q1 (best),58.98,Q1 best,6.04
7306,South,Commercial,1157.5,991.75,165.75,29928.01,180.5611463046757,Q2,180.56,Q2,14.32
7307,West,Industrial,536.45,446.64,89.81,37786.12,420.7339939873066,Q3,420.73,Q3,16.74
7308,East,Residential,2277.54,1978.72,298.82,39539.61,132.31915534435447,Q1 (best),132.32,Q1 best,13.12
7309,South,Industrial,2422.67,2337.32,85.35,40393.62,473.2702987697716,Q3,473.27,Q3,3.52
7310,North,Industrial,2063.87,1726.63,337.24,91958.15,272.67865614992286,Q2,272.68,Q2,16.34
7311,North,Industrial,646.89,631.97,14.92,53069.28,3556.9222520107237,Q4 (worst),3556.92,Q4 worst,2.31
7312,East,Industrial,990.41,836.05,154.36,22411.12,145.1873542368489,Q1 (best),145.19,Q1 best,15.59
7313,South,Industrial,1454.96,1187.45,267.51,61882.75,231.32873537437854,Q2,231.33,Q2,18.39
7314,Central,Industrial,1152.14,1104.47,47.67,22688.55,475.9502831969792,Q3,475.95,Q3,4.14
7315,East,Industrial,1327.4,1142.88,184.52,48725.69,264.06725558205073,Q2,264.07,Q2,13.9
7316,West,Industrial,2040.5,1970.82,69.68,19683.85,282.4892365097588,Q2,282.49,Q2,3.41
7317,East,Commercial,1188.71,1010.79,177.92,65969.35,370.7809689748202,Q3,370.78,Q3,14.97
7318,North,Commercial,1706.75,1455.1,251.65,48324.96,192.03242598847606,Q2,192.03,Q2,14.74
7319,Central,Commercial,2498.83,2028.81,470.02,87193.69,185.5105952938173,Q2,185.51,Q2,18.81
7320,West,Residential,2451.64,2284.37,167.27,18841.54,112.64147785018234,Q1 (best),112.64,Q1 best,6.82
7321,South,Industrial,927.57,845.79,81.78,24771.86,302.90853509415507,Q2,302.91,Q2,8.82
7322,South,Commercial,922.77,768.75,154.02,27769.03,180.29496169328655,Q2,180.29,Q2,16.69
7323,South,Industrial,1689.3,1598.52,90.78,43135.41,475.16424322538006,Q3,475.16,Q3,5.37
7324,South,Residential,1196.92,1022.66,174.26,86679.29,497.4135774130609,Q3,497.41,Q3,14.56
7325,North,Industrial,674.17,586.58,87.59,40299.98,460.0979563877155,Q3,460.1,Q3,12.99
7326,North,Industrial,723.71,619.77,103.94,65267.88,627.9380411776025,Q3,627.94,Q3,14.36
7327,West,Residential,1877.93,1810.39,67.54,38939.99,576.5470832099496,Q3,576.55,Q3,3.6
7328,North,Industrial,1545.97,1268.51,277.46,19451.06,70.10401499315218,Q1 (best),70.1,Q1 best,17.95
7329,South,Industrial,764.56,620.28,144.28,62149.17,430.7538813418353,Q3,430.75,Q3,18.87
7330,West,Industrial,905.14,861.6,43.54,97341.52,2235.6802939825448,Q4 (worst),2235.68,Q4 worst,4.81
7331,West,Commercial,2163.68,1791.37,372.31,77095.09,207.0723053369504,Q2,207.07,Q2,17.21
7332,East,Commercial,2369.75,2318.12,51.63,86152.33,1668.648653883401,Q4 (worst),1668.65,Q4 worst,2.18
7333,East,Residential,654.33,605.54,48.79,27523.62,564.1242057798729,Q3,564.12,Q3,7.46
7334,South,Industrial,1302.79,1143.64,159.15,53011.37,333.09060634621426,Q3,333.09,Q3,12.22
7335,Central,Commercial,1110.72,987.0,123.72,41517.68,335.577756223731,Q3,335.58,Q3,11.14
7336,West,Industrial,1497.8,1334.44,163.36,56315.81,344.73439030362385,Q3,344.73,Q3,10.91
7337,South,Commercial,1925.64,1714.17,211.47,22180.02,104.88494821960562,Q1 (best),104.88,Q1 best,10.98
7338,West,Commercial,1915.74,1722.62,193.12,49019.84,253.83098591549293,Q2,253.83,Q2,10.08
7339,North,Industrial,1739.69,1542.72,196.97,45989.91,233.48687617403667,Q2,233.49,Q2,11.32
7340,North,Commercial,1826.11,1669.79,156.32,15113.9,96.68564483111567,Q1 (best),96.69,Q1 best,8.56
7341,East,Residential,511.61,445.06,66.55,74106.76,1113.5501126972201,Q4 (worst),1113.55,Q4 worst,13.01
7342,South,Residential,806.41,738.25,68.16,61731.72,905.6883802816902,Q4 (worst),905.69,Q4 worst,8.45
7343,Central,Residential,1618.08,1406.33,211.75,15379.59,72.6308854781582,Q1 (best),72.63,Q1 best,13.09
7344,West,Industrial,573.33,459.66,113.67,13498.29,118.74980205859066,Q1 (best),118.75,Q1 best,19.83
7345,West,Commercial,2433.7,2208.15,225.55,72254.54,320.3482154732875,Q2,320.35,Q2,9.27
7346,East,Commercial,1173.75,1121.23,52.52,17662.6,336.30236100533125,Q3,336.3,Q3,4.47
7347,West,Commercial,724.95,694.59,30.36,36733.39,1209.92720685112,Q4 (worst),1209.93,Q4 worst,4.19
7348,North,Residential,722.14,596.42,125.72,96565.8,768.1021317212854,Q4 (worst),768.1,Q4 worst,17.41
7349,Central,Industrial,1447.18,1199.28,247.9,49936.25,201.43707139975797,Q2,201.44,Q2,17.13
7350,West,Residential,1312.05,1173.85,138.2,82514.09,597.0628798842258,Q3,597.06,Q3,10.53
7351,East,Residential,1348.95,1245.25,103.7,89664.29,864.6508196721311,Q4 (worst),864.65,Q4 worst,7.69
7352,North,Commercial,1622.15,1561.85,60.3,96037.72,1592.6653399668326,Q4 (worst),1592.67,Q4 worst,3.72
7353,West,Industrial,1512.76,1477.81,34.95,37867.45,1083.4749642346208,Q4 (worst),1083.47,Q4 worst,2.31
7354,North,Industrial,2090.44,1875.68,214.76,92020.96,428.48277146582234,Q3,428.48,Q3,10.27
7355,Central,Industrial,612.6,552.14,60.46,84682.31,1400.6336420774064,Q4 (worst),1400.63,Q4 worst,9.87
7356,South,Residential,1067.17,911.44,155.73,76754.59,492.86964618249533,Q3,492.87,Q3,14.59
7357,East,Commercial,521.8,432.89,88.91,41964.24,471.98560341918795,Q3,471.99,Q3,17.04
7358,North,Industrial,1253.03,1027.7,225.33,26231.57,116.4140150002219,Q1 (best),116.41,Q1 best,17.98
7359,Central,Industrial,2351.39,1931.61,419.78,39234.49,93.46440992901043,Q1 (best),93.46,Q1 best,17.85
7360,East,Commercial,2000.78,1768.5,232.28,24490.58,105.43559497158603,Q1 (best),105.44,Q1 best,11.61
7361,North,Commercial,2224.17,1859.5,364.67,94446.46,258.99158142978587,Q2,258.99,Q2,16.4
7362,West,Commercial,1821.22,1606.38,214.84,61009.97,283.97863526345185,Q2,283.98,Q2,11.8
7363,North,Residential,652.43,616.3,36.13,71021.11,1965.7102131192912,Q4 (worst),1965.71,Q4 worst,5.54
7364,West,Industrial,1332.16,1071.93,260.23,63592.9,244.37190177919533,Q2,244.37,Q2,19.53
7365,South,Residential,972.29,894.24,78.05,64162.87,822.0739269698912,Q4 (worst),822.07,Q4 worst,8.03
7366,Central,Industrial,929.27,788.64,140.63,14473.69,102.92035838725735,Q1 (best),102.92,Q1 best,15.13
7367,East,Residential,2418.93,2284.23,134.7,68147.23,505.91855976243505,Q3,505.92,Q3,5.57
7368,North,Commercial,1555.7,1464.12,91.58,52388.88,572.0559074033631,Q3,572.06,Q3,5.89
7369,North,Industrial,2003.39,1824.49,178.9,36068.75,201.61403018446057,Q2,201.61,Q2,8.93
7370,West,Residential,2497.39,2284.42,212.97,40075.88,188.17617504812884,Q2,188.18,Q2,8.53
7371,North,Residential,1689.86,1592.67,97.19,84384.45,868.2421030970264,Q4 (worst),868.24,Q4 worst,5.75
7372,East,Commercial,1294.22,1050.48,243.74,75547.69,309.9519570033642,Q2,309.95,Q2,18.83
7373,East,Commercial,2262.53,1934.61,327.92,81632.17,248.9392839717004,Q2,248.94,Q2,14.49
7374,West,Industrial,2016.03,1781.54,234.49,85485.66,364.55993859013176,Q3,364.56,Q3,11.63
7375,Central,Residential,1976.7,1631.64,345.06,87102.87,252.4281864023648,Q2,252.43,Q2,17.46
7376,North,Residential,2209.56,2047.32,162.24,26850.97,165.5015409270217,Q1 (best),165.5,Q1 best,7.34
7377,Central,Residential,1155.5,967.18,188.32,40766.91,216.47679481733223,Q2,216.48,Q2,16.3
7378,South,Commercial,529.34,499.43,29.91,13286.0,444.1992644600468,Q3,444.2,Q3,5.65
7379,North,Commercial,2059.88,1813.93,245.95,16215.36,65.9294978654198,Q1 (best),65.93,Q1 best,11.94
7380,Central,Residential,1684.01,1509.26,174.75,50319.06,287.94884120171673,Q2,287.95,Q2,10.38
7381,North,Residential,1569.79,1467.58,102.21,34905.04,341.503179728011,Q3,341.5,Q3,6.51
7382,Central,Industrial,832.2,719.96,112.24,78209.09,696.802298645759,Q4 (worst),696.8,Q4 worst,13.49
7383,South,Commercial,1682.26,1353.97,328.29,41331.18,125.89838252764324,Q1 (best),125.9,Q1 best,19.51
7384,North,Commercial,999.33,932.54,66.79,20743.48,310.5776313819434,Q2,310.58,Q2,6.68
7385,West,Industrial,1920.86,1779.86,141.0,86126.53,610.8264539007092,Q3,610.83,Q3,7.34
7386,South,Commercial,734.38,703.41,30.97,33378.17,1077.75815305134,Q4 (worst),1077.76,Q4 worst,4.22
7387,West,Residential,2033.39,1841.47,191.92,33165.15,172.80715923301378,Q2,172.81,Q2,9.44
7388,North,Industrial,2338.85,2240.66,98.19,82964.23,844.9356349933802,Q4 (worst),844.94,Q4 worst,4.2
7389,North,Industrial,677.26,543.65,133.61,67277.61,503.5372352368834,Q3,503.54,Q3,19.73
7390,Central,Industrial,1712.16,1420.57,291.59,72070.12,247.1625227202579,Q2,247.16,Q2,17.03
7391,Central,Residential,1693.23,1363.35,329.88,45811.19,138.87228689220322,Q1 (best),138.87,Q1 best,19.48
7392,West,Industrial,734.67,718.58,16.09,35530.07,2208.208203853325,Q4 (worst),2208.21,Q4 worst,2.19
7393,South,Commercial,2169.08,1987.09,181.99,41564.25,228.38754876641573,Q2,228.39,Q2,8.39
7394,East,Industrial,1819.84,1688.09,131.75,50952.78,386.73836812144214,Q3,386.74,Q3,7.24
7395,West,Commercial,2102.71,1923.99,178.72,82328.44,460.6559982094897,Q3,460.66,Q3,8.5
7396,North,Industrial,544.5,491.77,52.73,68995.53,1308.468234401669,Q4 (worst),1308.47,Q4 worst,9.68
7397,West,Industrial,2039.95,1706.44,333.51,98317.97,294.79766723636476,Q2,294.8,Q2,16.35
7398,South,Industrial,2470.77,1996.04,474.73,69272.16,145.91906978703685,Q1 (best),145.92,Q1 best,19.21
7399,West,Residential,2317.44,2079.2,238.24,60327.17,253.22015614506378,Q2,253.22,Q2,10.28
7400,West,Industrial,1720.64,1388.73,331.91,74791.83,225.33768190172034,Q2,225.34,Q2,19.29
7401,South,Industrial,579.41,513.15,66.26,63294.25,955.2407183821309,Q4 (worst),955.24,Q4 worst,11.44
7402,East,Commercial,968.33,838.45,129.88,82559.1,635.6567600862335,Q3,635.66,Q3,13.41
7403,East,Commercial,1380.84,1118.51,262.33,87381.64,333.09815880760874,Q3,333.1,Q3,19.0
7404,West,Commercial,2004.99,1672.97,332.02,96485.77,290.60228299500034,Q2,290.6,Q2,16.56
7405,Central,Commercial,1937.91,1735.44,202.47,84261.97,416.1701486639996,Q3,416.17,Q3,10.45
7406,South,Industrial,1307.11,1272.48,34.63,73650.87,2126.7938203869476,Q4 (worst),2126.79,Q4 worst,2.65
7407,East,Residential,2181.0,2018.53,162.47,53479.84,329.1674770726903,Q2,329.17,Q2,7.45
7408,West,Commercial,626.5,510.85,115.65,32754.03,283.21686121919583,Q2,283.22,Q2,18.46
7409,East,Residential,2335.44,2171.82,163.62,30630.26,187.20364258648087,Q2,187.2,Q2,7.01
7410,North,Commercial,1359.21,1176.09,183.12,59483.33,324.8325141983399,Q2,324.83,Q2,13.47
7411,East,Residential,1463.94,1387.52,76.42,34458.37,450.9077466631772,Q3,450.91,Q3,5.22
7412,West,Commercial,794.56,638.94,155.62,24326.4,156.3192391723429,Q1 (best),156.32,Q1 best,19.59
7413,East,Commercial,2493.1,2345.06,148.04,49031.72,331.20589029991896,Q3,331.21,Q3,5.94
7414,West,Residential,1311.91,1279.92,31.99,65052.24,2033.5179743669896,Q4 (worst),2033.52,Q4 worst,2.44
7415,West,Residential,700.48,636.13,64.35,93951.8,1460.012432012432,Q4 (worst),1460.01,Q4 worst,9.19
7416,Central,Commercial,1287.52,1065.59,221.93,90258.73,406.69909430901635,Q3,406.7,Q3,17.24
7417,West,Residential,1298.75,1221.72,77.03,44602.13,579.022848240945,Q3,579.02,Q3,5.93
7418,East,Residential,1494.23,1349.35,144.88,37312.79,257.54272501380456,Q2,257.54,Q2,9.7
7419,East,Commercial,1250.91,1150.75,100.16,34331.88,342.77036741214056,Q3,342.77,Q3,8.01
7420,East,Industrial,816.68,706.38,110.3,79639.56,722.0268359020852,Q4 (worst),722.03,Q4 worst,13.51
7421,West,Industrial,1276.53,1201.9,74.63,81344.05,1089.9644914913574,Q4 (worst),1089.96,Q4 worst,5.85
7422,West,Industrial,2037.03,1725.71,311.32,84230.44,270.5590389310035,Q2,270.56,Q2,15.28
7423,South,Industrial,1872.75,1694.77,177.98,40639.73,228.33874592650864,Q2,228.34,Q2,9.5
7424,South,Residential,1286.61,1061.35,225.26,26751.59,118.75872325312972,Q1 (best),118.76,Q1 best,17.51
7425,Central,Residential,1168.28,1009.56,158.72,43143.23,271.8197454637097,Q2,271.82,Q2,13.59
7426,North,Industrial,2396.39,2292.03,104.36,15383.0,147.40321962437716,Q1 (best),147.4,Q1 best,4.35
7427,South,Industrial,1265.93,1034.38,231.55,24895.55,107.51695098250917,Q1 (best),107.52,Q1 best,18.29
7428,Central,Commercial,1963.08,1639.05,324.03,8254.48,25.47443137981051,Q1 (best),25.47,Q1 best,16.51
7429,West,Commercial,1142.2,1034.88,107.32,59025.42,549.9945956019382,Q3,549.99,Q3,9.4
7430,West,Industrial,1742.4,1406.95,335.45,57768.81,172.21287822328216,Q2,172.21,Q2,19.25
7431,East,Commercial,670.62,633.39,37.23,76471.06,2054.017190437819,Q4 (worst),2054.02,Q4 worst,5.55
7432,South,Industrial,1581.89,1462.54,119.35,19028.61,159.43535819019692,Q1 (best),159.44,Q1 best,7.54
7433,East,Commercial,2016.36,1926.69,89.67,41198.09,459.4411731905877,Q3,459.44,Q3,4.45
7434,East,Residential,503.46,453.93,49.53,89239.83,1801.732889158086,Q4 (worst),1801.73,Q4 worst,9.84
7435,Central,Residential,2256.19,2053.59,202.6,40874.54,201.74995064165844,Q2,201.75,Q2,8.98
7436,Central,Commercial,1484.56,1373.01,111.55,50518.01,452.87324069923807,Q3,452.87,Q3,7.51
7437,Central,Residential,2117.66,1806.61,311.05,86576.91,278.3375984568397,Q2,278.34,Q2,14.69
7438,East,Residential,2049.71,1784.39,265.32,52776.73,198.91726971204585,Q2,198.92,Q2,12.94
7439,East,Residential,573.88,482.16,91.72,58064.55,633.0631269079809,Q3,633.06,Q3,15.98
7440,East,Industrial,1041.99,982.32,59.67,94698.02,1587.0289927936988,Q4 (worst),1587.03,Q4 worst,5.73
7441,East,Residential,960.08,888.8,71.28,93210.95,1307.6732603815938,Q4 (worst),1307.67,Q4 worst,7.42
7442,West,Residential,954.01,835.63,118.38,25163.23,212.56318634904545,Q2,212.56,Q2,12.41
7443,North,Industrial,782.36,702.77,79.59,95197.27,1196.0958663148638,Q4 (worst),1196.1,Q4 worst,10.17
7444,Central,Industrial,1122.59,1075.16,47.43,43621.6,919.7048281678262,Q4 (worst),919.7,Q4 worst,4.23
7445,North,Residential,1515.16,1314.43,200.73,64914.23,323.39077367608235,Q2,323.39,Q2,13.25
7446,East,Residential,1255.5,1080.43,175.07,45837.23,261.82229965156796,Q2,261.82,Q2,13.94
7447,North,Commercial,650.3,633.56,16.74,11645.82,695.6881720430108,Q4 (worst),695.69,Q4 worst,2.57
7448,South,Industrial,1643.62,1596.57,47.05,21642.86,459.99702444208293,Q3,460.0,Q3,2.86
7449,North,Residential,672.29,591.1,81.19,34222.93,421.5165660795665,Q3,421.52,Q3,12.08
7450,South,Residential,1002.91,945.61,57.3,40420.08,705.4115183246074,Q4 (worst),705.41,Q4 worst,5.71
7451,South,Industrial,1134.36,1087.38,46.98,7696.44,163.82375478927204,Q1 (best),163.82,Q1 best,4.14
7452,North,Commercial,1462.61,1214.9,247.71,77852.17,314.28755399459044,Q2,314.29,Q2,16.94
7453,North,Residential,1946.77,1611.26,335.51,46927.13,139.86805162290244,Q1 (best),139.87,Q1 best,17.23
7454,West,Commercial,1502.3,1236.1,266.2,63201.4,237.4207362885049,Q2,237.42,Q2,17.72
7455,East,Commercial,575.75,523.3,52.45,6034.6,115.05433746425167,Q1 (best),115.05,Q1 best,9.11
7456,South,Residential,1638.68,1386.7,251.98,18219.33,72.30466703706644,Q1 (best),72.3,Q1 best,15.38
7457,North,Industrial,1611.81,1488.84,122.97,59395.91,483.0113848906238,Q3,483.01,Q3,7.63
7458,West,Commercial,1079.3,1031.98,47.32,84635.28,1788.5731191885038,Q4 (worst),1788.57,Q4 worst,4.38
7459,East,Industrial,2442.74,2096.29,346.45,62472.55,180.32198008370617,Q2,180.32,Q2,14.18
7460,South,Residential,1356.23,1316.75,39.48,48664.28,1232.631205673759,Q4 (worst),1232.63,Q4 worst,2.91
7461,East,Residential,1022.95,851.65,171.3,65785.04,384.0340922358435,Q3,384.03,Q3,16.75
7462,Central,Residential,1325.23,1262.74,62.49,80803.46,1293.0622499599936,Q4 (worst),1293.06,Q4 worst,4.72
7463,North,Commercial,1890.66,1543.17,347.49,53211.17,153.13007568563123,Q1 (best),153.13,Q1 best,18.38
7464,Central,Industrial,2137.31,1733.62,403.69,30154.27,74.69659887537468,Q1 (best),74.7,Q1 best,18.89
7465,Central,Commercial,1162.58,1004.51,158.07,72696.51,459.900740178402,Q3,459.9,Q3,13.6
7466,North,Industrial,763.33,656.51,106.82,27133.8,254.01422954502902,Q2,254.01,Q2,13.99
7467,East,Industrial,1420.1,1144.62,275.48,26228.91,95.2116669086685,Q1 (best),95.21,Q1 best,19.4
7468,West,Residential,1559.33,1435.44,123.89,53348.15,430.60900799095975,Q3,430.61,Q3,7.95
7469,Central,Residential,2188.72,2054.17,134.55,75543.25,561.4511334076551,Q3,561.45,Q3,6.15
7470,East,Commercial,966.61,779.45,187.16,41470.36,221.5770463774311,Q2,221.58,Q2,19.36
7471,North,Commercial,1191.7,1111.15,80.55,20657.01,256.44953445065175,Q2,256.45,Q2,6.76
7472,South,Residential,1493.1,1209.65,283.45,77037.65,271.78567648615274,Q2,271.79,Q2,18.98
7473,Central,Commercial,2294.08,2083.52,210.56,49473.47,234.96138867781156,Q2,234.96,Q2,9.18
7474,South,Commercial,2014.4,1727.36,287.04,20969.72,73.05504459308807,Q1 (best),73.06,Q1 best,14.25
7475,Central,Residential,1032.55,952.78,79.77,63270.16,793.1573273160337,Q4 (worst),793.16,Q4 worst,7.73
7476,East,Residential,1998.02,1941.57,56.45,82287.88,1457.7126660761737,Q4 (worst),1457.71,Q4 worst,2.83
7477,West,Residential,1318.77,1125.01,193.76,93201.01,481.0126445086705,Q3,481.01,Q3,14.69
7478,South,Industrial,2101.81,1749.86,351.95,74989.22,213.06782213382584,Q2,213.07,Q2,16.75
7479,Central,Commercial,960.02,857.83,102.19,28468.06,278.57970447206185,Q2,278.58,Q2,10.64
7480,Central,Residential,2308.11,2182.05,126.06,72401.42,574.3409487545613,Q3,574.34,Q3,5.46
7481,West,Industrial,612.38,493.33,119.05,77326.82,649.532297354053,Q4 (worst),649.53,Q4 worst,19.44
7482,South,Residential,2070.32,1893.43,176.89,90867.65,513.6957996494997,Q3,513.7,Q3,8.54
7483,South,Commercial,1159.08,1062.5,96.58,91647.95,948.9330089045351,Q4 (worst),948.93,Q4 worst,8.33
7484,East,Residential,2097.14,1821.28,275.86,65690.02,238.12810846081345,Q2,238.13,Q2,13.15
7485,Central,Commercial,789.96,657.6,132.36,59370.72,448.5548504079782,Q3,448.55,Q3,16.76
7486,South,Industrial,969.16,889.96,79.2,21753.72,274.66818181818184,Q2,274.67,Q2,8.17
7487,North,Industrial,1210.28,1017.7,192.58,33913.62,176.10146432651365,Q2,176.1,Q2,15.91
7488,West,Residential,2214.12,2082.01,132.11,24046.74,182.02058890318673,Q2,182.02,Q2,5.97
7489,Central,Industrial,810.36,754.09,56.27,51499.14,915.2148569397547,Q4 (worst),915.21,Q4 worst,6.94
7490,East,Commercial,645.42,615.47,29.95,98148.51,3277.078797996661,Q4 (worst),3277.08,Q4 worst,4.64
7491,East,Commercial,2010.42,1664.69,345.73,51099.54,147.80186851010905,Q1 (best),147.8,Q1 best,17.2
7492,East,Commercial,1453.82,1207.66,246.16,17373.95,70.57990737731556,Q1 (best),70.58,Q1 best,16.93
7493,Central,Residential,679.18,598.54,80.64,56929.95,705.9765625,Q4 (worst),705.98,Q4 worst,11.87
7494,North,Industrial,757.56,667.27,90.29,48036.53,532.0249197031786,Q3,532.02,Q3,11.92
7495,Central,Residential,1683.6,1355.06,328.54,5801.2,17.657515066658547,Q1 (best),17.66,Q1 best,19.51
7496,South,Industrial,504.18,446.93,57.25,62925.32,1099.1322270742357,Q4 (worst),1099.13,Q4 worst,11.36
7497,South,Residential,1521.32,1283.94,237.38,79839.22,336.33507456399025,Q3,336.34,Q3,15.6
7498,East,Commercial,711.34,672.67,38.67,21146.43,546.8432893716059,Q3,546.84,Q3,5.44
7499,East,Industrial,1474.41,1230.68,243.73,75774.29,310.8943913346736,Q2,310.89,Q2,16.53
7500,West,Commercial,1346.57,1283.48,63.09,84967.35,1346.7641464574417,Q4 (worst),1346.76,Q4 worst,4.69
7501,West,Residential,1665.88,1527.9,137.98,75511.33,547.262864183215,Q3,547.26,Q3,8.28
7502,North,Residential,1286.1,1182.38,103.72,29775.85,287.07915541843425,Q2,287.08,Q2,8.06
7503,East,Residential,1279.83,1035.66,244.17,27841.21,114.02387680714257,Q1 (best),114.02,Q1 best,19.08
7504,North,Residential,821.38,719.02,102.36,19863.18,194.05216881594373,Q2,194.05,Q2,12.46
7505,East,Industrial,597.08,555.63,41.45,92141.24,2222.9490952955366,Q4 (worst),2222.95,Q4 worst,6.94
7506,South,Commercial,1245.18,1112.94,132.24,13703.07,103.62273139745916,Q1 (best),103.62,Q1 best,10.62
7507,West,Industrial,1922.78,1794.92,127.86,48093.71,376.1435163460034,Q3,376.14,Q3,6.65
7508,North,Industrial,1840.69,1498.47,342.22,40384.6,118.00771433580736,Q1 (best),118.01,Q1 best,18.59
7509,East,Industrial,1270.16,1023.6,246.56,86741.45,351.8066596365996,Q3,351.81,Q3,19.41
7510,South,Residential,2436.42,2246.78,189.64,79154.25,417.3921641004008,Q3,417.39,Q3,7.78
7511,Central,Residential,1100.61,994.74,105.87,69610.7,657.5110985170492,Q4 (worst),657.51,Q4 worst,9.62
7512,North,Industrial,2072.17,1864.15,208.02,12996.96,62.4793769829824,Q1 (best),62.48,Q1 best,10.04
7513,North,Residential,2492.9,2227.65,265.25,40615.44,153.1213572101791,Q1 (best),153.12,Q1 best,10.64
7514,East,Residential,1549.09,1324.72,224.37,15950.92,71.0920354771137,Q1 (best),71.09,Q1 best,14.48
7515,East,Residential,2384.9,1984.27,400.63,83871.26,209.3484262286898,Q2,209.35,Q2,16.8
7516,West,Residential,1372.06,1208.8,163.26,33682.57,206.31244640450817,Q2,206.31,Q2,11.9
7517,West,Commercial,968.42,819.11,149.31,77637.23,519.9734110240439,Q3,519.97,Q3,15.42
7518,West,Commercial,757.2,683.97,73.23,11549.3,157.71268605762663,Q1 (best),157.71,Q1 best,9.67
7519,Central,Residential,525.14,493.71,31.43,71170.84,2264.423798918231,Q4 (worst),2264.42,Q4 worst,5.99
7520,West,Residential,1827.67,1522.32,305.35,56451.56,184.8749304077288,Q2,184.87,Q2,16.71
7521,North,Residential,1259.22,1059.43,199.79,90440.7,452.67881275339107,Q3,452.68,Q3,15.87
7522,Central,Commercial,782.2,700.58,81.62,52606.12,644.52487135506,Q3,644.52,Q3,10.43
7523,East,Industrial,1909.71,1837.82,71.89,44266.33,615.7508693837808,Q3,615.75,Q3,3.76
7524,Central,Residential,1716.09,1387.32,328.77,80379.06,244.4841682635277,Q2,244.48,Q2,19.16
7525,Central,Commercial,2152.07,1811.39,340.68,49732.35,145.97965833039802,Q1 (best),145.98,Q1 best,15.83
7526,East,Industrial,2102.58,1683.84,418.74,5341.77,12.756770310932799,Q1 (best),12.76,Q1 best,19.92
7527,Central,Residential,971.96,808.3,163.66,37523.79,229.27893193205426,Q2,229.28,Q2,16.84
7528,Central,Residential,1019.63,930.16,89.47,33540.58,374.88074214820614,Q3,374.88,Q3,8.77
7529,East,Industrial,2083.18,1766.87,316.31,48203.73,152.3939489741077,Q1 (best),152.39,Q1 best,15.18
7530,South,Industrial,651.84,573.12,78.72,19663.06,249.78480691056913,Q2,249.78,Q2,12.08
7531,East,Commercial,2491.96,2411.55,80.41,67776.66,842.8884467106083,Q4 (worst),842.89,Q4 worst,3.23
7532,North,Industrial,1010.05,929.67,80.38,61146.56,760.7185867131127,Q4 (worst),760.72,Q4 worst,7.96
7533,South,Commercial,825.17,741.23,83.94,33922.86,404.132237312366,Q3,404.13,Q3,10.17
7534,South,Commercial,2445.88,2179.46,266.42,41041.79,154.0492080174161,Q1 (best),154.05,Q1 best,10.89
7535,West,Commercial,948.58,852.4,96.18,86600.26,900.3977957995425,Q4 (worst),900.4,Q4 worst,10.14
7536,East,Residential,1809.32,1678.1,131.22,22837.19,174.03741807651272,Q2,174.04,Q2,7.25
7537,North,Industrial,851.6,830.66,20.94,25904.25,1237.070200573066,Q4 (worst),1237.07,Q4 worst,2.46
7538,East,Commercial,2315.52,2024.23,291.29,17624.73,60.50578461327199,Q1 (best),60.51,Q1 best,12.58
7539,North,Residential,2445.98,2138.78,307.2,19040.07,61.97939453125,Q1 (best),61.98,Q1 best,12.56
7540,East,Commercial,1547.48,1468.93,78.55,96880.88,1233.3657542966264,Q4 (worst),1233.37,Q4 worst,5.08
7541,West,Residential,1893.76,1544.77,348.99,46541.81,133.36144302129,Q1 (best),133.36,Q1 best,18.43
7542,South,Industrial,2257.2,2054.56,202.64,16806.27,82.93658705092776,Q1 (best),82.94,Q1 best,8.98
7543,North,Commercial,1774.62,1439.35,335.27,70965.45,211.66656724431056,Q2,211.67,Q2,18.89
7544,North,Industrial,2269.27,1988.96,280.31,36700.61,130.92865042274624,Q1 (best),130.93,Q1 best,12.35
7545,South,Industrial,1720.73,1516.16,204.57,31191.56,152.47377425820014,Q1 (best),152.47,Q1 best,11.89
7546,South,Industrial,824.29,678.85,145.44,20141.37,138.48576732673266,Q1 (best),138.49,Q1 best,17.64
7547,South,Industrial,1052.47,876.17,176.3,75684.2,429.29211571185476,Q3,429.29,Q3,16.75
7548,West,Residential,1454.2,1398.01,56.19,82059.3,1460.3897490656702,Q4 (worst),1460.39,Q4 worst,3.86
7549,North,Residential,1350.42,1219.54,130.88,58270.08,445.21760391198046,Q3,445.22,Q3,9.69
7550,East,Residential,1524.21,1276.75,247.46,41881.84,169.24690859128745,Q1 (best),169.25,Q1 best,16.24
7551,North,Commercial,2072.9,1949.77,123.13,9256.08,75.17323154389669,Q1 (best),75.17,Q1 best,5.94
7552,South,Industrial,1043.76,844.97,198.79,11284.26,56.76472659590523,Q1 (best),56.76,Q1 best,19.05
7553,Central,Residential,1146.75,1081.89,64.86,35257.92,543.6003700277521,Q3,543.6,Q3,5.66
7554,Central,Residential,1509.86,1228.67,281.19,5508.34,19.589387958319996,Q1 (best),19.59,Q1 best,18.62
7555,South,Commercial,2030.9,1630.93,399.97,54878.24,137.2058904417831,Q1 (best),137.21,Q1 best,19.69
7556,West,Industrial,914.89,851.14,63.75,36414.74,571.2116078431372,Q3,571.21,Q3,6.97
7557,East,Commercial,2365.26,2226.11,139.15,68214.07,490.2196909809558,Q3,490.22,Q3,5.88
7558,South,Residential,1104.51,1063.49,41.02,92786.38,2261.97903461726,Q4 (worst),2261.98,Q4 worst,3.71
7559,West,Commercial,652.03,580.62,71.41,58119.74,813.8879708724269,Q4 (worst),813.89,Q4 worst,10.95
7560,Central,Industrial,1422.07,1215.4,206.67,84604.21,409.36860695795235,Q3,409.37,Q3,14.53
7561,Central,Commercial,1070.77,878.81,191.96,30219.72,157.42717232756823,Q1 (best),157.43,Q1 best,17.93
7562,North,Residential,945.59,889.49,56.1,78492.78,1399.1582887700533,Q4 (worst),1399.16,Q4 worst,5.93
7563,South,Residential,558.94,486.55,72.39,15319.23,211.62080397845006,Q2,211.62,Q2,12.95
7564,East,Commercial,1743.8,1707.19,36.61,43451.81,1186.8836383501775,Q4 (worst),1186.88,Q4 worst,2.1
7565,South,Commercial,1561.81,1504.93,56.88,22331.0,392.598452883263,Q3,392.6,Q3,3.64
7566,South,Commercial,2150.74,1853.57,297.17,59934.67,201.6847932160043,Q2,201.68,Q2,13.82
7567,East,Commercial,989.78,920.98,68.8,45017.24,654.3203488372093,Q4 (worst),654.32,Q4 worst,6.95
7568,East,Residential,1442.36,1313.99,128.37,58608.63,456.5601776115915,Q3,456.56,Q3,8.9
7569,East,Commercial,2181.1,1859.64,321.46,88379.24,274.9307534374417,Q2,274.93,Q2,14.74
7570,North,Commercial,1252.35,1094.73,157.62,17854.0,113.2724273569344,Q1 (best),113.27,Q1 best,12.59
7571,East,Commercial,1149.53,1108.35,41.18,32634.23,792.477659057795,Q4 (worst),792.48,Q4 worst,3.58
7572,North,Commercial,1670.31,1475.23,195.08,27767.39,142.3384765224523,Q1 (best),142.34,Q1 best,11.68
7573,West,Commercial,1502.73,1446.96,55.77,83897.31,1504.3448090371166,Q4 (worst),1504.34,Q4 worst,3.71
7574,South,Industrial,2184.82,1872.09,312.73,40632.82,129.92939596457006,Q1 (best),129.93,Q1 best,14.31
7575,West,Commercial,654.27,572.77,81.5,77165.69,946.818282208589,Q4 (worst),946.82,Q4 worst,12.46
7576,South,Residential,2107.83,1972.99,134.84,39438.6,292.48442598635415,Q2,292.48,Q2,6.4
7577,East,Industrial,2344.06,2251.15,92.91,32507.5,349.8816058551286,Q3,349.88,Q3,3.96
7578,South,Residential,1453.95,1270.33,183.62,59908.63,326.2641869077442,Q2,326.26,Q2,12.63
7579,Central,Industrial,1527.69,1442.52,85.17,72690.54,853.47587178584,Q4 (worst),853.48,Q4 worst,5.58
7580,Central,Residential,949.9,919.08,30.82,95802.67,3108.4578195976637,Q4 (worst),3108.46,Q4 worst,3.24
7581,South,Residential,663.25,566.87,96.38,58268.7,604.5725254202116,Q3,604.57,Q3,14.53
7582,West,Industrial,1627.36,1451.02,176.34,20414.91,115.77015991833957,Q1 (best),115.77,Q1 best,10.84
7583,South,Industrial,993.25,839.56,153.69,10774.23,70.10365020495803,Q1 (best),70.1,Q1 best,15.47
7584,South,Commercial,778.29,624.49,153.8,5584.49,36.310078023407016,Q1 (best),36.31,Q1 best,19.76
7585,East,Residential,1485.5,1374.58,110.92,28316.41,255.28678326721962,Q2,255.29,Q2,7.47
7586,Central,Commercial,1654.88,1550.24,104.64,54139.02,517.3836009174312,Q3,517.38,Q3,6.32
7587,South,Residential,1661.04,1472.18,188.86,42330.58,224.13735041829926,Q2,224.14,Q2,11.37
7588,South,Industrial,1101.02,899.92,201.1,64486.7,320.66981601193436,Q2,320.67,Q2,18.26
7589,West,Residential,594.24,542.53,51.71,5984.16,115.72539160703926,Q1 (best),115.73,Q1 best,8.7
7590,South,Industrial,2431.43,2269.15,162.28,74905.2,461.5799852107468,Q3,461.58,Q3,6.67
7591,West,Residential,1594.99,1409.51,185.48,11296.64,60.90489540651283,Q1 (best),60.9,Q1 best,11.63
7592,South,Commercial,1075.63,971.09,104.54,60732.95,580.9541802180983,Q3,580.95,Q3,9.72
7593,West,Commercial,618.12,545.13,72.99,70342.52,963.728181942732,Q4 (worst),963.73,Q4 worst,11.81
7594,South,Residential,2288.7,2021.47,267.23,35296.52,132.08292482131495,Q1 (best),132.08,Q1 best,11.68
7595,East,Commercial,755.49,641.66,113.83,58818.59,516.7230958446806,Q3,516.72,Q3,15.07
7596,West,Commercial,1061.49,999.42,62.07,18516.97,298.32398904462707,Q2,298.32,Q2,5.85
7597,South,Residential,1043.46,883.47,159.99,99612.7,622.6182886430402,Q3,622.62,Q3,15.33
7598,North,Commercial,2304.52,2085.62,218.9,21042.05,96.12631338510735,Q1 (best),96.13,Q1 best,9.5
7599,North,Residential,1493.58,1214.32,279.26,89202.91,319.42601876387596,Q2,319.43,Q2,18.7
7600,East,Commercial,1248.28,1193.19,55.09,7375.44,133.87983300054455,Q1 (best),133.88,Q1 best,4.41
7601,North,Industrial,1344.78,1254.9,89.88,16419.53,182.68279928793947,Q2,182.68,Q2,6.68
7602,East,Commercial,1526.4,1355.55,170.85,95330.16,557.9757682177349,Q3,557.98,Q3,11.19
7603,Central,Commercial,1241.66,1139.38,102.28,20104.16,196.56003128666404,Q2,196.56,Q2,8.24
7604,North,Commercial,1344.03,1279.53,64.5,25160.64,390.0874418604651,Q3,390.09,Q3,4.8
7605,North,Industrial,769.54,738.36,31.18,85782.7,2751.209108402822,Q4 (worst),2751.21,Q4 worst,4.05
7606,Central,Residential,1015.68,919.99,95.69,73292.88,765.9408506636013,Q4 (worst),765.94,Q4 worst,9.42
7607,Central,Commercial,1022.04,916.15,105.89,67557.7,637.9988667485126,Q3,638.0,Q3,10.36
7608,South,Residential,1926.86,1858.1,68.76,79761.98,1160.0055264688772,Q4 (worst),1160.01,Q4 worst,3.57
7609,West,Residential,2079.98,2011.38,68.6,24768.29,361.0537900874636,Q3,361.05,Q3,3.3
7610,West,Industrial,2499.06,2210.0,289.06,88039.92,304.57316820037363,Q2,304.57,Q2,11.57
7611,West,Residential,2492.55,2157.65,334.9,46906.67,140.06171991639295,Q1 (best),140.06,Q1 best,13.44
7612,South,Commercial,2447.62,2388.3,59.32,95584.5,1611.336817262306,Q4 (worst),1611.34,Q4 worst,2.42
7613,North,Commercial,582.74,492.82,89.92,76809.2,854.1948398576512,Q4 (worst),854.19,Q4 worst,15.43
7614,South,Commercial,1632.29,1312.16,320.13,60935.58,190.34635929153782,Q2,190.35,Q2,19.61
7615,South,Commercial,1789.17,1647.36,141.81,95018.27,670.0392779070587,Q4 (worst),670.04,Q4 worst,7.93
7616,Central,Industrial,634.04,563.5,70.54,29660.43,420.47675077969944,Q3,420.48,Q3,11.13
7617,East,Residential,2252.52,2001.48,251.04,36038.83,143.55811822817083,Q1 (best),143.56,Q1 best,11.14
7618,North,Industrial,615.74,508.4,107.34,56490.01,526.271753307248,Q3,526.27,Q3,17.43
7619,East,Commercial,1888.44,1691.25,197.19,50535.04,256.2758760586237,Q2,256.28,Q2,10.44
7620,Central,Industrial,901.12,722.57,178.55,30706.95,171.97955754690562,Q2,171.98,Q2,19.81
7621,North,Residential,1604.69,1479.78,124.91,60848.28,487.1369786246097,Q3,487.14,Q3,7.78
7622,West,Residential,878.35,721.71,156.64,39314.15,250.9841036772217,Q2,250.98,Q2,17.83
7623,East,Industrial,2348.48,2277.48,71.0,84141.1,1185.0859154929578,Q4 (worst),1185.09,Q4 worst,3.02
7624,Central,Commercial,2075.29,1916.51,158.78,76887.78,484.2409623378259,Q3,484.24,Q3,7.65
7625,South,Commercial,1998.95,1654.35,344.6,81515.01,236.54965177016828,Q2,236.55,Q2,17.24
7626,Central,Commercial,1073.69,1035.78,37.91,22314.42,588.6156686890002,Q3,588.62,Q3,3.53
7627,South,Commercial,1490.95,1301.92,189.03,73644.72,389.59276305348357,Q3,389.59,Q3,12.68
7628,North,Commercial,1494.83,1313.77,181.06,44488.76,245.71280238594943,Q2,245.71,Q2,12.11
7629,West,Residential,942.86,791.2,151.66,59179.63,390.21251483581693,Q3,390.21,Q3,16.09
7630,North,Commercial,1509.08,1466.15,42.93,67300.59,1567.682040531097,Q4 (worst),1567.68,Q4 worst,2.84
7631,North,Industrial,894.4,854.76,39.64,51249.08,1292.8627648839556,Q4 (worst),1292.86,Q4 worst,4.43
7632,East,Commercial,958.65,830.92,127.73,88262.28,691.006654662178,Q4 (worst),691.01,Q4 worst,13.32
7633,North,Residential,2290.94,1897.72,393.22,57881.32,147.19831137785462,Q1 (best),147.2,Q1 best,17.16
7634,Central,Commercial,1671.82,1592.18,79.64,31752.1,398.6953792064289,Q3,398.7,Q3,4.76
7635,Central,Industrial,1103.26,1071.49,31.77,47381.8,1491.4006924771797,Q4 (worst),1491.4,Q4 worst,2.88
7636,North,Residential,518.27,480.4,37.87,48241.58,1273.873250594138,Q4 (worst),1273.87,Q4 worst,7.31
7637,South,Commercial,1931.48,1594.32,337.16,11666.96,34.60363032388183,Q1 (best),34.6,Q1 best,17.46
7638,West,Residential,1249.24,1101.07,148.17,49478.54,333.9308901936965,Q3,333.93,Q3,11.86
7639,West,Residential,868.95,699.08,169.87,75267.37,443.0880673456172,Q3,443.09,Q3,19.55
7640,Central,Residential,897.66,783.8,113.86,37708.75,331.1852274723345,Q3,331.19,Q3,12.68
7641,South,Commercial,983.25,947.03,36.22,80711.44,2228.3666482606295,Q4 (worst),2228.37,Q4 worst,3.68
7642,North,Commercial,846.98,828.61,18.37,81106.8,4415.176918889493,Q4 (worst),4415.18,Q4 worst,2.17
7643,Central,Residential,586.51,539.24,47.27,15072.67,318.8633382695155,Q2,318.86,Q2,8.06
7644,North,Commercial,1101.72,923.06,178.66,42653.13,238.7391133997537,Q2,238.74,Q2,16.22
7645,West,Industrial,718.89,588.31,130.58,34649.37,265.34974728136007,Q2,265.35,Q2,18.16
7646,East,Commercial,2322.68,2016.15,306.53,6615.04,21.58039996085212,Q1 (best),21.58,Q1 best,13.2
7647,Central,Residential,2163.88,2000.43,163.45,97536.37,596.7352095442031,Q3,596.74,Q3,7.55
7648,South,Industrial,2337.57,2239.97,97.6,76776.32,786.6426229508198,Q4 (worst),786.64,Q4 worst,4.18
7649,West,Commercial,1861.13,1612.93,248.2,53269.48,214.62320709105563,Q2,214.62,Q2,13.34
7650,North,Industrial,2381.66,1927.83,453.83,86373.28,190.320780909151,Q2,190.32,Q2,19.06
7651,East,Commercial,1865.07,1659.75,205.32,34764.35,169.31789401909214,Q1 (best),169.32,Q1 best,11.01
7652,North,Commercial,1771.98,1633.98,138.0,21571.04,156.311884057971,Q1 (best),156.31,Q1 best,7.79
7653,West,Residential,973.72,899.43,74.29,67210.68,904.7069592138913,Q4 (worst),904.71,Q4 worst,7.63
7654,North,Residential,1227.31,1002.92,224.39,83349.99,371.4514461428763,Q3,371.45,Q3,18.28
7655,West,Commercial,1124.31,1094.15,30.16,15782.43,523.2901193633952,Q3,523.29,Q3,2.68
7656,West,Industrial,2356.44,2257.81,98.63,77353.28,784.2774003852784,Q4 (worst),784.28,Q4 worst,4.19
7657,North,Commercial,743.43,634.28,109.15,28753.35,263.42968392120935,Q2,263.43,Q2,14.68
7658,North,Commercial,2414.19,2200.84,213.35,57257.43,268.37323646590113,Q2,268.37,Q2,8.84
7659,East,Residential,1449.01,1328.6,120.41,74846.3,621.5953824433187,Q3,621.6,Q3,8.31
7660,Central,Industrial,681.53,551.78,129.75,43551.74,335.6588824662813,Q3,335.66,Q3,19.04
7661,North,Commercial,2263.48,2085.49,177.99,9256.55,52.00601157368391,Q1 (best),52.01,Q1 best,7.86
7662,South,Industrial,2251.37,1939.56,311.81,54074.83,173.42237259869793,Q2,173.42,Q2,13.85
7663,North,Commercial,1360.91,1232.38,128.53,45135.37,351.1660312767447,Q3,351.17,Q3,9.44
7664,South,Industrial,1480.32,1291.18,189.14,52554.32,277.859363434493,Q2,277.86,Q2,12.78
7665,West,Commercial,1077.46,985.2,92.26,86066.84,932.8727509213093,Q4 (worst),932.87,Q4 worst,8.56
7666,West,Residential,2035.78,1903.99,131.79,91195.27,691.9741255026937,Q4 (worst),691.97,Q4 worst,6.47
7667,Central,Industrial,2183.65,2131.26,52.39,45314.99,864.9549532353502,Q4 (worst),864.95,Q4 worst,2.4
7668,East,Residential,546.79,459.99,86.8,74982.5,863.8536866359448,Q4 (worst),863.85,Q4 worst,15.87
7669,North,Residential,2336.06,2265.34,70.72,8723.28,123.34954751131222,Q1 (best),123.35,Q1 best,3.03
7670,East,Commercial,1425.49,1352.16,73.33,75529.71,1029.9974089731352,Q4 (worst),1030.0,Q4 worst,5.14
7671,West,Residential,1600.91,1379.76,221.15,90160.69,407.69021026452634,Q3,407.69,Q3,13.81
7672,South,Residential,1000.66,901.74,98.92,26857.07,271.50293166194905,Q2,271.5,Q2,9.89
7673,West,Residential,637.88,575.02,62.86,96513.44,1535.3713013044862,Q4 (worst),1535.37,Q4 worst,9.85
7674,East,Industrial,2410.13,2057.92,352.21,44491.88,126.32202379262372,Q1 (best),126.32,Q1 best,14.61
7675,Central,Commercial,1490.27,1192.36,297.91,81807.37,274.604310026518,Q2,274.6,Q2,19.99
7676,South,Industrial,1572.5,1365.75,206.75,41855.27,202.44386940749695,Q2,202.44,Q2,13.15
7677,Central,Industrial,840.37,820.71,19.66,44605.47,2268.8438453713125,Q4 (worst),2268.84,Q4 worst,2.34
7678,North,Industrial,1793.8,1700.47,93.33,95922.05,1027.7729561770063,Q4 (worst),1027.77,Q4 worst,5.2
7679,West,Commercial,1609.54,1575.73,33.81,10008.55,296.02336586808633,Q2,296.02,Q2,2.1
7680,West,Commercial,1376.05,1183.43,192.62,96053.6,498.66888173606065,Q3,498.67,Q3,14.0
7681,North,Industrial,2362.44,2282.65,79.79,36719.8,460.2055395412959,Q3,460.21,Q3,3.38
7682,West,Commercial,1599.89,1467.92,131.97,52955.63,401.2702129271804,Q3,401.27,Q3,8.25
7683,West,Residential,943.98,861.05,82.93,82346.91,992.9688894248161,Q4 (worst),992.97,Q4 worst,8.79
7684,North,Commercial,1526.89,1298.51,228.38,52364.38,229.28618968386021,Q2,229.29,Q2,14.96
7685,West,Residential,1656.2,1367.74,288.46,37286.76,129.26145739443945,Q1 (best),129.26,Q1 best,17.42
7686,North,Commercial,1778.46,1713.92,64.54,5840.9,90.50046482801362,Q1 (best),90.5,Q1 best,3.63
7687,Central,Commercial,2132.74,1968.81,163.93,52107.69,317.86549136826693,Q2,317.87,Q2,7.69
7688,Central,Commercial,1624.4,1580.67,43.73,24469.58,559.5604847930483,Q3,559.56,Q3,2.69
7689,East,Industrial,1504.11,1311.76,192.35,28143.94,146.31629841434884,Q1 (best),146.32,Q1 best,12.79
7690,South,Commercial,1445.23,1346.9,98.33,23015.12,234.06000203396724,Q2,234.06,Q2,6.8
7691,East,Commercial,2354.27,2085.37,268.9,91123.17,338.8738192636668,Q3,338.87,Q3,11.42
7692,South,Residential,735.04,709.29,25.75,93333.06,3624.584854368932,Q4 (worst),3624.58,Q4 worst,3.5
7693,Central,Industrial,1127.95,972.67,155.28,99517.67,640.8917439464194,Q3,640.89,Q3,13.77
7694,Central,Commercial,1834.34,1518.19,316.15,88581.68,280.1887711529337,Q2,280.19,Q2,17.24
7695,West,Commercial,735.19,675.28,59.91,14857.4,247.99532632281756,Q2,248.0,Q2,8.15
7696,North,Industrial,1159.97,995.71,164.26,13550.73,82.49561670522343,Q1 (best),82.5,Q1 best,14.16
7697,North,Industrial,993.53,883.61,109.92,42003.4,382.1270014556041,Q3,382.13,Q3,11.06
7698,North,Commercial,1225.16,1069.64,155.52,15576.85,100.15978652263374,Q1 (best),100.16,Q1 best,12.69
7699,East,Industrial,1707.09,1478.28,228.81,22541.33,98.51549320396836,Q1 (best),98.52,Q1 best,13.4
7700,Central,Commercial,1156.23,959.59,196.64,98172.9,499.25193246541903,Q3,499.25,Q3,17.01
7701,East,Industrial,2149.45,1989.1,160.35,45094.93,281.22812597443095,Q2,281.23,Q2,7.46
7702,South,Residential,525.7,484.74,40.96,98376.63,2401.773193359375,Q4 (worst),2401.77,Q4 worst,7.79
7703,East,Industrial,1426.27,1141.8,284.47,64872.44,228.04668330579673,Q2,228.05,Q2,19.95
7704,East,Commercial,1191.38,1140.11,51.27,92812.59,1810.2709186658863,Q4 (worst),1810.27,Q4 worst,4.3
7705,East,Commercial,1389.47,1326.16,63.31,61582.88,972.7196335492023,Q4 (worst),972.72,Q4 worst,4.56
7706,North,Industrial,1780.07,1577.55,202.52,41609.48,205.45862137072882,Q2,205.46,Q2,11.38
7707,West,Industrial,2374.85,2118.21,256.64,29858.37,116.34339931421447,Q1 (best),116.34,Q1 best,10.81
7708,West,Industrial,1019.33,878.82,140.51,75887.34,540.0849761582806,Q3,540.08,Q3,13.78
7709,East,Industrial,820.05,714.11,105.94,76689.46,723.8952237115349,Q4 (worst),723.9,Q4 worst,12.92
7710,West,Commercial,887.99,736.66,151.33,46897.5,309.90220048899755,Q2,309.9,Q2,17.04
7711,East,Commercial,2190.27,1861.09,329.18,26282.09,79.84108998116533,Q1 (best),79.84,Q1 best,15.03
7712,Central,Residential,1484.95,1282.24,202.71,91912.96,453.4209461792709,Q3,453.42,Q3,13.65
7713,Central,Industrial,815.17,746.8,68.37,51287.85,750.1513821851688,Q4 (worst),750.15,Q4 worst,8.39
7714,East,Residential,1033.84,836.41,197.43,45653.02,231.2364888821354,Q2,231.24,Q2,19.1
7715,North,Residential,2066.16,1704.58,361.58,94493.07,261.33378505448314,Q2,261.33,Q2,17.5
7716,North,Commercial,2349.88,2003.25,346.63,36400.87,105.01361682485648,Q1 (best),105.01,Q1 best,14.75
7717,South,Commercial,2408.37,2161.7,246.67,88628.39,359.29942838610293,Q3,359.3,Q3,10.24
7718,South,Industrial,909.04,788.81,120.23,37021.86,307.92530982283955,Q2,307.93,Q2,13.23
7719,North,Commercial,1495.08,1393.77,101.31,50428.15,497.760833086566,Q3,497.76,Q3,6.78
7720,Central,Residential,1999.64,1725.04,274.6,34392.65,125.24635833940276,Q1 (best),125.25,Q1 best,13.73
7721,West,Residential,1953.56,1741.62,211.94,35567.39,167.81820326507503,Q1 (best),167.82,Q1 best,10.85
7722,East,Residential,758.51,736.27,22.24,48718.98,2190.6016187050363,Q4 (worst),2190.6,Q4 worst,2.93
7723,East,Commercial,2471.52,1983.59,487.93,61643.85,126.33748693460127,Q1 (best),126.34,Q1 best,19.74
7724,West,Commercial,1666.33,1453.11,213.22,51812.72,243.0012193978051,Q2,243.0,Q2,12.8
7725,East,Industrial,678.41,550.5,127.91,28770.71,224.92932530685638,Q2,224.93,Q2,18.85
7726,Central,Residential,1076.35,900.95,175.4,25951.93,147.9585518814139,Q1 (best),147.96,Q1 best,16.3
7727,East,Industrial,1947.12,1607.09,340.03,97843.96,287.7509631503103,Q2,287.75,Q2,17.46
7728,South,Residential,1981.06,1652.97,328.09,15638.71,47.665914840440124,Q1 (best),47.67,Q1 best,16.56
7729,North,Commercial,1408.93,1198.36,210.57,56364.9,267.6777318706369,Q2,267.68,Q2,14.95
7730,North,Commercial,1347.35,1120.57,226.78,51722.91,228.07527118793547,Q2,228.08,Q2,16.83
7731,East,Commercial,1091.28,873.18,218.1,55815.97,255.9191655204035,Q2,255.92,Q2,19.99
7732,North,Industrial,2247.34,2118.58,128.76,22889.4,177.76794035414727,Q2,177.77,Q2,5.73
7733,North,Residential,614.84,575.48,39.36,26930.39,684.20706300813,Q4 (worst),684.21,Q4 worst,6.4
7734,East,Industrial,1761.26,1539.63,221.63,84760.9,382.4432612913414,Q3,382.44,Q3,12.58
7735,East,Residential,2013.88,1891.7,122.18,76276.9,624.2993943362252,Q3,624.3,Q3,6.07
7736,Central,Commercial,2389.77,2329.19,60.58,90040.87,1486.3134697920104,Q4 (worst),1486.31,Q4 worst,2.53
7737,South,Residential,1726.74,1552.87,173.87,45972.45,264.40702823948925,Q2,264.41,Q2,10.07
7738,East,Industrial,1514.74,1422.6,92.14,75020.97,814.2063164749295,Q4 (worst),814.21,Q4 worst,6.08
7739,West,Commercial,1485.05,1354.71,130.34,51593.75,395.8397268681909,Q3,395.84,Q3,8.78
7740,South,Industrial,1750.37,1536.59,213.78,37558.86,175.68930676396295,Q2,175.69,Q2,12.21
7741,West,Industrial,1276.42,1170.16,106.26,31723.78,298.5486542443064,Q2,298.55,Q2,8.32
7742,South,Industrial,1159.59,1065.8,93.79,46409.44,494.82290222838253,Q3,494.82,Q3,8.09
7743,Central,Commercial,2220.89,2040.35,180.54,46341.5,256.68272958901076,Q2,256.68,Q2,8.13
7744,North,Commercial,2394.24,2324.52,69.72,28402.42,407.37837062535857,Q3,407.38,Q3,2.91
7745,East,Industrial,2375.91,2009.92,365.99,83876.36,229.17664417060575,Q2,229.18,Q2,15.4
7746,North,Industrial,2173.98,1832.07,341.91,24768.34,72.44111023368723,Q1 (best),72.44,Q1 best,15.73
7747,West,Commercial,1725.57,1400.41,325.16,34998.71,107.63534875138393,Q1 (best),107.64,Q1 best,18.84
7748,South,Commercial,895.82,762.44,133.38,72002.46,539.829509671615,Q3,539.83,Q3,14.89
7749,West,Residential,891.02,848.79,42.23,7028.72,166.43902439024393,Q1 (best),166.44,Q1 best,4.74
7750,West,Industrial,717.17,635.92,81.25,70097.78,862.7419076923077,Q4 (worst),862.74,Q4 worst,11.33
7751,South,Industrial,533.46,504.49,28.97,81259.68,2804.959613393165,Q4 (worst),2804.96,Q4 worst,5.43
7752,Central,Industrial,1918.93,1601.62,317.31,59262.61,186.76565503766034,Q2,186.77,Q2,16.54
7753,East,Industrial,1863.91,1727.25,136.66,97260.08,711.6938387238403,Q4 (worst),711.69,Q4 worst,7.33
7754,Central,Commercial,881.29,795.05,86.24,11187.78,129.72843228200372,Q1 (best),129.73,Q1 best,9.79
7755,South,Commercial,2342.11,2171.96,170.15,26052.12,153.11266529532764,Q1 (best),153.11,Q1 best,7.26
7756,North,Commercial,2252.09,1968.99,283.1,95564.43,337.5642175909572,Q3,337.56,Q3,12.57
7757,South,Industrial,1027.59,948.66,78.93,10693.13,135.47611807931077,Q1 (best),135.48,Q1 best,7.68
7758,East,Residential,871.9,715.98,155.92,82902.23,531.697216521293,Q3,531.7,Q3,17.88
7759,Central,Commercial,2003.12,1960.19,42.93,44881.73,1045.4630794316329,Q4 (worst),1045.46,Q4 worst,2.14
7760,North,Industrial,1036.97,937.63,99.34,85302.66,858.6939802697806,Q4 (worst),858.69,Q4 worst,9.58
7761,Central,Commercial,1217.84,1184.44,33.4,49536.63,1483.132634730539,Q4 (worst),1483.13,Q4 worst,2.74
7762,West,Residential,2217.81,2121.11,96.7,29984.92,310.0819027921406,Q2,310.08,Q2,4.36
7763,North,Residential,2155.87,1835.36,320.51,64329.58,200.71005584849146,Q2,200.71,Q2,14.87
7764,South,Industrial,765.54,710.02,55.52,70535.69,1270.4555115273774,Q4 (worst),1270.46,Q4 worst,7.25
7765,West,Commercial,2001.43,1739.51,261.92,96736.88,369.33750763591934,Q3,369.34,Q3,13.09
7766,West,Residential,1143.98,999.69,144.29,6711.65,46.51500450481669,Q1 (best),46.52,Q1 best,12.61
7767,West,Residential,1017.92,926.98,90.94,10297.58,113.23488014075214,Q1 (best),113.23,Q1 best,8.93
7768,East,Commercial,1046.39,894.68,151.71,85240.48,561.8646101113967,Q3,561.86,Q3,14.5
7769,South,Industrial,2239.24,1957.41,281.83,58308.6,206.89280772096654,Q2,206.89,Q2,12.59
7770,Central,Industrial,639.85,532.73,107.12,95345.44,890.0806572068708,Q4 (worst),890.08,Q4 worst,16.74
7771,South,Residential,1355.22,1119.12,236.1,58633.51,248.34184667513767,Q2,248.34,Q2,17.42
7772,West,Commercial,1245.59,1147.81,97.78,22253.4,227.58641849048885,Q2,227.59,Q2,7.85
7773,Central,Residential,2110.27,1835.27,275.0,59761.55,217.31472727272728,Q2,217.31,Q2,13.03
7774,North,Industrial,617.86,602.48,15.38,72857.35,4737.1488946684,Q4 (worst),4737.15,Q4 worst,2.49
7775,West,Industrial,1854.01,1504.88,349.13,55587.89,159.21831409503622,Q1 (best),159.22,Q1 best,18.83
7776,South,Commercial,1428.58,1206.17,222.41,76613.12,344.4679645699384,Q3,344.47,Q3,15.57
7777,Central,Industrial,2363.13,1975.71,387.42,55696.31,143.76209281916266,Q1 (best),143.76,Q1 best,16.39
7778,West,Industrial,1016.97,904.22,112.75,58455.26,518.4501995565411,Q3,518.45,Q3,11.09
7779,North,Residential,2263.73,1890.98,372.75,14371.46,38.55522468142186,Q1 (best),38.56,Q1 best,16.47
7780,Central,Commercial,847.28,771.34,75.94,55851.98,735.4751119304715,Q4 (worst),735.48,Q4 worst,8.96
7781,West,Industrial,1868.96,1777.26,91.7,40421.57,440.80229007633585,Q3,440.8,Q3,4.91
7782,South,Residential,1494.29,1212.05,282.24,96818.45,343.0358914399093,Q3,343.04,Q3,18.89
7783,South,Industrial,2359.82,2233.01,126.81,61907.83,488.1935967195016,Q3,488.19,Q3,5.37
7784,West,Industrial,1297.96,1205.35,92.61,84825.98,915.9483857034877,Q4 (worst),915.95,Q4 worst,7.14
7785,West,Residential,1514.47,1211.9,302.57,26415.11,87.30247546022409,Q1 (best),87.3,Q1 best,19.98
7786,Central,Commercial,2267.36,1965.63,301.73,55840.35,185.0672786928711,Q2,185.07,Q2,13.31
7787,East,Commercial,2096.23,1896.73,199.5,50324.85,252.2548872180451,Q2,252.25,Q2,9.52
7788,South,Industrial,1328.69,1087.68,241.01,60395.84,250.5947471059292,Q2,250.59,Q2,18.14
7789,South,Industrial,2063.35,1925.67,137.68,94409.22,685.7148460197559,Q4 (worst),685.71,Q4 worst,6.67
7790,South,Residential,2462.09,2135.23,326.86,27133.39,83.0122682494034,Q1 (best),83.01,Q1 best,13.28
7791,Central,Commercial,2483.77,1993.26,490.51,92868.72,189.33094126521377,Q2,189.33,Q2,19.75
7792,East,Commercial,828.32,768.03,60.29,89876.91,1490.7432410018246,Q4 (worst),1490.74,Q4 worst,7.28
7793,West,Residential,995.23,917.71,77.52,10862.58,140.1261609907121,Q1 (best),140.13,Q1 best,7.79
7794,North,Commercial,1055.02,889.39,165.63,59611.8,359.9094366962507,Q3,359.91,Q3,15.7
7795,West,Residential,2492.35,2057.6,434.75,14538.0,33.43990799309948,Q1 (best),33.44,Q1 best,17.44
7796,South,Commercial,2019.02,1647.71,371.31,20980.55,56.50413401201153,Q1 (best),56.5,Q1 best,18.39
7797,East,Commercial,696.94,589.91,107.03,38281.28,357.668691021209,Q3,357.67,Q3,15.36
7798,South,Residential,822.34,670.28,152.06,66309.33,436.07345784558726,Q3,436.07,Q3,18.49
7799,East,Residential,2429.26,2296.53,132.73,23775.54,179.12710012807958,Q2,179.13,Q2,5.46
7800,Central,Residential,1543.92,1342.57,201.35,82327.36,408.876881052893,Q3,408.88,Q3,13.04
7801,South,Commercial,2040.34,1830.95,209.39,98465.52,470.2493910883997,Q3,470.25,Q3,10.26
7802,West,Residential,997.33,852.68,144.65,56106.11,387.87493950916,Q3,387.87,Q3,14.5
7803,East,Residential,1091.48,1039.89,51.59,49159.09,952.8802093428958,Q4 (worst),952.88,Q4 worst,4.73
7804,West,Residential,1745.73,1410.9,334.83,63235.32,188.85798763551654,Q2,188.86,Q2,19.18
7805,East,Industrial,1523.37,1257.9,265.47,50195.86,189.08298489471503,Q2,189.08,Q2,17.43
7806,West,Commercial,1911.43,1783.98,127.45,42787.96,335.7234994115339,Q3,335.72,Q3,6.67
7807,West,Commercial,1915.93,1679.12,236.81,38916.74,164.33740129217514,Q1 (best),164.34,Q1 best,12.36
7808,South,Industrial,1394.4,1292.88,101.52,32639.5,321.50807722616236,Q2,321.51,Q2,7.28
7809,North,Residential,527.04,498.04,29.0,55520.07,1914.4851724137932,Q4 (worst),1914.49,Q4 worst,5.5
7810,Central,Commercial,2423.75,2174.47,249.28,52888.65,212.16563703465982,Q2,212.17,Q2,10.28
7811,South,Industrial,1429.79,1333.56,96.23,11217.81,116.57289826457445,Q1 (best),116.57,Q1 best,6.73
7812,Central,Commercial,804.53,684.19,120.34,45445.41,377.641764999169,Q3,377.64,Q3,14.96
7813,West,Industrial,1614.05,1547.99,66.06,74926.75,1134.222676354829,Q4 (worst),1134.22,Q4 worst,4.09
7814,North,Commercial,2382.32,2052.91,329.41,53059.42,161.07410218269024,Q1 (best),161.07,Q1 best,13.83
7815,South,Residential,2025.97,1750.99,274.98,42456.07,154.3969379591243,Q1 (best),154.4,Q1 best,13.57
7816,North,Residential,2382.7,1980.98,401.72,41847.74,104.17141292442496,Q1 (best),104.17,Q1 best,16.86
7817,Central,Residential,1830.52,1619.01,211.51,17512.21,82.79613257056404,Q1 (best),82.8,Q1 best,11.55
7818,South,Residential,664.1,608.77,55.33,96027.97,1735.5497921561541,Q4 (worst),1735.55,Q4 worst,8.33
7819,East,Industrial,1782.96,1624.92,158.04,78220.8,494.9430523917996,Q3,494.94,Q3,8.86
7820,South,Commercial,2217.38,1938.45,278.93,74582.39,267.38748072993224,Q2,267.39,Q2,12.58
7821,North,Residential,1796.99,1591.13,205.86,70880.39,344.3135626153696,Q3,344.31,Q3,11.46
7822,East,Residential,2407.85,2023.95,383.9,99584.57,259.4023704089607,Q2,259.4,Q2,15.94
7823,West,Residential,2252.51,1855.17,397.34,41846.49,105.31658025872049,Q1 (best),105.32,Q1 best,17.64
7824,West,Residential,1390.99,1146.59,244.4,9501.86,38.87831423895254,Q1 (best),38.88,Q1 best,17.57
7825,South,Industrial,2190.18,1804.12,386.06,58426.5,151.34046521266126,Q1 (best),151.34,Q1 best,17.63
7826,West,Industrial,2295.24,2144.9,150.34,78691.46,523.4233071704138,Q3,523.42,Q3,6.55
7827,West,Industrial,608.45,582.48,25.97,22917.51,882.4609164420485,Q4 (worst),882.46,Q4 worst,4.27
7828,South,Residential,1069.36,921.75,147.61,25369.4,171.86775963688098,Q1 (best),171.87,Q1 best,13.8
7829,South,Industrial,2231.41,2053.49,177.92,74390.56,418.11241007194246,Q3,418.11,Q3,7.97
7830,West,Residential,741.54,686.07,55.47,13068.01,235.58698395529115,Q2,235.59,Q2,7.48
7831,North,Commercial,1053.0,936.75,116.25,8458.26,72.75922580645161,Q1 (best),72.76,Q1 best,11.04
7832,West,Residential,1997.74,1705.18,292.56,92316.7,315.5479217938201,Q2,315.55,Q2,14.64
7833,Central,Industrial,746.52,636.78,109.74,83935.81,764.8606706761436,Q4 (worst),764.86,Q4 worst,14.7
7834,North,Industrial,2162.03,1843.88,318.15,93019.37,292.3758290114726,Q2,292.38,Q2,14.72
7835,West,Commercial,2010.73,1723.52,287.21,66599.62,231.8847533163887,Q2,231.88,Q2,14.28
7836,North,Commercial,980.16,827.1,153.06,83776.82,547.3462694368222,Q3,547.35,Q3,15.62
7837,South,Commercial,743.38,719.65,23.73,22105.05,931.5233881163084,Q4 (worst),931.52,Q4 worst,3.19
7838,South,Industrial,2243.67,1923.36,320.31,62253.0,194.352346164653,Q2,194.35,Q2,14.28
7839,West,Residential,615.54,511.59,103.95,18559.27,178.54035594035594,Q2,178.54,Q2,16.89
7840,East,Commercial,1411.53,1188.05,223.48,68484.78,306.44701986754967,Q2,306.45,Q2,15.83
7841,Central,Industrial,1275.25,1099.68,175.57,46870.72,266.96314860169736,Q2,266.96,Q2,13.77
7842,North,Industrial,1730.62,1401.18,329.44,75906.6,230.41100048567267,Q2,230.41,Q2,19.04
7843,East,Industrial,2206.1,1825.11,380.99,88678.44,232.75792015538465,Q2,232.76,Q2,17.27
7844,North,Commercial,1067.83,872.42,195.41,9180.76,46.98203776674684,Q1 (best),46.98,Q1 best,18.3
7845,Central,Industrial,660.36,534.57,125.79,48477.91,385.3876301772796,Q3,385.39,Q3,19.05
7846,South,Commercial,2040.6,1713.54,327.06,40678.48,124.37620008561122,Q1 (best),124.38,Q1 best,16.03
7847,East,Industrial,1482.92,1211.17,271.75,9676.12,35.60669733210672,Q1 (best),35.61,Q1 best,18.33
7848,East,Residential,1043.49,912.01,131.48,22943.4,174.50106480073018,Q2,174.5,Q2,12.6
7849,South,Industrial,1227.24,1173.27,53.97,28026.92,519.3055401148786,Q3,519.31,Q3,4.4
7850,Central,Residential,2366.15,2051.42,314.73,86747.32,275.6245670892511,Q2,275.62,Q2,13.3
7851,West,Commercial,523.81,453.81,70.0,15498.89,221.4127142857143,Q2,221.41,Q2,13.36
7852,South,Residential,1748.29,1691.71,56.58,50609.01,894.4681866383881,Q4 (worst),894.47,Q4 worst,3.24
7853,South,Residential,759.77,650.65,109.12,27853.89,255.25925586510263,Q2,255.26,Q2,14.36
7854,West,Industrial,2270.92,2127.47,143.45,84240.15,587.243987452074,Q3,587.24,Q3,6.32
7855,West,Commercial,1692.02,1381.6,310.42,28105.02,90.538689517428,Q1 (best),90.54,Q1 best,18.35
7856,North,Commercial,1047.46,856.11,191.35,34426.57,179.91413639926836,Q2,179.91,Q2,18.27
7857,Central,Industrial,1775.73,1586.16,189.57,79106.1,417.29229308434884,Q3,417.29,Q3,10.68
7858,Central,Residential,1466.7,1395.09,71.61,82563.18,1152.956011730205,Q4 (worst),1152.96,Q4 worst,4.88
7859,East,Residential,1569.3,1312.85,256.45,24057.92,93.81134724117761,Q1 (best),93.81,Q1 best,16.34
7860,North,Commercial,981.43,901.16,80.27,29502.46,367.5403014824966,Q3,367.54,Q3,8.18
7861,East,Residential,2266.89,1936.38,330.51,81795.25,247.4819218783093,Q2,247.48,Q2,14.58
7862,South,Commercial,2397.12,2003.46,393.66,80221.52,203.78377279886195,Q2,203.78,Q2,16.42
7863,West,Industrial,2061.76,1735.77,325.99,45098.8,138.3441209853063,Q1 (best),138.34,Q1 best,15.81
7864,South,Industrial,679.32,604.86,74.46,71225.55,956.5612409347302,Q4 (worst),956.56,Q4 worst,10.96
7865,West,Commercial,2333.42,1971.19,362.23,18771.25,51.82135659663749,Q1 (best),51.82,Q1 best,15.52
7866,North,Residential,1330.42,1212.43,117.99,66540.32,563.9488092211205,Q3,563.95,Q3,8.87
7867,West,Industrial,1271.7,1145.19,126.51,11027.12,87.16401865465181,Q1 (best),87.16,Q1 best,9.95
7868,North,Residential,699.92,641.89,58.03,14996.98,258.4349474409788,Q2,258.43,Q2,8.29
7869,Central,Residential,1991.47,1740.59,250.88,26723.19,106.51781728316327,Q1 (best),106.52,Q1 best,12.6
7870,North,Industrial,549.78,457.44,92.34,81291.29,880.3475200346544,Q4 (worst),880.35,Q4 worst,16.8
7871,West,Industrial,2026.17,1914.17,112.0,93503.23,834.8502678571429,Q4 (worst),834.85,Q4 worst,5.53
7872,South,Residential,572.75,559.08,13.67,32262.81,2360.117776152158,Q4 (worst),2360.12,Q4 worst,2.39
7873,East,Commercial,769.4,675.53,93.87,33361.2,355.39789069990405,Q3,355.4,Q3,12.2
7874,Central,Industrial,1620.04,1381.18,238.86,37435.83,156.72707862346144,Q1 (best),156.73,Q1 best,14.74
7875,South,Industrial,1457.89,1242.89,215.0,17109.16,79.57748837209303,Q1 (best),79.58,Q1 best,14.75
7876,West,Commercial,1300.37,1244.18,56.19,25511.03,454.0137035059619,Q3,454.01,Q3,4.32
7877,South,Commercial,2061.06,1697.37,363.69,22939.98,63.075641342901925,Q1 (best),63.08,Q1 best,17.65
7878,Central,Residential,2336.47,2281.48,54.99,31393.32,570.8914348063284,Q3,570.89,Q3,2.35
7879,Central,Industrial,632.5,615.85,16.65,45739.31,2747.105705705706,Q4 (worst),2747.11,Q4 worst,2.63
7880,East,Residential,1412.24,1303.29,108.95,56314.89,516.887471317118,Q3,516.89,Q3,7.71
7881,West,Residential,1310.84,1280.04,30.8,25608.17,831.4340909090909,Q4 (worst),831.43,Q4 worst,2.35
7882,East,Commercial,2046.0,1872.86,173.14,16445.01,94.98099803627122,Q1 (best),94.98,Q1 best,8.46
7883,North,Industrial,745.92,615.14,130.78,8293.46,63.41535402966814,Q1 (best),63.42,Q1 best,17.53
7884,North,Residential,1499.7,1264.57,235.13,42175.87,179.37255986050272,Q2,179.37,Q2,15.68
7885,East,Industrial,1190.47,1040.01,150.46,54717.94,363.67100890602154,Q3,363.67,Q3,12.64
7886,West,Industrial,1549.93,1391.26,158.67,48776.77,307.4101594504317,Q2,307.41,Q2,10.24
7887,North,Industrial,2031.76,1663.36,368.4,35462.53,96.26093919652551,Q1 (best),96.26,Q1 best,18.13
7888,Central,Residential,2076.88,1942.46,134.42,64950.21,483.188588007737,Q3,483.19,Q3,6.47
7889,East,Industrial,661.05,539.78,121.27,12247.76,100.99579450812237,Q1 (best),101.0,Q1 best,18.35
7890,South,Commercial,550.17,441.16,109.01,77816.09,713.8435923309787,Q4 (worst),713.84,Q4 worst,19.81
7891,West,Commercial,2296.1,2059.71,236.39,92759.25,392.3992131646855,Q3,392.4,Q3,10.3
7892,North,Commercial,533.32,473.06,60.26,61274.87,1016.8415200796549,Q4 (worst),1016.84,Q4 worst,11.3
7893,East,Industrial,2494.58,2335.87,158.71,66084.65,416.38617604435757,Q3,416.39,Q3,6.36
7894,North,Industrial,709.61,654.28,55.33,33075.5,597.7860112054943,Q3,597.79,Q3,7.8
7895,Central,Residential,500.68,462.65,38.03,19039.94,500.6557980541677,Q3,500.66,Q3,7.6
7896,West,Industrial,1611.22,1486.05,125.17,40961.01,327.24302947990736,Q2,327.24,Q2,7.77
7897,South,Industrial,1375.34,1188.87,186.47,76435.3,409.9066874027994,Q3,409.91,Q3,13.56
7898,North,Commercial,811.01,751.02,59.99,80857.33,1347.8468078013002,Q4 (worst),1347.85,Q4 worst,7.4
7899,Central,Residential,2195.96,1870.79,325.17,96694.77,297.36682350770366,Q2,297.37,Q2,14.81
7900,North,Industrial,1020.39,905.93,114.46,14401.57,125.82185916477373,Q1 (best),125.82,Q1 best,11.22
7901,South,Residential,847.55,809.21,38.34,49274.34,1285.1940532081376,Q4 (worst),1285.19,Q4 worst,4.52
7902,South,Industrial,1948.91,1757.25,191.66,62837.44,327.8589168318898,Q2,327.86,Q2,9.83
7903,West,Residential,606.47,552.36,54.11,18143.84,335.31399002032896,Q3,335.31,Q3,8.92
7904,East,Commercial,1959.94,1645.69,314.25,92792.31,295.2818138424821,Q2,295.28,Q2,16.03
7905,Central,Residential,787.97,663.06,124.91,99820.64,799.1405011608358,Q4 (worst),799.14,Q4 worst,15.85
7906,East,Industrial,2120.37,1704.98,415.39,43913.05,105.7152314692217,Q1 (best),105.72,Q1 best,19.59
7907,North,Commercial,802.39,755.69,46.7,46932.65,1004.9817987152034,Q4 (worst),1004.98,Q4 worst,5.82
7908,North,Industrial,2299.04,2070.34,228.7,99085.47,433.255225185833,Q3,433.26,Q3,9.95
7909,East,Residential,931.73,771.35,160.38,15384.69,95.92648709315377,Q1 (best),95.93,Q1 best,17.21
7910,South,Residential,1313.53,1191.75,121.78,94149.54,773.1116767942191,Q4 (worst),773.11,Q4 worst,9.27
7911,West,Residential,608.45,504.67,103.78,24070.36,231.93640393139333,Q2,231.94,Q2,17.06
7912,Central,Commercial,951.0,873.69,77.31,69790.75,902.7389729659811,Q4 (worst),902.74,Q4 worst,8.13
7913,Central,Commercial,1149.04,1001.03,148.01,59986.34,405.2857239375718,Q3,405.29,Q3,12.88
7914,West,Industrial,2393.94,2070.68,323.26,54778.35,169.45601064158882,Q1 (best),169.46,Q1 best,13.5
7915,West,Residential,2017.29,1812.8,204.49,10567.87,51.67915301481735,Q1 (best),51.68,Q1 best,10.14
7916,East,Commercial,1558.5,1510.87,47.63,11116.92,233.40163762334663,Q2,233.4,Q2,3.06
7917,East,Residential,914.93,884.68,30.25,61928.14,2047.2112396694215,Q4 (worst),2047.21,Q4 worst,3.31
7918,North,Industrial,1564.27,1403.13,161.14,13569.45,84.20907285590171,Q1 (best),84.21,Q1 best,10.3
7919,South,Residential,2272.22,2039.04,233.18,59565.15,255.4470795093919,Q2,255.45,Q2,10.26
7920,North,Residential,2486.87,2347.72,139.15,26327.4,189.201581027668,Q2,189.2,Q2,5.6
7921,South,Commercial,1870.4,1678.34,192.06,66163.94,344.49619910444653,Q3,344.5,Q3,10.27
7922,South,Commercial,1716.48,1453.43,263.05,92434.25,351.3942216308686,Q3,351.39,Q3,15.32
7923,Central,Residential,1698.85,1614.91,83.94,19127.8,227.87467238503692,Q2,227.87,Q2,4.94
7924,Central,Residential,2327.3,1891.96,435.34,56578.59,129.9641429687141,Q1 (best),129.96,Q1 best,18.71
7925,South,Industrial,1631.63,1507.39,124.24,70765.19,569.584594333548,Q3,569.58,Q3,7.61
7926,Central,Commercial,1300.19,1144.59,155.6,82094.4,527.598971722365,Q3,527.6,Q3,11.97
7927,North,Industrial,2084.47,1688.29,396.18,88232.51,222.70813771517996,Q2,222.71,Q2,19.01
7928,Central,Residential,2245.2,1898.12,347.08,46211.92,133.1448657370059,Q1 (best),133.14,Q1 best,15.46
7929,East,Industrial,1605.46,1513.64,91.82,41956.58,456.9438030930081,Q3,456.94,Q3,5.72
7930,West,Commercial,1540.14,1397.4,142.74,86410.89,605.3726355611601,Q3,605.37,Q3,9.27
7931,West,Residential,921.75,811.26,110.49,29889.08,270.51389265996926,Q2,270.51,Q2,11.99
7932,North,Residential,2300.14,2166.74,133.4,50037.07,375.09047976011993,Q3,375.09,Q3,5.8
7933,East,Industrial,679.47,575.72,103.75,17652.22,170.1418795180723,Q1 (best),170.14,Q1 best,15.27
7934,Central,Commercial,918.17,777.45,140.72,53606.14,380.94187038089825,Q3,380.94,Q3,15.33
7935,North,Residential,1973.52,1773.71,199.81,75411.91,377.4180971923327,Q3,377.42,Q3,10.12
7936,Central,Residential,1265.15,1165.35,99.8,85201.36,853.7210420841684,Q4 (worst),853.72,Q4 worst,7.89
7937,North,Industrial,781.4,684.69,96.71,22735.41,235.08851204632407,Q2,235.09,Q2,12.38
7938,East,Industrial,2055.22,1705.83,349.39,58084.86,166.24648673402217,Q1 (best),166.25,Q1 best,17.0
7939,South,Residential,1508.88,1279.69,229.19,31784.93,138.68375583576946,Q1 (best),138.68,Q1 best,15.19
7940,North,Commercial,592.57,534.54,58.03,54385.6,937.1980010339479,Q4 (worst),937.2,Q4 worst,9.79
7941,Central,Commercial,1451.44,1358.94,92.5,57966.12,626.6607567567568,Q3,626.66,Q3,6.37
7942,Central,Commercial,1925.46,1696.43,229.03,8043.9,35.12159979042047,Q1 (best),35.12,Q1 best,11.89
7943,Central,Residential,2040.05,1704.69,335.36,37867.92,112.91722328244273,Q1 (best),112.92,Q1 best,16.44
7944,South,Industrial,1558.14,1262.6,295.54,74519.81,252.1479664343236,Q2,252.15,Q2,18.97
7945,Central,Industrial,868.66,724.14,144.52,52989.17,366.65631054525323,Q3,366.66,Q3,16.64
7946,South,Industrial,1534.18,1238.39,295.79,41095.17,138.93360154163426,Q1 (best),138.93,Q1 best,19.28
7947,East,Residential,1047.89,993.56,54.33,72175.31,1328.4614393521074,Q4 (worst),1328.46,Q4 worst,5.18
7948,North,Industrial,1649.38,1451.12,198.26,53507.32,269.8845959850701,Q2,269.88,Q2,12.02
7949,East,Residential,2092.27,1692.93,399.34,18114.85,45.36197225421946,Q1 (best),45.36,Q1 best,19.09
7950,West,Industrial,1933.34,1808.52,124.82,37358.55,299.29939112321745,Q2,299.3,Q2,6.46
7951,East,Industrial,2283.22,2108.19,175.03,42857.66,244.85893846769127,Q2,244.86,Q2,7.67
7952,South,Residential,668.02,594.55,73.47,90089.73,1226.211106574112,Q4 (worst),1226.21,Q4 worst,11.0
7953,East,Industrial,1915.05,1793.45,121.6,88390.66,726.896875,Q4 (worst),726.9,Q4 worst,6.35
7954,North,Industrial,1759.2,1721.95,37.25,50529.95,1356.5087248322147,Q4 (worst),1356.51,Q4 worst,2.12
7955,North,Industrial,1229.9,1038.12,191.78,59252.19,308.95917196787985,Q2,308.96,Q2,15.59
7956,West,Industrial,2374.07,2103.14,270.93,63109.51,232.9365887867715,Q2,232.94,Q2,11.41
7957,Central,Industrial,1855.5,1508.79,346.71,34916.33,100.70759424302733,Q1 (best),100.71,Q1 best,18.69
7958,West,Residential,2057.28,1657.3,399.98,58912.82,147.28941447072353,Q1 (best),147.29,Q1 best,19.44
7959,East,Commercial,1722.37,1423.8,298.57,89091.0,298.39233680543924,Q2,298.39,Q2,17.33
7960,North,Commercial,1346.16,1251.26,94.9,87484.11,921.8557428872497,Q4 (worst),921.86,Q4 worst,7.05
7961,West,Residential,1614.12,1448.05,166.07,65436.98,394.03251640874333,Q3,394.03,Q3,10.29
7962,North,Commercial,1349.52,1243.43,106.09,13675.49,128.90460929399566,Q1 (best),128.9,Q1 best,7.86
7963,North,Industrial,1089.88,946.27,143.61,20993.81,146.1862683657127,Q1 (best),146.19,Q1 best,13.18
7964,South,Industrial,1028.26,841.69,186.57,28192.93,151.11180790051992,Q1 (best),151.11,Q1 best,18.14
7965,South,Industrial,1629.54,1579.6,49.94,88145.01,1765.0182218662394,Q4 (worst),1765.02,Q4 worst,3.06
7966,South,Commercial,2199.92,2150.4,49.52,52423.56,1058.6340872374797,Q4 (worst),1058.63,Q4 worst,2.25
7967,South,Residential,572.0,514.99,57.01,91159.11,1599.0021048938784,Q4 (worst),1599.0,Q4 worst,9.97
7968,West,Industrial,1040.93,946.88,94.05,30099.24,320.0344497607656,Q2,320.03,Q2,9.04
7969,East,Residential,528.36,437.94,90.42,32980.59,364.7488387524883,Q3,364.75,Q3,17.11
7970,South,Residential,1119.37,937.99,181.38,41227.01,227.2963391774176,Q2,227.3,Q2,16.2
7971,North,Residential,776.23,759.83,16.4,31017.91,1891.3359756097564,Q4 (worst),1891.34,Q4 worst,2.11
7972,North,Commercial,1364.89,1269.29,95.6,27649.71,289.2229079497908,Q2,289.22,Q2,7.0
7973,East,Commercial,903.14,802.46,100.68,80092.18,795.5123162495032,Q4 (worst),795.51,Q4 worst,11.15
7974,Central,Industrial,1818.73,1480.41,338.32,67573.48,199.73244265783873,Q2,199.73,Q2,18.6
7975,West,Residential,2144.9,1970.84,174.06,27919.5,160.4015856601172,Q1 (best),160.4,Q1 best,8.12
7976,South,Residential,786.29,674.1,112.19,76616.03,682.9131829931366,Q4 (worst),682.91,Q4 worst,14.27
7977,East,Industrial,1117.32,907.28,210.04,86447.68,411.57722338602167,Q3,411.58,Q3,18.8
7978,North,Commercial,516.93,432.91,84.02,62928.17,748.9665555820043,Q4 (worst),748.97,Q4 worst,16.25
7979,North,Commercial,1323.73,1215.93,107.8,22403.53,207.82495361781076,Q2,207.82,Q2,8.14
7980,Central,Industrial,1657.56,1556.21,101.35,30076.42,296.75796743956585,Q2,296.76,Q2,6.11
7981,West,Commercial,1708.03,1448.85,259.18,53036.23,204.63087429585616,Q2,204.63,Q2,15.17
7982,West,Commercial,2025.44,1780.18,245.26,71520.12,291.6093941123705,Q2,291.61,Q2,12.11
7983,South,Industrial,1845.7,1752.67,93.03,17661.52,189.84757605073634,Q2,189.85,Q2,5.04
7984,Central,Residential,1280.56,1247.04,33.52,5771.69,172.18645584725533,Q2,172.19,Q2,2.62
7985,North,Industrial,1818.56,1686.71,131.85,47725.53,361.9683731513083,Q3,361.97,Q3,7.25
7986,West,Commercial,1037.37,928.32,109.05,19369.3,177.61852361302155,Q2,177.62,Q2,10.51
7987,South,Commercial,1848.46,1656.54,191.92,92767.16,483.36369320550233,Q3,483.36,Q3,10.38
7988,West,Industrial,2358.06,2184.99,173.07,27876.72,161.0719362107818,Q1 (best),161.07,Q1 best,7.34
7989,East,Commercial,1822.91,1500.41,322.5,9242.46,28.658790697674416,Q1 (best),28.66,Q1 best,17.69
7990,North,Industrial,992.18,916.69,75.49,73597.08,974.9248907140019,Q4 (worst),974.92,Q4 worst,7.61
7991,South,Residential,1555.6,1444.0,111.6,64995.98,582.4012544802868,Q3,582.4,Q3,7.17
7992,East,Industrial,1955.9,1914.4,41.5,55093.8,1327.5614457831325,Q4 (worst),1327.56,Q4 worst,2.12
7993,West,Industrial,2075.26,1710.4,364.86,33491.04,91.79148166419996,Q1 (best),91.79,Q1 best,17.58
7994,North,Residential,2295.39,2117.18,178.21,38454.86,215.78396274058693,Q2,215.78,Q2,7.76
7995,Central,Residential,2066.16,1751.62,314.54,11115.44,35.33871685636167,Q1 (best),35.34,Q1 best,15.22
7996,South,Residential,957.1,808.87,148.23,9360.48,63.14835053632868,Q1 (best),63.15,Q1 best,15.49
7997,South,Residential,1790.5,1600.29,190.21,60328.53,317.1680248146785,Q2,317.17,Q2,10.62
7998,South,Industrial,2275.02,1949.97,325.05,49027.05,150.82925703737888,Q1 (best),150.83,Q1 best,14.29
7999,South,Commercial,2055.38,1801.24,254.14,8766.68,34.49547493507516,Q1 (best),34.5,Q1 best,12.36
8000,East,Residential,602.48,504.14,98.34,34894.78,354.8381126703274,Q3,354.84,Q3,16.32
