EventID,Region,CustomerType,PeakDemandBeforeMW,PeakDemandAfterMW,DemandReductionMW,ProgramCost
1,Central,Commercial,922.98,816.55,106.43,21282.99
2,East,Commercial,1401.01,1251.01,150,68134.13
3,East,Industrial,1585.9,1504.69,81.21,85760.7
4,South,Commercial,807.5,759.98,47.52,59118.84
5,South,Commercial,1462.46,1266.77,195.69,67188.6
6,West,Residential,505.1,453.56,51.54,9263.76
7,West,Residential,2135.92,1796.22,339.7,6107.64
8,Central,Industrial,2231.8,1802.97,428.83,69339.55
9,South,Residential,1455.44,1275.96,179.48,66173.78
10,North,Residential,1405.98,1295.96,110.02,80636.32
11,West,Residential,1798.21,1610.73,187.48,82208.69
12,North,Commercial,1334.99,1207.94,127.05,64571.54
13,North,Industrial,787.25,652.45,134.8,47355.88
14,South,Residential,2294.87,2211.63,83.24,55138.06
15,North,Industrial,2087.27,1939.72,147.55,91944.58
16,Central,Industrial,2409.3,2297.56,111.74,18425.56
17,East,Residential,1198.36,1140.98,57.38,58247.69
18,South,Residential,1131.09,992.1,138.99,42536.07
19,North,Commercial,2163.07,2044.24,118.83,34685.33
20,East,Commercial,2419.03,2133.29,285.74,66481.56
21,South,Commercial,1892.39,1692.63,199.76,35228.71
22,North,Commercial,1613.06,1417.67,195.39,38188.06
23,North,Industrial,1919.47,1584.92,334.55,56378.08
24,West,Industrial,921.4,856.71,64.69,23166.3
25,South,Industrial,684.35,570.83,113.52,72768.62
26,North,Residential,797.35,780.05,17.3,37878.28
27,West,Commercial,634.29,620.38,13.91,73360.81
28,Central,Industrial,1382.36,1267.71,114.65,49797.64
29,West,Commercial,1461.57,1266.1,195.47,81566.92
30,South,Industrial,1935.62,1809.25,126.37,29346.8
31,Central,Industrial,1864.64,1558.64,306,91337.82
32,Central,Commercial,1109.06,979.4,129.66,94531.67
33,Central,Residential,2130.94,2085.01,45.93,49413.54
34,North,Commercial,1366.72,1165.53,201.19,94368.61
35,West,Industrial,1560.66,1333.64,227.02,61148.21
36,East,Industrial,1240.05,1018.62,221.43,91948.76
37,West,Commercial,1090.26,1040.17,50.09,52507.09
38,South,Residential,1528.47,1384.31,144.16,63058.98
39,South,Commercial,1265.34,1163.28,102.06,50624.29
40,East,Industrial,1715.92,1531.19,184.73,42659.02
41,Central,Commercial,1643.7,1481.9,161.8,58333.75
42,East,Industrial,1734.74,1517.77,216.97,92426.09
43,South,Residential,1081.99,1032.87,49.12,60738.81
44,South,Industrial,2264.49,2032.11,232.38,82763.07
45,North,Industrial,2405.8,2234.5,171.3,44808.66
46,North,Commercial,1100.06,1062.29,37.77,73753.88
47,East,Commercial,1473.56,1356.57,116.99,71350.23
48,Central,Commercial,2489.28,2000.04,489.24,95526.65
49,Central,Industrial,1353.3,1317.57,35.73,54728.11
50,Central,Industrial,516.45,491.38,25.07,52538.65
51,Central,Commercial,589.14,486.33,102.81,35654.19
52,East,Commercial,2161.27,2087.84,73.43,67422.6
53,Central,Residential,649.78,578.55,71.23,67673.04
54,North,Commercial,1277.89,1113.83,164.06,95085.65
55,West,Residential,2353.28,2112.28,241,43988.82
56,West,Residential,1325.49,1155.11,170.38,33073.57
57,Central,Residential,1044.85,973.28,71.57,79523.39
58,West,Residential,1486.91,1223.47,263.44,83802.31
59,North,Residential,996.44,851.37,145.07,19385.59
60,South,Residential,1751.21,1707.62,43.59,43278.13
61,East,Residential,1677.5,1396.12,281.38,76110.25
62,Central,Industrial,2264.11,2116.18,147.93,99733.82
63,West,Commercial,1344.43,1251.84,92.59,80554.05
64,Central,Residential,2496.72,2289.31,207.41,95516.59
65,North,Commercial,1968.89,1880.42,88.47,13975.73
66,Central,Residential,937.25,750.89,186.36,71456.91
67,Central,Commercial,1000.32,806.74,193.58,95055.59
68,South,Residential,980.45,948.99,31.46,56190.07
69,North,Industrial,774.92,691.93,82.99,40925.72
70,East,Residential,1224.88,1067.28,157.6,82627.85
71,Central,Residential,579.6,523.38,56.22,32125.91
72,West,Industrial,1942.38,1788.92,153.46,7383.37
73,South,Commercial,2495.15,2246.6,248.55,81157.15
74,East,Commercial,1211.59,1099.14,112.45,94818.95
75,West,Industrial,2442.63,2311.87,130.76,57990.09
76,West,Commercial,2299.42,2224.99,74.43,24124.22
77,West,Industrial,1306.7,1148.51,158.19,89105
78,East,Residential,1880,1734.44,145.56,53864.45
79,North,Residential,2003.91,1652.44,351.47,62755.24
80,South,Commercial,891.42,786,105.42,24330.23
81,Central,Commercial,1717.05,1650.75,66.3,97697.1
82,North,Residential,579.01,519.41,59.6,15513.54
83,North,Residential,2281.7,2137.02,144.68,20610.32
84,West,Commercial,633.53,517.47,116.06,58157.36
85,North,Industrial,2356.24,1904.15,452.09,44561.73
86,Central,Residential,2363.01,2221.99,141.02,27296.99
87,East,Commercial,2486.87,2099.14,387.73,8883.87
88,East,Industrial,2413.21,2176.91,236.3,59109.48
89,North,Industrial,954.24,849.81,104.43,81893.69
90,North,Residential,1325.19,1225.61,99.58,80136.87
91,East,Residential,2058.11,1838.21,219.9,41027.22
92,South,Residential,1800.96,1693.33,107.63,46209.89
93,East,Residential,1442.57,1272.77,169.8,19377.84
94,Central,Residential,1822.52,1575.26,247.26,60656.52
95,South,Industrial,561.45,499.51,61.94,48249.12
96,South,Industrial,1037.28,915.47,121.81,79119.27
97,North,Industrial,1168.02,944.9,223.12,94248.92
98,Central,Residential,2316.2,1883.87,432.33,41087.96
99,East,Residential,1072.61,973.47,99.14,72033.03
100,Central,Residential,785.4,637.23,148.17,7761.44
101,East,Residential,603,558.35,44.65,72977.49
102,East,Commercial,719.36,584.14,135.22,81442.37
103,South,Residential,1951.54,1757.62,193.92,57301.79
104,Central,Commercial,1881.61,1602.55,279.06,79935.29
105,Central,Commercial,1976.97,1818.33,158.64,18485.19
106,West,Residential,1622.8,1377.23,245.57,7303.9
107,South,Residential,2489.45,2087.04,402.41,12450.78
108,Central,Residential,1100.21,1023.23,76.98,89244.99
109,North,Industrial,1447.08,1305.44,141.64,21554.3
110,South,Residential,1423.64,1311.32,112.32,73537.68
111,East,Industrial,550.02,518.28,31.74,44974.6
112,West,Commercial,1862.97,1762.76,100.21,23919.9
113,Central,Commercial,1853.29,1490.14,363.15,53495.68
114,East,Commercial,1856.5,1605.31,251.19,80534.86
115,Central,Residential,559.3,496.22,63.08,59312.18
116,West,Industrial,1263.25,1020.17,243.08,33018.12
117,East,Industrial,2251.97,1959.08,292.89,98014.13
118,North,Residential,888.98,741.44,147.54,27316.86
119,South,Residential,1929.03,1721.1,207.93,21017.92
120,North,Industrial,2146.67,2040.29,106.38,55253.38
121,West,Commercial,1135.83,1070.95,64.88,86195.79
122,West,Residential,1371.74,1332.15,39.59,9366.88
123,Central,Commercial,593.89,562.83,31.06,76964.97
124,West,Commercial,958.81,806.81,152,29677.18
125,North,Residential,2398.79,2005.45,393.34,94573.89
126,East,Industrial,1105.15,992.36,112.79,30327.5
127,South,Industrial,1275.92,1040.04,235.88,46221.35
128,North,Commercial,1978.59,1749.16,229.43,67635.39
129,West,Residential,2375.2,2082.14,293.06,54118.39
130,South,Residential,2011.22,1834.32,176.9,68395.47
131,Central,Residential,859.26,769.75,89.51,50566.54
132,East,Residential,765.17,733.2,31.97,39972.71
133,North,Residential,2446.69,2117.93,328.76,15888.79
134,North,Industrial,1742.56,1619.12,123.44,90755.28
135,Central,Industrial,1479.64,1310.48,169.16,41001.94
136,East,Residential,1047.63,896.85,150.78,50685
137,South,Industrial,1984,1845.33,138.67,22515.23
138,South,Commercial,1568.29,1403.12,165.17,42570.75
139,East,Residential,1894.54,1518.59,375.95,35185.76
140,West,Industrial,1969.5,1852.06,117.44,85586.62
141,West,Commercial,1297.46,1129.04,168.42,41720.18
142,North,Residential,2303.52,1928.4,375.12,9707.19
143,South,Commercial,789.27,658.71,130.56,80731.16
144,East,Industrial,1948.41,1757.89,190.52,7368.9
145,North,Commercial,1073.12,948.17,124.95,56260.89
146,East,Commercial,1474.46,1235.22,239.24,71827.31
147,West,Industrial,1320.25,1223.76,96.49,95506.2
148,South,Residential,605.56,550.18,55.38,9484.54
149,East,Residential,1326.44,1219.57,106.87,19910.53
150,North,Industrial,1539.87,1265.79,274.08,46243.54
151,Central,Residential,1577.79,1537.97,39.82,8286.29
152,Central,Industrial,1945.08,1737.96,207.12,43633.1
153,West,Industrial,1501.92,1339.02,162.9,14268.4
154,West,Industrial,1856.98,1632.48,224.5,91739.95
155,North,Residential,1107.61,1019.85,87.76,30114.36
156,North,Industrial,950.57,916.53,34.04,6952.35
157,South,Industrial,1871.27,1676.29,194.98,84359.14
158,North,Industrial,2316.21,2068.04,248.17,97238.02
159,Central,Residential,1075.58,978.1,97.48,55089.18
160,West,Residential,1071.05,874.39,196.66,54303.36
161,North,Residential,1725.38,1410.21,315.17,66323.92
162,North,Commercial,2451.13,2113.87,337.26,82954.95
163,North,Commercial,2059.92,1972.92,87,30166.15
164,East,Industrial,1268.38,1135.43,132.95,10521.34
165,West,Residential,2398.29,2081.25,317.04,37896.81
166,South,Commercial,662.31,623.3,39.01,90135.71
167,Central,Industrial,1523.78,1275.54,248.24,25342.38
168,West,Industrial,1843.97,1623.61,220.36,5348.03
169,East,Industrial,1485.28,1400.71,84.57,42518.61
170,East,Commercial,711.13,625.47,85.66,63375.49
171,West,Industrial,1270.24,1081.61,188.63,43283.65
172,North,Industrial,1515.21,1317.59,197.62,43807.94
173,South,Commercial,1444.13,1343.63,100.5,45960.9
174,Central,Commercial,2471.25,2148.22,323.03,90011.78
175,South,Commercial,2381.35,2044.18,337.17,48818.36
176,Central,Industrial,679.14,549.53,129.61,40152.55
177,Central,Residential,2139.6,1782.09,357.51,11845.28
178,East,Commercial,1482.1,1325.34,156.76,74919.03
179,East,Industrial,2363.84,2081.13,282.71,83611.47
180,East,Industrial,1406.58,1319.2,87.38,93126.51
181,West,Industrial,536.31,477.12,59.19,27288.78
182,South,Residential,2453.32,2061.25,392.07,7989.98
183,Central,Residential,1611.17,1352.29,258.88,43028.51
184,East,Residential,912.27,859.98,52.29,68650.21
185,South,Industrial,990.82,856.36,134.46,57091.83
186,South,Industrial,1730.75,1618.3,112.45,34383.91
187,West,Industrial,2139.41,1976.94,162.47,87032.5
188,East,Commercial,1031.6,962.52,69.08,72658.26
189,West,Industrial,887.98,751.84,136.14,88212.88
190,West,Residential,2230.82,2033.25,197.57,36575.87
191,North,Residential,2161.32,1824.14,337.18,62519.9
192,West,Commercial,623.7,586.17,37.53,37369.48
193,Central,Commercial,1636.45,1520.93,115.52,39506.21
194,Central,Industrial,2148.22,1846.59,301.63,60330.57
195,North,Residential,524.68,466.04,58.64,71085.56
196,West,Commercial,2486.49,2246.49,240,33840.49
197,South,Residential,1605.59,1360.61,244.98,37082.84
198,East,Industrial,1127.15,1099.76,27.39,18334.98
199,West,Residential,1099.5,958.56,140.94,23992.94
200,South,Commercial,610.57,579.7,30.87,24087.82
201,North,Commercial,2124.91,1833.37,291.54,14010.68
202,Central,Industrial,2451.76,2133.2,318.56,24803.95
203,East,Commercial,1115.94,1052.94,63,5255.15
204,Central,Commercial,962.15,789.87,172.28,73580.78
205,East,Commercial,2021.59,1688.07,333.52,96950.85
206,East,Residential,1307.26,1124.98,182.28,60991.33
207,East,Commercial,556.34,520.1,36.24,67587.89
208,West,Residential,1306.42,1178.22,128.2,10485.8
209,East,Residential,1700.55,1542.45,158.1,70575.92
210,North,Residential,1373.62,1198.78,174.84,26760.49
211,West,Industrial,540.32,444.02,96.3,49781.42
212,North,Industrial,630.14,616.9,13.24,73116.18
213,Central,Industrial,933.25,876.9,56.35,30408.5
214,North,Residential,1600.85,1558.43,42.42,60479.92
215,South,Residential,835.95,773.68,62.27,90784.96
216,North,Residential,1652.4,1366.52,285.88,89111.67
217,West,Residential,835.23,673.87,161.36,39184.95
218,West,Residential,982.26,834.8,147.46,29076.95
219,Central,Commercial,1829.25,1641.14,188.11,98861.67
220,South,Commercial,2400.38,2023.29,377.09,12480.18
221,West,Residential,1703.5,1372.03,331.47,82019.77
222,Central,Industrial,1257.74,1018.02,239.72,40683.49
223,East,Industrial,1792.02,1474.24,317.78,54269.78
224,Central,Industrial,2233.91,1835.06,398.85,94587.18
225,South,Industrial,1806.42,1503.9,302.52,56486.44
226,North,Industrial,1116.81,929.78,187.03,27969.06
227,East,Commercial,1914.19,1652.65,261.54,12202.63
228,West,Industrial,1390.91,1306.21,84.7,37576.14
229,West,Industrial,2337.19,2105.53,231.66,86282.24
230,North,Commercial,2467.07,2244.09,222.98,20557.67
231,East,Commercial,1349.92,1183.54,166.38,29176.4
232,East,Residential,2364.48,2169.56,194.92,19297.2
233,Central,Industrial,1704.13,1427.35,276.78,75976.69
234,West,Industrial,1282.27,1093.95,188.32,70090.49
235,Central,Commercial,1476.67,1233.28,243.39,79292.32
236,East,Commercial,574.5,476.48,98.02,64148.23
237,East,Industrial,2327.35,2090.58,236.77,87285.96
238,Central,Residential,954.83,779.08,175.75,68935.26
239,Central,Residential,632.62,572.41,60.21,12723.93
240,East,Commercial,520.94,455.74,65.2,96469.29
241,West,Commercial,2038.51,1697.58,340.93,12298.01
242,Central,Industrial,1285.57,1212.43,73.14,72624.24
243,East,Commercial,1187.57,974.69,212.88,67475.7
244,South,Residential,509.32,414.8,94.52,17181.46
245,East,Residential,1863.55,1816.43,47.12,11544.74
246,West,Commercial,648.25,598.42,49.83,24183.02
247,South,Commercial,1776.84,1720.3,56.54,90752.57
248,North,Residential,2215.95,1917.8,298.15,37789.44
249,Central,Commercial,2264.11,2167.24,96.87,34936.87
250,South,Residential,1124.3,1067.89,56.41,99364.4
251,South,Residential,640.48,566.72,73.76,53629.84
252,South,Commercial,1338.99,1098.53,240.46,46509.43
253,East,Residential,1562.37,1344.79,217.58,13856.97
254,Central,Commercial,1023.06,828.5,194.56,82481.98
255,East,Commercial,1648.35,1325.83,322.52,97441.16
256,North,Commercial,2172.66,2057.33,115.33,54581.54
257,East,Residential,2477.22,2020.61,456.61,85715.77
258,South,Industrial,1540.12,1369.48,170.64,91276.14
259,South,Residential,1743.37,1578.91,164.46,28581.38
260,South,Industrial,508.21,421.39,86.82,23672.68
261,East,Industrial,525.23,443.71,81.52,79580.51
262,North,Residential,1881.68,1506.16,375.52,75675.5
263,North,Industrial,2271.16,2109.07,162.09,8136.47
264,South,Residential,722.85,641.39,81.46,55317.59
265,East,Residential,1470.68,1228.73,241.95,8270.2
266,North,Residential,1260.44,1089.52,170.92,71559.21
267,East,Residential,2481.56,2053.49,428.07,55839.28
268,West,Industrial,1692.62,1361.35,331.27,78434.53
269,North,Industrial,1768.1,1526.08,242.02,42106.05
270,North,Industrial,646.45,596.98,49.47,70656.08
271,North,Commercial,734.17,669.31,64.86,38049.24
272,West,Commercial,2314.94,2190.66,124.28,73578.59
273,North,Residential,2208.85,1857.59,351.26,78143.96
274,East,Residential,957.89,780.98,176.91,48090.27
275,Central,Commercial,708.46,660.25,48.21,82134.36
276,Central,Industrial,967.47,898.52,68.95,17322.32
277,Central,Industrial,1164.37,1040.3,124.07,72939.9
278,North,Residential,1386.8,1312.47,74.33,34696.89
279,North,Commercial,1579.95,1333.31,246.64,5498.65
280,West,Residential,2318.5,2222.05,96.45,5777.27
281,Central,Residential,992.37,816.44,175.93,54743.58
282,South,Industrial,1696.52,1529.47,167.05,66398.77
283,Central,Industrial,670.94,611.15,59.79,38455.64
284,North,Commercial,645.09,541.95,103.14,83621.1
285,West,Commercial,1373.86,1337.26,36.6,19777.42
286,North,Commercial,1897.54,1613.96,283.58,35034.85
287,Central,Industrial,1642.38,1413.39,228.99,61968.74
288,South,Residential,1662.38,1582.57,79.81,32245.91
289,North,Industrial,1466.63,1326.64,139.99,95997.12
290,North,Commercial,1806.26,1475.34,330.92,84356.6
291,South,Industrial,662.77,601.68,61.09,96731.51
292,East,Commercial,535.78,487.61,48.17,88237.91
293,North,Residential,1879.42,1740.41,139.01,93276.47
294,South,Residential,2252.32,1915.12,337.2,54033.06
295,South,Residential,2333.09,1930.23,402.86,87053.59
296,South,Residential,1473.92,1181.99,291.93,55743.79
297,West,Industrial,748.45,709.81,38.64,8101.26
298,West,Industrial,2199.38,1832.68,366.7,34400.6
299,Central,Commercial,759.98,613.99,145.99,50324.12
300,North,Industrial,2244.12,1830.49,413.63,64789.98
301,South,Commercial,1306.64,1054.09,252.55,77786.04
302,East,Commercial,817.58,674.85,142.73,17345.92
303,South,Commercial,1968.2,1657.01,311.19,74837.09
304,East,Residential,663.68,537.55,126.13,38125.29
305,North,Commercial,1790.32,1577.23,213.09,88212.08
306,South,Residential,2116.1,1808.47,307.63,66090.62
307,East,Residential,541.13,440.24,100.89,80354.74
308,South,Commercial,2322.49,1927.77,394.72,23205.92
309,Central,Commercial,1525.3,1274.98,250.32,30164.97
310,Central,Residential,518.74,455.64,63.1,57195.36
311,North,Residential,1311.02,1271.36,39.66,34005.91
312,North,Residential,1780.6,1685.67,94.93,86012.47
313,North,Residential,1342.62,1135.74,206.88,88391.4
314,East,Commercial,2268.59,1980.85,287.74,14557.28
315,Central,Residential,862.07,813.43,48.64,13700.01
316,South,Industrial,908.24,783.33,124.91,22382.38
317,South,Residential,1244.68,1090.67,154.01,96842.92
318,South,Residential,1547.37,1280.81,266.56,47911.03
319,South,Industrial,876.34,754.44,121.9,65006.9
320,South,Residential,2371.75,2316.04,55.71,91008.99
321,East,Commercial,1595.6,1362.44,233.16,50296.76
322,Central,Residential,1573.65,1409.42,164.23,54455.43
323,Central,Industrial,981.82,808.6,173.22,47172.22
324,East,Residential,2057.09,1835.13,221.96,19050.48
325,East,Industrial,990.08,867.88,122.2,13406.54
326,North,Residential,2242.91,2138.79,104.12,13304.64
327,West,Commercial,2056.28,1890.73,165.55,47809.73
328,East,Commercial,2337.58,2002.16,335.42,61087.99
329,North,Residential,1090.43,933.26,157.17,32790.96
330,South,Industrial,2336.61,1996.42,340.19,85666.39
331,Central,Residential,1951.29,1725.68,225.61,25223.82
332,Central,Commercial,1033.22,929.41,103.81,96806.55
333,North,Industrial,911.78,777.55,134.23,72308.69
334,North,Industrial,1426.3,1169.69,256.61,42757.53
335,South,Commercial,2261.66,1906.67,354.99,89487.95
336,East,Industrial,1632.78,1582.51,50.27,11581
337,Central,Residential,728.93,600.77,128.16,10945.59
338,Central,Commercial,1714.95,1638.87,76.08,72806.38
339,South,Commercial,2293.89,1840.5,453.39,18523.1
340,Central,Commercial,1948.21,1811.36,136.85,22288.18
341,Central,Residential,1507.8,1381.73,126.07,6672.65
342,South,Residential,2066.36,1981.15,85.21,50505.17
343,Central,Commercial,1345.18,1179.08,166.1,64869.47
344,South,Industrial,1724.24,1562.93,161.31,66970.53
345,West,Residential,1803.77,1671.14,132.63,83167.33
346,Central,Commercial,1116.96,997.41,119.55,12167.34
347,North,Residential,2083.09,1913.1,169.99,22450.15
348,West,Commercial,2070.42,1757.94,312.48,48166.98
349,West,Commercial,1775.43,1610.64,164.79,10268.48
350,East,Industrial,2330.81,2141.61,189.2,81743.17
351,East,Commercial,1543.24,1354.41,188.83,38484.28
352,Central,Residential,2015.62,1777.62,238,61316.12
353,North,Residential,1301.62,1261.9,39.72,68049.04
354,South,Industrial,1835.04,1776.83,58.21,23291.21
355,Central,Industrial,543.89,446.61,97.28,83603.66
356,South,Commercial,2123.09,2004.61,118.48,86049.57
357,South,Industrial,1630.35,1406.93,223.42,67325.48
358,West,Industrial,1963.9,1676.64,287.26,50926.12
359,North,Commercial,1990.22,1838.92,151.3,94798.42
360,South,Industrial,1728.55,1420.2,308.35,36177.13
361,East,Commercial,529.05,435.49,93.56,43032.51
362,North,Commercial,2178.54,1946.49,232.05,92336.96
363,Central,Commercial,1490.65,1258.54,232.11,46304.92
364,North,Commercial,1881.32,1662.83,218.49,63358.64
365,South,Industrial,2296.23,2228.93,67.3,23145.34
366,North,Residential,1634,1579.41,54.59,36192.43
367,West,Industrial,1153.21,1116.38,36.83,39879.22
368,West,Residential,2362.94,2165.56,197.38,48184.63
369,Central,Industrial,1740.29,1569.59,170.7,14457.34
370,North,Commercial,803.69,670.39,133.3,70962.49
371,Central,Commercial,1014.42,952.63,61.79,74571.82
372,East,Industrial,1002.69,898.44,104.25,48446.37
373,East,Residential,2076.61,1815.86,260.75,36605.01
374,South,Commercial,2253.8,1923.66,330.14,6088.78
375,East,Residential,1648.86,1609.17,39.69,71414.34
376,North,Commercial,1361.12,1235.35,125.77,68859.09
377,North,Industrial,1981.24,1719.31,261.93,34465.47
378,West,Commercial,2093.29,1891.05,202.24,78335.42
379,South,Industrial,739.1,593.13,145.97,40582.1
380,East,Residential,1720.99,1643.25,77.74,10344.06
381,East,Industrial,2498.93,2256.45,242.48,80361.15
382,East,Industrial,2198.23,2144.1,54.13,11758.98
383,East,Residential,2487.73,2286.26,201.47,44695.2
384,North,Residential,1879.11,1688.29,190.82,91129.55
385,Central,Residential,2144.85,1765.09,379.76,63374.11
386,Central,Residential,2030.02,1798.52,231.5,74360.36
387,East,Commercial,2497.03,2417.99,79.04,27068.92
388,Central,Commercial,893.49,776.27,117.22,47888.71
389,North,Industrial,1986.99,1671.93,315.06,46576.83
390,North,Residential,1618.89,1502.94,115.95,86192.65
391,West,Industrial,1668.54,1348.19,320.35,77713.52
392,South,Industrial,1593.56,1462.12,131.44,75763.87
393,East,Residential,1939.6,1693.88,245.72,50518.94
394,North,Residential,739.01,602.25,136.76,61496.43
395,East,Industrial,857.17,721.85,135.32,77988.12
396,East,Industrial,693.31,588.66,104.65,69228.9
397,West,Industrial,2203.37,2097.51,105.86,28175.46
398,South,Commercial,2275.98,1851.98,424,34164.76
399,North,Commercial,1746.82,1465.68,281.14,49690.86
400,West,Commercial,1845.24,1636.46,208.78,65186.19
401,West,Residential,2052.47,1776.11,276.36,6441.5
402,East,Industrial,1586.42,1538.11,48.31,92206.47
403,South,Industrial,1102.54,1045.36,57.18,66804.96
404,East,Residential,1721.06,1647.87,73.19,97266.65
405,North,Commercial,618.8,503.31,115.49,68508.43
406,Central,Residential,1949.22,1889.88,59.34,17151.09
407,North,Residential,622.89,516.9,105.99,6241.18
408,Central,Industrial,1016.14,906.89,109.25,8063.2
409,West,Commercial,2090.91,1900.76,190.15,98945.48
410,South,Industrial,551.5,453.41,98.09,80382.26
411,Central,Commercial,2394.92,2196.62,198.3,90256.86
412,South,Commercial,690.67,584.48,106.19,65283.93
413,West,Residential,2439.21,2264.74,174.47,19959.68
414,South,Residential,2375.46,1944.19,431.27,95962.01
415,Central,Commercial,1282.73,1219.39,63.34,32814.95
416,South,Industrial,782.63,745,37.63,41879.9
417,West,Residential,1524.57,1224.26,300.31,56894.62
418,Central,Commercial,1830.74,1656.52,174.22,56889.6
419,North,Industrial,2016.05,1890.81,125.24,32612.76
420,Central,Residential,2002.8,1690.66,312.14,64187.81
421,South,Commercial,846.59,809.81,36.78,82278.3
422,West,Residential,2375.49,2099.79,275.7,73804.97
423,East,Residential,1089.74,952.59,137.15,48365.12
424,East,Residential,503.54,405.16,98.38,73661.68
425,Central,Residential,1116.68,988.64,128.04,74652.72
426,North,Industrial,1710.67,1668.32,42.35,86759.38
427,East,Industrial,1300.59,1175.02,125.57,64383.65
428,West,Industrial,1921.1,1660.43,260.67,50361.7
429,South,Residential,1688.95,1360.87,328.08,98366.56
430,South,Residential,1189.18,1137.14,52.04,63154.02
431,Central,Commercial,1828.48,1479.62,348.86,22952.59
432,Central,Residential,2442.66,2059.7,382.96,48795.9
433,South,Residential,1489.14,1207.31,281.83,69269.33
434,Central,Commercial,1604.03,1496.6,107.43,37522.81
435,South,Residential,908.65,804.82,103.83,37906.28
436,North,Residential,1693.74,1440,253.74,51745.54
437,Central,Commercial,2490.86,2024.55,466.31,68059.86
438,West,Residential,1707.05,1462.15,244.9,95910.76
439,Central,Residential,2354.93,2146.71,208.22,93563.69
440,West,Residential,2125.18,1831.77,293.41,82093.51
441,North,Industrial,873.29,812.66,60.63,45378.85
442,Central,Industrial,1982.41,1671.04,311.37,62599.46
443,North,Commercial,1764.71,1585.12,179.59,88519.39
444,East,Residential,2108.19,1740.32,367.87,14743.99
445,North,Commercial,2499.55,2059.14,440.41,21288.39
446,North,Commercial,2474.44,2170.14,304.3,42778.78
447,West,Residential,695.14,600.52,94.62,11434.36
448,North,Industrial,2301.57,2249.75,51.82,42443.74
449,Central,Industrial,807.96,746.04,61.92,57788.68
450,Central,Commercial,2308,2072.39,235.61,52601.61
451,West,Industrial,1025.78,924.81,100.97,78579.35
452,West,Commercial,1030.68,898.63,132.05,52101.23
453,West,Residential,1794.77,1479,315.77,58098.63
454,North,Residential,1918.18,1776.13,142.05,57478.18
455,Central,Commercial,1723.3,1386.23,337.07,52982.57
456,Central,Industrial,1713.83,1377.42,336.41,67393
457,East,Commercial,1620.83,1311.05,309.78,94614.38
458,East,Residential,1708.59,1431.7,276.89,82986.88
459,Central,Commercial,1732.03,1569.41,162.62,87999.8
460,North,Commercial,2194.15,2086.8,107.35,55053.32
461,East,Industrial,914.25,758.12,156.13,87431.72
462,North,Commercial,1768.84,1682.32,86.52,11335.25
463,Central,Residential,614.67,594.33,20.34,46264.51
464,East,Residential,636.94,520.95,115.99,7559.42
465,Central,Residential,1378.8,1264.14,114.66,36402.28
466,Central,Industrial,2493.79,2207.02,286.77,47781.97
467,North,Commercial,1427.92,1234.54,193.38,74539.11
468,East,Industrial,606.85,516.41,90.44,21769.11
469,South,Commercial,2038.28,1686.64,351.64,43102.27
470,West,Residential,1291.63,1154.24,137.39,73237.72
471,North,Residential,588.98,573.07,15.91,45526.1
472,East,Commercial,660.26,619.17,41.09,8692.27
473,West,Industrial,1407.33,1164.42,242.91,33912.12
474,North,Residential,769.56,702.8,66.76,66040.55
475,East,Industrial,1726.69,1578.2,148.49,84356.47
476,South,Commercial,2459.03,1977.8,481.23,13074.01
477,West,Commercial,2028.56,1955.63,72.93,75200.52
478,North,Industrial,2217.59,1934.41,283.18,81063.56
479,Central,Commercial,1512.22,1280.02,232.2,70871.88
480,East,Residential,1399.42,1202.3,197.12,22167.05
481,South,Commercial,1180.64,1061.9,118.74,70363.62
482,North,Residential,667.6,561.16,106.44,36989.79
483,South,Industrial,1609.74,1303.32,306.42,70647.86
484,North,Industrial,2155.89,1935.49,220.4,19744.79
485,South,Industrial,1056.46,999.6,56.86,90860.5
486,North,Industrial,705.68,576.5,129.18,80603.16
487,East,Residential,1693.51,1392.93,300.58,28070.87
488,South,Residential,576.69,497.76,78.93,47707.16
489,Central,Industrial,1683.97,1625.84,58.13,88462.41
490,South,Residential,1116.03,970.13,145.9,84419.26
491,Central,Commercial,2226.16,1919.49,306.67,81211.5
492,East,Industrial,1445.19,1292.97,152.22,39371.31
493,Central,Industrial,1656.86,1498.37,158.49,73540.03
494,Central,Commercial,1294.94,1166.64,128.3,76731.83
495,Central,Commercial,2481.8,2081.63,400.17,25255.99
496,East,Industrial,1364.9,1175.7,189.2,37745.24
497,Central,Industrial,1716.01,1594.22,121.79,97997.43
498,West,Industrial,1416.61,1184.52,232.09,91616.65
499,South,Residential,1754.79,1585.72,169.07,73751.59
500,North,Commercial,2091.91,2025.52,66.39,91231.91
501,West,Industrial,1165.92,1001.07,164.85,63201.24
502,South,Residential,2317.48,2156.32,161.16,75235.36
503,East,Industrial,642.69,534.31,108.38,23788.17
504,North,Residential,517.98,465.53,52.45,64656.03
505,West,Residential,2097.03,1807.16,289.87,56869.78
506,Central,Residential,2189.41,2114.33,75.08,56289.09
507,East,Residential,2029.34,1654.85,374.49,84979.33
508,North,Industrial,1445.85,1350.96,94.89,15213.45
509,East,Commercial,1541.36,1414.36,127,85767.34
510,Central,Residential,1023.91,901.75,122.16,23029.31
511,South,Residential,1335.51,1094.43,241.08,81772.72
512,North,Commercial,1671.19,1473.46,197.73,75510.76
513,South,Residential,1702.82,1570.73,132.09,86914.87
514,North,Residential,1876.87,1556.63,320.24,90051
515,Central,Industrial,1128.09,1073.84,54.25,54494.72
516,North,Residential,951.37,916.51,34.86,53080.66
517,Central,Residential,2106.83,2051.38,55.45,33459.67
518,West,Commercial,1247.13,1212.8,34.33,16065.15
519,North,Residential,796.59,656.61,139.98,36909.86
520,East,Commercial,1387.1,1112.97,274.13,20176
521,Central,Commercial,1226.98,1111.48,115.5,22552.97
522,Central,Industrial,1876.18,1748.66,127.52,56424.81
523,East,Industrial,1739.64,1675.2,64.44,53508.41
524,North,Industrial,1497.6,1413.44,84.16,94269.09
525,Central,Residential,1101.45,996.82,104.63,85198.59
526,West,Commercial,905.79,876.02,29.77,31529.17
527,Central,Industrial,1376.66,1273.47,103.19,77005.48
528,West,Commercial,793.39,670.8,122.59,42199.11
529,South,Industrial,1041.94,968.31,73.63,56942.18
530,North,Residential,955.82,932.43,23.39,78623.69
531,Central,Industrial,2138.08,2003.3,134.78,14558.2
532,North,Residential,1085.81,990.18,95.63,65732.51
533,South,Commercial,738.34,688.93,49.41,70286.21
534,West,Commercial,2266.67,2023.21,243.46,14165.31
535,East,Commercial,630.79,611.62,19.17,55169.59
536,South,Commercial,1724.49,1633.07,91.42,83042.97
537,South,Residential,500.78,443.07,57.71,93147.24
538,North,Industrial,1450.63,1371.23,79.4,80521.93
539,West,Commercial,792.27,762.29,29.98,66093.28
540,Central,Residential,2113.09,1897,216.09,85507.21
541,West,Residential,2322.21,2036.45,285.76,46873.28
542,East,Industrial,1420.47,1271.68,148.79,34380.33
543,East,Residential,2181.29,2083.42,97.87,39739.87
544,East,Residential,1346.59,1143.39,203.2,71828.38
545,West,Commercial,1902.25,1664.44,237.81,17541.46
546,East,Residential,2490.91,2074.02,416.89,91902.77
547,North,Residential,2363.42,2165.65,197.77,16885.96
548,North,Industrial,949.24,903.26,45.98,81081.26
549,North,Commercial,1466.69,1399.01,67.68,42424.25
550,South,Commercial,1039.02,1010.31,28.71,46496.1
551,West,Industrial,1303.41,1044.85,258.56,89825.17
552,West,Industrial,1141.7,938.39,203.31,73543.64
553,North,Residential,1227.93,1165.66,62.27,51792.48
554,Central,Commercial,746.22,637.73,108.49,44223.07
555,West,Industrial,1094.67,980.15,114.52,50159.32
556,Central,Commercial,1623.65,1400.63,223.02,96548.21
557,West,Industrial,1655.64,1477.05,178.59,40484.94
558,East,Commercial,880.75,745.81,134.94,87541.14
559,Central,Commercial,822.38,755.67,66.71,90673.93
560,Central,Industrial,2130.14,2057.26,72.88,90194.24
561,East,Residential,1674.57,1381.9,292.67,85131.21
562,West,Commercial,1015.76,900.25,115.51,66937.24
563,North,Commercial,1159.17,938.62,220.55,39663.59
564,South,Commercial,1152.31,1103.6,48.71,45812.85
565,North,Residential,808.25,756.04,52.21,59521.96
566,Central,Residential,1196.37,1055.61,140.76,60444.62
567,South,Industrial,2434.47,2138.96,295.51,45212.29
568,West,Commercial,2302.08,1865.58,436.5,31908.98
569,North,Residential,1891.63,1665.62,226.01,46329.69
570,East,Industrial,932,868.2,63.8,43341.73
571,East,Residential,2438.57,2353.05,85.52,29968.82
572,South,Industrial,2116.17,1887.07,229.1,28511.41
573,South,Residential,1672.61,1628.75,43.86,35889.91
574,Central,Industrial,2109.72,1863.23,246.49,51743.63
575,South,Residential,856.09,722.39,133.7,18076.68
576,Central,Industrial,504.78,487.59,17.19,36826.02
577,Central,Commercial,1791.68,1672.93,118.75,20157.73
578,West,Commercial,1105.25,1033.8,71.45,91983.87
579,East,Industrial,849.12,782.53,66.59,17376.2
580,West,Residential,2281.36,1973.1,308.26,35189.5
581,North,Residential,2265.91,1892.87,373.04,78019.48
582,South,Industrial,1038.45,944.11,94.34,79136.54
583,West,Residential,2222.53,2120.48,102.05,61866.26
584,East,Residential,1954.38,1625.75,328.63,15122.58
585,West,Industrial,812.16,701.91,110.25,89200.21
586,South,Residential,2149.32,1984.71,164.61,66017.95
587,West,Industrial,1242.43,1198.68,43.75,9026.11
588,Central,Residential,1807.19,1495.62,311.57,79045.79
589,Central,Residential,1495.38,1440.09,55.29,7872.57
590,South,Residential,503.39,456.16,47.23,6936.68
591,Central,Residential,593.58,509.47,84.11,78593.3
592,West,Residential,1894.66,1611.05,283.61,61064.03
593,South,Residential,581.25,541.44,39.81,60983.45
594,West,Industrial,745.78,625.66,120.12,21844.33
595,Central,Commercial,1706.99,1530.49,176.5,84277.68
596,North,Residential,2129.6,1759.33,370.27,87960.05
597,South,Commercial,2101.16,2042.07,59.09,41797.26
598,North,Residential,1668.08,1598.9,69.18,29909.22
599,North,Industrial,1088.54,965.1,123.44,78090.26
600,West,Commercial,2277.7,2086.85,190.85,57642.36
601,Central,Residential,616.95,501.6,115.35,50389.02
602,East,Residential,825.81,775.61,50.2,94041.27
603,East,Industrial,2471.95,2392.4,79.55,95599.49
604,Central,Residential,1098.01,890.74,207.27,26807.38
605,South,Industrial,1905.09,1549.91,355.18,45851.7
606,West,Residential,1432.56,1374.8,57.76,27779.99
607,North,Residential,2232.68,1849.35,383.33,50390.35
608,Central,Residential,1937.29,1567.18,370.11,95636.42
609,South,Commercial,1244.69,1156.94,87.75,23782.06
610,West,Commercial,640.92,600.69,40.23,82132.49
611,North,Commercial,1013.13,947.17,65.96,84863.88
612,South,Commercial,1706.24,1464.37,241.87,91730.92
613,East,Commercial,838.91,713.55,125.36,55335.75
614,West,Residential,1816.74,1686.95,129.79,27098.28
615,Central,Industrial,781.84,709.92,71.92,89484.77
616,North,Commercial,886.25,747.97,138.28,25629.63
617,South,Commercial,850.03,691.85,158.18,19339.1
618,West,Residential,972.05,818.91,153.14,67961.3
619,North,Industrial,743.47,616.94,126.53,73683
620,West,Industrial,874.84,734.68,140.16,87017.26
621,East,Residential,1325.21,1178.52,146.69,16355.99
622,North,Residential,1425.94,1390.71,35.23,49775.13
623,East,Commercial,1414.85,1262.51,152.34,8451.24
624,Central,Residential,2453.03,2223.86,229.17,74175.5
625,Central,Industrial,1215.75,1043.01,172.74,7172.47
626,Central,Industrial,1379.31,1314.82,64.49,39069.22
627,North,Industrial,1095.12,1044.26,50.86,98358.4
628,North,Industrial,1088.72,1004.9,83.82,76557.19
629,North,Industrial,719.09,642.78,76.31,21405.58
630,West,Industrial,1178.37,995.91,182.46,10240.16
631,West,Residential,2286.84,2124.81,162.03,51508.4
632,Central,Commercial,913.06,839.96,73.1,89621.09
633,East,Commercial,524.47,498.11,26.36,92447.87
634,Central,Commercial,2128.84,2052.33,76.51,71416.35
635,East,Commercial,795.36,734.8,60.56,10377.77
636,East,Industrial,1541.4,1268.03,273.37,21372.59
637,North,Residential,2168.23,1930.97,237.26,55366.59
638,North,Industrial,2319.08,2256.12,62.96,88603.07
639,North,Residential,730.37,688.91,41.46,63996.99
640,North,Industrial,1355.12,1194.38,160.74,68829.26
641,West,Residential,1715.66,1544.6,171.06,83124.55
642,South,Commercial,1925.44,1808.35,117.09,30948.09
643,East,Industrial,1441.52,1162.82,278.7,85095.38
644,North,Commercial,1839.24,1490.91,348.33,74391.56
645,West,Residential,1786.62,1728.2,58.42,11840.91
646,South,Commercial,2208.18,1787.44,420.74,72614.61
647,East,Commercial,1464.81,1374.55,90.26,35315.4
648,Central,Industrial,2096.28,1875.54,220.74,55828.2
649,South,Industrial,1604.21,1545.93,58.28,13202.07
650,North,Residential,848.54,749.65,98.89,94156.37
651,East,Residential,1186.77,1024.39,162.38,54774.21
652,Central,Residential,1966.38,1911.67,54.71,46468.82
653,South,Commercial,1803.52,1763.18,40.34,90878.26
654,North,Industrial,1993.01,1656.47,336.54,9094.81
655,East,Industrial,847.23,732.97,114.26,43983.44
656,Central,Residential,1233.68,1092.33,141.35,61686.81
657,East,Residential,1807.32,1742.69,64.63,65982.52
658,West,Industrial,1962.11,1574.74,387.37,91180.36
659,Central,Commercial,1147.17,938.81,208.36,22261.79
660,East,Industrial,1407.35,1242.34,165.01,34448.46
661,Central,Industrial,1786.53,1453.59,332.94,56757.61
662,North,Residential,633.68,616.79,16.89,84049.31
663,North,Commercial,787.68,643.89,143.79,38220.29
664,West,Commercial,1608.29,1412.21,196.08,73521.96
665,North,Residential,754.53,674.37,80.16,30699.51
666,West,Industrial,899.27,726.03,173.24,29100.99
667,Central,Commercial,2322.75,2097.74,225.01,66093.41
668,North,Commercial,988.28,893.96,94.32,55249.57
669,South,Industrial,1887.81,1800.56,87.25,64053.41
670,North,Commercial,1934.3,1797.51,136.79,52938.33
671,East,Industrial,1104.88,968.76,136.12,60257.12
672,South,Residential,1542.52,1457.11,85.41,21021.18
673,Central,Residential,1324.91,1218.81,106.1,24024.33
674,Central,Industrial,2315.3,2155.95,159.35,79551.12
675,West,Residential,1899.29,1596.01,303.28,31474.35
676,South,Commercial,553.1,476.75,76.35,7878.31
677,Central,Industrial,1531.91,1296.25,235.66,9474.28
678,East,Commercial,1843.97,1579.84,264.13,66904.64
679,North,Industrial,2443.63,2249.68,193.95,43497.14
680,South,Industrial,1280.22,1185.54,94.68,39509
681,North,Industrial,907.78,833.31,74.47,29201.02
682,West,Commercial,1167.68,986.35,181.33,81864.04
683,West,Commercial,1676.68,1358.45,318.23,50487.32
684,Central,Residential,1885.02,1737.26,147.76,52607.31
685,West,Residential,1691.63,1532.21,159.42,99497.63
686,North,Residential,590.14,546.64,43.5,79212.92
687,North,Residential,882.78,775.76,107.02,92211.57
688,East,Residential,976.92,935.13,41.79,12139.54
689,West,Industrial,562.69,516.75,45.94,18473.45
690,Central,Commercial,1150.08,1053.4,96.68,70287.25
691,Central,Industrial,1840.12,1515.41,324.71,6361.09
692,South,Industrial,2294.39,1855.26,439.13,49752.5
693,North,Commercial,2333.83,2114.04,219.79,27020.23
694,East,Residential,1806.14,1676.7,129.44,87164.77
695,Central,Commercial,1264.11,1233.74,30.37,29047.16
696,North,Residential,794.77,671.76,123.01,55107.91
697,South,Industrial,845.06,823.47,21.59,81448.25
698,East,Residential,2022.8,1663.51,359.29,55597.96
699,North,Residential,753.46,634.64,118.82,13958.63
700,Central,Commercial,1502.79,1441.89,60.9,29217.26
701,East,Industrial,1152.95,935.99,216.96,92548.63
702,West,Residential,2073.27,1961.36,111.91,38879.07
703,South,Residential,2035.49,1929.87,105.62,78847.37
704,East,Commercial,2037.31,1726.88,310.43,38562.44
705,Central,Residential,1765.98,1604.96,161.02,68120.38
706,West,Industrial,2295.16,2135.49,159.67,54167.4
707,South,Commercial,1533.67,1339.26,194.41,52422.13
708,West,Commercial,1853.13,1726.01,127.12,51218.96
709,West,Commercial,2348.52,2134.69,213.83,76392.63
710,Central,Commercial,2205.81,1875.33,330.48,13598.15
711,South,Commercial,1457.54,1330.51,127.03,91755.43
712,West,Industrial,1246.87,1084.93,161.94,22139.02
713,West,Commercial,1651.25,1556.02,95.23,89530.39
714,North,Industrial,887.51,734.83,152.68,69796
715,North,Commercial,758.61,658.54,100.07,51971.8
716,North,Commercial,1709.21,1467.42,241.79,85640.76
717,Central,Residential,1634.44,1457.98,176.46,20340.69
718,South,Commercial,782.36,720.84,61.52,13667.31
719,South,Commercial,1391.02,1203.91,187.11,11730.34
720,East,Residential,1570.69,1278.98,291.71,72306.34
721,East,Commercial,2276.11,2085.71,190.4,57708.57
722,East,Residential,2442.85,2159.22,283.63,90962.89
723,West,Commercial,699.38,583.24,116.14,12621.96
724,North,Industrial,2260.44,2155.28,105.16,29714.19
725,West,Commercial,1406.05,1222.75,183.3,64865.48
726,West,Industrial,594.53,550.1,44.43,70569.97
727,South,Industrial,517.68,450.35,67.33,23623.54
728,South,Residential,2281.67,2009.07,272.6,82915.06
729,West,Industrial,1797.58,1558.52,239.06,82504.72
730,West,Industrial,744.36,598.28,146.08,98740.7
731,West,Industrial,2234.31,2169.88,64.43,98441.66
732,East,Industrial,1657.68,1432.08,225.6,56936.96
733,East,Commercial,1442.85,1319.8,123.05,55629.02
734,North,Commercial,1511.92,1418.54,93.38,80378.87
735,South,Residential,1153.83,1005.04,148.79,87605
736,Central,Commercial,1702.54,1583.63,118.91,43302.46
737,West,Industrial,995.16,942.55,52.61,88101.26
738,Central,Residential,530.67,486.56,44.11,21437.87
739,East,Industrial,2123.17,1817.13,306.04,20463.66
740,West,Commercial,1522.25,1426.76,95.49,62577.82
741,North,Industrial,1290.43,1120.17,170.26,86500.97
742,South,Residential,625.81,612.31,13.5,42421.38
743,North,Residential,1750.75,1552.92,197.83,25453.48
744,East,Industrial,1071.67,872.63,199.04,87316.98
745,Central,Industrial,2398.84,1921.31,477.53,29924.88
746,South,Residential,2062.35,1858.71,203.64,10346.58
747,South,Commercial,828.3,758.14,70.16,77409.17
748,South,Commercial,938.39,907.16,31.23,7106.36
749,Central,Industrial,2327.67,2025.3,302.37,18798.81
750,East,Commercial,1476.22,1345.33,130.89,14733.19
751,Central,Industrial,883.38,738.55,144.83,62487.82
752,Central,Industrial,683.41,602.42,80.99,91538.61
753,West,Residential,1026.25,899.01,127.24,36101.35
754,West,Residential,2343.32,2146.47,196.85,31784.36
755,East,Residential,1509.36,1293.82,215.54,58304.58
756,South,Commercial,2366.17,2304.59,61.58,87831.22
757,North,Industrial,517.92,482.19,35.73,52415.12
758,South,Industrial,2073.55,1824.86,248.69,46078.43
759,East,Residential,708.69,580.18,128.51,32285.81
760,South,Industrial,2455.66,2192.32,263.34,23248.9
761,North,Commercial,1498.74,1362.83,135.91,30972.9
762,North,Commercial,2433.85,2304.95,128.9,77340.53
763,South,Residential,1112.37,1041.29,71.08,95918.47
764,West,Residential,1795.39,1625.22,170.17,90538.04
765,Central,Residential,1714.62,1624.83,89.79,15303.89
766,Central,Commercial,1816.66,1704.36,112.3,7932.69
767,Central,Commercial,1839.97,1476.11,363.86,67159.68
768,South,Residential,1823.92,1765.26,58.66,33451.65
769,West,Industrial,1782.53,1655.24,127.29,26650.12
770,North,Commercial,509.23,414.79,94.44,64103.49
771,West,Commercial,2449.08,2238.19,210.89,57669.4
772,West,Residential,2234.32,1825.86,408.46,92913.17
773,West,Commercial,858,710.53,147.47,46185.38
774,West,Commercial,1974.86,1767.46,207.4,40956.97
775,North,Industrial,2031.33,1679.75,351.58,49603.33
776,East,Residential,995.06,972.26,22.8,44057.64
777,North,Commercial,1281.39,1183.78,97.61,87355.57
778,Central,Residential,1076.65,958.61,118.04,25022.58
779,South,Residential,1235.79,1022.13,213.66,65596.49
780,Central,Industrial,2248.83,2100.52,148.31,63478.08
781,Central,Residential,1664.14,1333.03,331.11,94989.84
782,East,Commercial,2045.3,1699.44,345.86,59519.96
783,North,Residential,1335.66,1241.98,93.68,14985.79
784,South,Commercial,1164.09,1114.58,49.51,64072.92
785,East,Commercial,1427.17,1343.88,83.29,70913.98
786,West,Commercial,1107.73,1076.9,30.83,84543.1
787,East,Commercial,2212.35,1775.25,437.1,57701.48
788,West,Residential,1884.81,1642.33,242.48,11097.93
789,South,Industrial,1137.02,930,207.02,15272.73
790,South,Commercial,1893.09,1575.21,317.88,93075.62
791,West,Commercial,1349.29,1141.63,207.66,9729.68
792,West,Industrial,1199.98,1127.42,72.56,5769.35
793,North,Commercial,1018.12,843.2,174.92,35773.56
794,Central,Industrial,1978.11,1836.93,141.18,23461.56
795,North,Residential,1836.7,1533.04,303.66,14444.79
796,West,Residential,1943.41,1641.87,301.54,80633.15
797,West,Industrial,1933.5,1561.26,372.24,95423.26
798,East,Industrial,1433.76,1169.58,264.18,11397.44
799,West,Commercial,2186.7,1825.05,361.65,35997.79
800,Central,Commercial,1966.98,1647.74,319.24,5920.77
801,East,Residential,876.27,834.71,41.56,68225.34
802,South,Industrial,2442.86,2274.68,168.18,35099.76
803,South,Commercial,700.14,588.74,111.4,31156.39
804,North,Commercial,2356.69,2200.58,156.11,16133.47
805,East,Industrial,1029.02,945.55,83.47,52868.77
806,Central,Commercial,2072.37,1980.6,91.77,6030.4
807,South,Industrial,2256.66,1843.87,412.79,11687.47
808,South,Residential,1138.3,1099.49,38.81,82574.63
809,North,Industrial,2092.38,1843.83,248.55,73190.48
810,South,Residential,1667.23,1600.38,66.85,23280.6
811,West,Commercial,2181.25,1963.91,217.34,5021.09
812,East,Residential,2255.2,2091.44,163.76,16617.22
813,West,Residential,1220.97,998.61,222.36,79628.29
814,North,Industrial,1110.68,1080.93,29.75,44689.95
815,West,Industrial,877.57,761.01,116.56,43636.26
816,East,Industrial,2431.5,2239.45,192.05,47759.42
817,East,Commercial,1990.85,1775.26,215.59,14610.22
818,South,Industrial,1253.95,1109.56,144.39,94808.48
819,West,Commercial,2447.32,2267.23,180.09,43203.27
820,East,Industrial,1165.79,1078.91,86.88,20051.98
821,South,Industrial,2227.38,2105.16,122.22,55740
822,Central,Industrial,1813.1,1626.99,186.11,29849.23
823,North,Residential,1718.03,1598.65,119.38,86201.8
824,South,Residential,1778.76,1544.32,234.44,77981.57
825,Central,Industrial,2471.03,2418.06,52.97,33524.22
826,Central,Commercial,578.81,558.8,20.01,82412.96
827,North,Commercial,923.81,877.68,46.13,72758.81
828,South,Residential,1909.33,1608.58,300.75,15802.33
829,East,Industrial,1072.41,1045.51,26.9,56019.16
830,East,Commercial,2018.44,1870.08,148.36,7158.7
831,Central,Industrial,1501.46,1203.68,297.78,93000.39
832,Central,Industrial,1930.43,1718.11,212.32,48770.26
833,East,Residential,2434.83,2015.7,419.13,81982.48
834,Central,Industrial,2290.61,1975.46,315.15,36309.31
835,North,Residential,851.04,832.25,18.79,16941.91
836,East,Residential,619.27,584.27,35,95824.71
837,West,Industrial,1235.08,1103.66,131.42,72542.17
838,North,Commercial,800.43,700.38,100.05,85198.88
839,West,Commercial,595.74,536.89,58.85,85550.02
840,Central,Commercial,2373.83,2062.3,311.53,30196.43
841,East,Residential,569.86,537.39,32.47,31386.75
842,East,Commercial,857.11,746.96,110.15,79376.6
843,North,Industrial,1748.54,1504.28,244.26,20370.14
844,South,Industrial,1135.7,1070.45,65.25,76094.46
845,North,Industrial,2384.91,1970.11,414.8,32826.93
846,Central,Industrial,529.3,471.24,58.06,52340.11
847,South,Industrial,2407.32,2344.41,62.91,5985
848,North,Commercial,654.39,604.75,49.64,19631.31
849,West,Residential,818.13,723.5,94.63,61763.59
850,East,Commercial,1271.5,1050.87,220.63,83555.97
851,North,Industrial,2085.15,1827.63,257.52,41495.43
852,Central,Residential,1832.33,1620.44,211.89,74955.77
853,South,Industrial,1159.76,980.51,179.25,85599.81
854,North,Industrial,2240.16,1965.69,274.47,98172.23
855,Central,Industrial,1284.79,1198.46,86.33,15652.23
856,South,Industrial,2463.89,2175.7,288.19,59349.41
857,North,Residential,1942.07,1612.56,329.51,57529.28
858,East,Industrial,2095.28,1875.77,219.51,13460.28
859,South,Residential,1309.12,1049.47,259.65,14033.19
860,South,Commercial,843.79,779.79,64,35878.83
861,Central,Residential,787.53,634.18,153.35,69043.8
862,East,Industrial,931.05,799.78,131.27,62372.67
863,East,Industrial,1613.04,1457.51,155.53,42972.24
864,Central,Commercial,2135.18,1858.11,277.07,24229.57
865,West,Industrial,1264.31,1087.54,176.77,50057.48
866,North,Commercial,2397.7,2318.74,78.96,34644.05
867,West,Residential,1381.17,1284.5,96.67,72880.16
868,East,Industrial,849.64,739.98,109.66,17862.09
869,West,Commercial,1273.23,1116.24,156.99,69852.96
870,South,Residential,1136.73,966.89,169.84,10516.07
871,South,Industrial,566.6,464.92,101.68,38439.7
872,South,Commercial,2276.22,2120.23,155.99,18188.17
873,East,Residential,562.93,475.47,87.46,25663.52
874,South,Industrial,2109.21,1698.78,410.43,11761.21
875,North,Commercial,939.51,868.54,70.97,22695.1
876,West,Commercial,2120.86,1884.26,236.6,32338.71
877,South,Residential,685.82,631.38,54.44,21538.92
878,South,Industrial,2380.1,2172.54,207.56,74457.16
879,North,Residential,2219.49,1840.91,378.58,85559.99
880,West,Residential,1607.04,1476.09,130.95,45203.9
881,West,Commercial,1121.68,1067.95,53.73,35494.42
882,South,Industrial,2117.74,1752.37,365.37,56049.74
883,Central,Residential,1291.53,1190.57,100.96,22344.86
884,East,Industrial,964.93,877.05,87.88,31530.92
885,Central,Residential,2232.94,1796.58,436.36,64646.88
886,South,Commercial,759.97,686.77,73.2,47806.2
887,South,Industrial,948.17,862.44,85.73,17065.1
888,North,Residential,1653.3,1568.48,84.82,63804.87
889,Central,Residential,2418.14,2272.04,146.1,38647.67
890,East,Residential,1542.32,1294.12,248.2,82914.92
891,South,Industrial,2189.37,2028.72,160.65,66181.21
892,North,Commercial,1634.98,1320.5,314.48,97643.61
893,West,Industrial,1143.53,1003.59,139.94,46049.61
894,North,Industrial,576.24,495.69,80.55,7662.32
895,Central,Residential,2045.62,1974.56,71.06,17841.73
896,East,Industrial,1533.37,1387.04,146.33,31282.36
897,North,Industrial,689.98,655.73,34.25,84310.81
898,South,Industrial,2210.05,2023.42,186.63,51014.77
899,South,Industrial,1993.13,1888.19,104.94,8889.19
900,South,Industrial,2107.21,2061.08,46.13,84315.39
901,South,Industrial,2223.05,1798.99,424.06,47286.56
902,Central,Industrial,1818.56,1722.82,95.74,96590.76
903,West,Commercial,1666.82,1549.07,117.75,40810.6
904,Central,Industrial,958.75,780.21,178.54,60006.8
905,Central,Commercial,1160.09,1004.78,155.31,36131.88
906,East,Industrial,1405.84,1269.77,136.07,11162.71
907,South,Residential,744.41,713.94,30.47,71726.65
908,East,Residential,1280.36,1082.2,198.16,12998.02
909,North,Commercial,604.18,489.45,114.73,57198.79
910,East,Residential,1878.81,1518.92,359.89,38190.54
911,North,Commercial,1071.12,936.81,134.31,41050.99
912,East,Residential,1660.17,1580.52,79.65,95886.58
913,North,Commercial,1276.44,1240.01,36.43,17326.92
914,Central,Residential,952.18,838.51,113.67,62840.85
915,East,Commercial,794.45,701.57,92.88,62188.2
916,North,Commercial,1643.94,1567.62,76.32,16797.11
917,West,Residential,1924.01,1809.92,114.09,6927.39
918,South,Commercial,1067.21,963.43,103.78,64583.71
919,East,Industrial,2423.57,2042.36,381.21,55636.14
920,North,Residential,2374.61,2257.69,116.92,54323.7
921,Central,Industrial,2435.83,2200.64,235.19,73898.54
922,South,Commercial,2003.64,1825.36,178.28,62386.46
923,South,Industrial,1299.48,1194.12,105.36,71417.87
924,North,Residential,1556.86,1333.12,223.74,82024.03
925,South,Residential,1171.43,1103.97,67.46,5599.31
926,East,Residential,516,501.7,14.3,98447.94
927,North,Industrial,804.39,779.76,24.63,89668.18
928,East,Commercial,1110.06,956.49,153.57,26096.55
929,Central,Industrial,2057.48,1729.56,327.92,56711.19
930,West,Residential,2091.79,1993.14,98.65,81455.68
931,Central,Commercial,1156.01,1102.06,53.95,82159.4
932,West,Residential,1494.67,1302.56,192.11,98884.98
933,East,Commercial,1422.23,1325.11,97.12,17429.74
934,East,Residential,1311.22,1253.71,57.51,80806.52
935,South,Commercial,1651,1554.29,96.71,75934.41
936,South,Residential,1463.97,1297.73,166.24,62287.67
937,North,Industrial,595.2,527.31,67.89,47133.15
938,East,Residential,1131.49,938.84,192.65,38587.5
939,North,Industrial,739.36,636.88,102.48,85921.73
940,Central,Residential,2491.54,2004.66,486.88,9010.5
941,South,Commercial,1469.97,1190.9,279.07,44171.79
942,Central,Commercial,931.02,901.19,29.83,59313.56
943,Central,Residential,1980.1,1664.78,315.32,30199.77
944,East,Commercial,1278.13,1196.97,81.16,40505.93
945,North,Industrial,584.85,517.03,67.82,35876.23
946,West,Commercial,2047.48,1856.46,191.02,11164.39
947,East,Residential,942.5,832.53,109.97,28231.75
948,East,Residential,523.92,495.86,28.06,9136.15
949,North,Residential,1599.12,1450.24,148.88,79352.84
950,Central,Industrial,1792.69,1567.31,225.38,27128.74
951,North,Commercial,1577.93,1534.97,42.96,35269.34
952,North,Residential,1497.51,1242.45,255.06,57808.95
953,West,Commercial,965.32,811.17,154.15,64114.34
954,West,Commercial,2112.77,1697.3,415.47,27978.79
955,East,Commercial,1611.31,1435.67,175.64,87281.12
956,South,Residential,2047.2,1753.91,293.29,77197.04
957,Central,Commercial,1351.35,1286.71,64.64,57467.52
958,North,Industrial,1062.27,907.46,154.81,83956.93
959,East,Commercial,2484.34,2381.19,103.15,54887.37
960,West,Commercial,2486.73,2134.2,352.53,26206.5
961,North,Commercial,718.46,612.85,105.61,25688.76
962,West,Commercial,2124.94,2047.25,77.69,64730.13
963,Central,Residential,874.02,782.37,91.65,53445.83
964,North,Commercial,2033.18,1799.71,233.47,12273.02
965,South,Industrial,511.87,464.86,47.01,31129.24
966,Central,Residential,634.86,559.21,75.65,7707.66
967,Central,Commercial,1435.21,1329.4,105.81,22345.73
968,South,Residential,1827.25,1578.3,248.95,25549.53
969,West,Industrial,731.6,627.83,103.77,25722.78
970,East,Commercial,2373.29,2244.16,129.13,18003.79
971,West,Residential,1473.98,1402.93,71.05,15669.09
972,South,Commercial,2006.37,1673.48,332.89,73918.41
973,Central,Industrial,1380.18,1221.1,159.08,26586.24
974,West,Residential,1581.26,1335.46,245.8,28214.42
975,East,Industrial,582.94,522.89,60.05,38010.53
976,Central,Commercial,512.54,444.86,67.68,10441.18
977,South,Commercial,1785.04,1704.17,80.87,55933.44
978,North,Residential,1215.89,1105.74,110.15,70181.97
979,West,Residential,907.13,727.55,179.58,99980.05
980,West,Industrial,1320.32,1256.7,63.62,54803.27
981,North,Commercial,1383.66,1348.57,35.09,10656.1
982,East,Residential,1331.71,1220.14,111.57,50491.25
983,Central,Industrial,1990.9,1931.84,59.06,25991.16
984,West,Commercial,1481.21,1193.02,288.19,44556.37
985,South,Residential,1190.55,1137.57,52.98,31330.6
986,Central,Residential,2392.12,2173.53,218.59,83069
987,Central,Industrial,2459.17,2138.67,320.5,34479.03
988,Central,Industrial,2051.6,1941.86,109.74,29645.59
989,Central,Industrial,862.22,703.14,159.08,58227.36
990,North,Industrial,1338.11,1238.53,99.58,81858.79
991,Central,Industrial,1840.95,1475.51,365.44,31328.62
992,North,Residential,1813.15,1670.45,142.7,59455.25
993,Central,Industrial,1954.93,1697.25,257.68,7982.74
994,West,Commercial,514.26,467.61,46.65,42364.84
995,South,Residential,2475.24,2010.9,464.34,47604.79
996,West,Commercial,2054.98,1847.77,207.21,9435.55
997,South,Residential,534.84,484.15,50.69,46253.84
998,South,Industrial,1044.31,971.61,72.7,60594.26
999,West,Residential,1033.8,897.2,136.6,28844.34
1000,Central,Residential,1755.48,1581.2,174.28,98080.1
1001,West,Commercial,831.19,712.14,119.05,49758.38
1002,East,Residential,1699.97,1448.23,251.74,26929.64
1003,South,Residential,1873.69,1737.65,136.04,28479.22
1004,West,Commercial,1835.03,1501.59,333.44,62808.55
1005,South,Industrial,1810.34,1712.62,97.72,40276.14
1006,North,Commercial,1382.26,1289.79,92.47,17384.37
1007,West,Residential,802.71,786.04,16.67,52465.66
1008,Central,Residential,1669.06,1425.1,243.96,19512.04
1009,Central,Residential,630.97,535.38,95.59,29258.6
1010,West,Industrial,2452.27,2390.79,61.48,14256.54
1011,Central,Commercial,1740.43,1702.33,38.1,28548.55
1012,East,Residential,1807.45,1578.34,229.11,29962.77
1013,North,Residential,1887.49,1534.91,352.58,89364.3
1014,West,Industrial,2131.81,2047.51,84.3,73993.71
1015,East,Residential,2147.59,1756.76,390.83,33807.77
1016,East,Residential,1461.33,1169.68,291.65,84141.67
1017,North,Commercial,2132.45,2075.93,56.52,86579.29
1018,Central,Industrial,1741.55,1597.21,144.34,97575.4
1019,South,Commercial,811.91,682.52,129.39,34121.62
1020,East,Industrial,1110.55,1014.16,96.39,44428.89
1021,Central,Industrial,1740.25,1509.26,230.99,53379.51
1022,Central,Residential,2177.13,1781.94,395.19,34821.04
1023,East,Residential,2403.5,2233.55,169.95,77611.24
1024,East,Commercial,1842.05,1752.09,89.96,92299.06
1025,North,Commercial,1347.2,1213.11,134.09,49991.32
1026,West,Commercial,649.88,547.96,101.92,45284.22
1027,North,Commercial,1317.51,1282,35.51,12284.78
1028,Central,Residential,1167.99,1008.4,159.59,27756.69
1029,East,Commercial,2433.63,1993.26,440.37,90538.64
1030,West,Commercial,1617.9,1458.1,159.8,63132.98
1031,Central,Residential,839.88,706.74,133.14,38690.16
1032,Central,Industrial,1246.41,1196.1,50.31,92141.14
1033,Central,Residential,1191.62,1114.8,76.82,10376.33
1034,West,Residential,1765.69,1583.99,181.7,88101.24
1035,West,Residential,1243.62,1031.07,212.55,31421.8
1036,West,Industrial,872.43,802.65,69.78,61555.99
1037,East,Residential,1318.81,1144.67,174.14,33544.81
1038,West,Commercial,1567.09,1361.66,205.43,38068.75
1039,North,Residential,1711.03,1392.32,318.71,17445.43
1040,West,Industrial,885.48,729.83,155.65,10512.93
1041,West,Industrial,2464.57,2255.76,208.81,77597.13
1042,North,Commercial,2493.63,2072.28,421.35,59566.89
1043,East,Residential,729.79,661.12,68.67,10907.89
1044,East,Commercial,1479.72,1199.58,280.14,66348.46
1045,East,Residential,1708.34,1432.2,276.14,83882.55
1046,North,Industrial,1467.24,1306.69,160.55,72134.56
1047,East,Commercial,1179.44,951.06,228.38,80782.3
1048,Central,Residential,2451.77,2116.7,335.07,72438.64
1049,North,Residential,1281.39,1137.31,144.08,65615.85
1050,Central,Commercial,795.9,687.99,107.91,74261.08
1051,Central,Residential,1613.76,1458.45,155.31,39102.62
1052,South,Commercial,1573.29,1425.01,148.28,15392.86
1053,East,Industrial,1220.55,1185.39,35.16,28931.62
1054,West,Residential,529.66,475.21,54.45,51326.72
1055,South,Residential,1472.05,1228.51,243.54,58308.16
1056,Central,Commercial,1068.25,1005.12,63.13,59487.93
1057,West,Commercial,1360.78,1167.98,192.8,74547.36
1058,Central,Residential,1561.39,1254,307.39,35928.17
1059,North,Industrial,1738.46,1496.42,242.04,49801.19
1060,West,Commercial,1699.55,1467.72,231.83,48537.13
1061,East,Residential,1623.27,1365.71,257.56,43625.06
1062,North,Commercial,2466.57,2081.05,385.52,63215.69
1063,North,Industrial,1991.34,1643.75,347.59,91159.62
1064,East,Industrial,1720.99,1679.16,41.83,27937.67
1065,East,Industrial,976.41,876.54,99.87,10089.17
1066,North,Industrial,2231.05,2152.24,78.81,66099.5
1067,Central,Residential,1617.01,1579.05,37.96,17252.12
1068,East,Industrial,1203.58,1089.41,114.17,65045.71
1069,North,Residential,1047.7,942.05,105.65,81010.56
1070,South,Industrial,1009.01,846.62,162.39,41271.28
1071,North,Commercial,1968.31,1827.2,141.11,39161.53
1072,East,Residential,1539.04,1500.94,38.1,23746.72
1073,South,Industrial,993.63,935.76,57.87,20706.53
1074,East,Commercial,2097.36,1979.24,118.12,17806.56
1075,North,Residential,1536.15,1275.81,260.34,36950.84
1076,East,Residential,1959.22,1742.9,216.32,93039.83
1077,South,Commercial,1591.91,1407.78,184.13,82016.85
1078,West,Residential,1980.72,1727.49,253.23,42846.17
1079,Central,Commercial,2088.88,1778.04,310.84,91552.57
1080,West,Residential,2470.86,2104.33,366.53,88938.27
1081,South,Industrial,599.34,512.14,87.2,13835.17
1082,East,Commercial,1838.94,1741.69,97.25,35301.19
1083,West,Industrial,1960.35,1891,69.35,69803.03
1084,East,Commercial,595.82,480.09,115.73,61026.15
1085,Central,Commercial,1982.72,1719.56,263.16,36468.77
1086,South,Commercial,778.19,703.48,74.71,42009.39
1087,North,Industrial,2318.82,2060.52,258.3,68748.47
1088,East,Industrial,1277.31,1045.36,231.95,42266.77
1089,South,Commercial,1439.45,1382.44,57.01,17142.6
1090,North,Industrial,922.47,801.96,120.51,56885.26
1091,West,Commercial,688.98,598.37,90.61,54743.84
1092,North,Commercial,1872.15,1595.21,276.94,33929.61
1093,North,Residential,2307.37,2047.43,259.94,15619.54
1094,Central,Industrial,1858.35,1802.24,56.11,19506.62
1095,Central,Industrial,1483.75,1409.11,74.64,9898.03
1096,North,Industrial,735.95,708.42,27.53,33725.48
1097,South,Commercial,1272.04,1098.34,173.7,25982.72
1098,East,Residential,1542.75,1422.68,120.07,91999.11
1099,West,Industrial,1809.58,1457.41,352.17,13590.71
1100,Central,Industrial,2321.52,1956.01,365.51,78753.28
1101,East,Industrial,1093.55,952.24,141.31,66534.12
1102,West,Industrial,2223.72,1963.18,260.54,42216.58
1103,East,Industrial,2368.23,1990.34,377.89,5203.47
1104,East,Industrial,2002.32,1953.34,48.98,44589.15
1105,East,Residential,1994.14,1781.37,212.77,91792.32
1106,West,Residential,870.11,796.35,73.76,89318.39
1107,East,Industrial,2301.04,2236.76,64.28,86096.48
1108,East,Industrial,1894.75,1677.12,217.63,40655.64
1109,East,Residential,1843.5,1639.91,203.59,38717.53
1110,East,Commercial,1923.56,1684.68,238.88,51951.5
1111,East,Commercial,2372.21,2059.34,312.87,87829.15
1112,South,Residential,2495.79,2369.47,126.32,83167.74
1113,West,Commercial,1466.57,1427.98,38.59,66361.5
1114,South,Commercial,2237.9,2117.9,120,51334.95
1115,West,Industrial,1692.37,1609.69,82.68,17251.7
1116,North,Commercial,2110.99,1855.24,255.75,65913.68
1117,North,Industrial,863.38,717.65,145.73,78600.91
1118,South,Commercial,1178.26,1074.85,103.41,36598.23
1119,North,Commercial,1938.52,1621.83,316.69,49337.03
1120,Central,Industrial,1568.45,1466.57,101.88,76803.01
1121,West,Industrial,845.64,790.38,55.26,82065.04
1122,North,Industrial,2463.58,2084.69,378.89,95560.45
1123,East,Industrial,807.12,790.83,16.29,39406.84
1124,Central,Industrial,2265.78,1953.67,312.11,92315.55
1125,South,Residential,2101.52,1837.21,264.31,13204.56
1126,North,Industrial,1214.67,1024.54,190.13,34996.97
1127,East,Residential,2343.7,2159.69,184.01,69795.37
1128,Central,Industrial,1568.72,1448.04,120.68,20831.3
1129,South,Industrial,676.65,586.21,90.44,80843.11
1130,West,Industrial,2189.91,1776.69,413.22,24211.18
1131,West,Industrial,772.38,718.34,54.04,23919.69
1132,Central,Industrial,885.59,720.47,165.12,30331.31
1133,South,Industrial,1708.37,1449.81,258.56,91859.66
1134,South,Residential,1041.17,982.04,59.13,16502.56
1135,West,Commercial,1888.89,1796.7,92.19,68561.09
1136,Central,Industrial,1648.5,1563.18,85.32,35611.39
1137,East,Commercial,1851.54,1693.67,157.87,90847.84
1138,Central,Residential,2382.18,2136.88,245.3,72044.03
1139,Central,Commercial,2331.35,2281.52,49.83,51885.14
1140,East,Commercial,1677.78,1617.51,60.27,72752.62
1141,East,Industrial,1270.2,1209.12,61.08,7248.09
1142,East,Commercial,1421.29,1335.72,85.57,65536.74
1143,East,Commercial,1408.15,1238.37,169.78,48579
1144,East,Commercial,1327.71,1179.52,148.19,79192.35
1145,Central,Industrial,648.3,535.61,112.69,83825.97
1146,West,Commercial,1171.52,1142.13,29.39,76438.61
1147,Central,Industrial,1121.55,1043.21,78.34,9095.52
1148,South,Residential,2026.37,1688.84,337.53,95074.37
1149,South,Commercial,572.85,525.6,47.25,5445.78
1150,North,Commercial,2461.68,2090.12,371.56,81370.1
1151,North,Commercial,1234.65,1198.05,36.6,49557.58
1152,South,Residential,1267.16,1102.73,164.43,93651.68
1153,Central,Industrial,1689.79,1455.28,234.51,37826.77
1154,Central,Residential,1708.32,1433.38,274.94,73538.75
1155,West,Commercial,558.72,472.14,86.58,53325.48
1156,West,Commercial,744.41,692.74,51.67,92728.37
1157,East,Industrial,2298.39,2006.41,291.98,42511.95
1158,East,Residential,1849.96,1487.26,362.7,15066.08
1159,East,Commercial,2134.26,1721.78,412.48,96492.77
1160,West,Residential,1037.11,925.57,111.54,67852.08
1161,Central,Residential,1221.33,1035.93,185.4,54998.12
1162,Central,Residential,1680.14,1616.76,63.38,71256.3
1163,South,Industrial,1343.25,1277.82,65.43,96235.17
1164,North,Industrial,2483.38,2039.4,443.98,86474.69
1165,South,Residential,1778.75,1674.62,104.13,51956.69
1166,West,Industrial,2257.45,1968.05,289.4,43420.85
1167,West,Commercial,1619.78,1572.2,47.58,71444.23
1168,North,Commercial,810.95,719.52,91.43,79399.61
1169,South,Industrial,1481.76,1439,42.76,46854.5
1170,West,Industrial,1878.84,1621.31,257.53,50434.81
1171,North,Industrial,1097.46,886.34,211.12,98053.37
1172,Central,Industrial,550.78,486.28,64.5,58451.18
1173,South,Residential,735.6,714.73,20.87,88830.83
1174,South,Commercial,2124.58,1930.99,193.59,20782.85
1175,South,Residential,1992,1673.18,318.82,86916.98
1176,South,Commercial,1731.62,1637.86,93.76,24831.56
1177,North,Commercial,2131.65,1836.58,295.07,79054.18
1178,Central,Commercial,1133.24,981.51,151.73,45587.48
1179,East,Industrial,2191.71,2097.55,94.16,63810.84
1180,Central,Industrial,1586.21,1494.66,91.55,63883.84
1181,South,Industrial,2300.82,2204.07,96.75,63839.06
1182,Central,Commercial,1638.27,1380.35,257.92,28880.45
1183,East,Residential,764,697.14,66.86,13342.33
1184,South,Industrial,2433.8,2016.93,416.87,58360.21
1185,North,Residential,1230.78,1063.24,167.54,7921.52
1186,West,Commercial,1517.6,1219.18,298.42,69882.74
1187,West,Commercial,1845,1727.84,117.16,34677.21
1188,East,Commercial,1663.67,1345.9,317.77,47955.82
1189,Central,Industrial,1505.13,1362.4,142.73,14887.91
1190,North,Commercial,555.39,522.03,33.36,31417.87
1191,East,Residential,998.9,927.46,71.44,81960.27
1192,Central,Residential,2143.3,1801.9,341.4,81910.21
1193,South,Industrial,1995.24,1920.15,75.09,60039.34
1194,Central,Industrial,1345.61,1183.06,162.55,34979.02
1195,East,Industrial,1504.82,1296.55,208.27,94025.58
1196,North,Commercial,2291.92,1914.4,377.52,55937.36
1197,Central,Residential,996.49,913.96,82.53,21751.35
1198,Central,Residential,1639.68,1542.92,96.76,13676.7
1199,West,Industrial,877.47,819.5,57.97,83627.36
1200,South,Residential,1331.34,1139.25,192.09,58670.58
1201,East,Residential,1412.02,1185.65,226.37,49841.48
1202,West,Residential,1490.5,1351.58,138.92,86462.96
1203,East,Residential,2139.07,1735.05,404.02,59952.61
1204,South,Residential,1766.88,1589.85,177.03,20130.58
1205,East,Residential,1723.9,1599.48,124.42,54240.84
1206,North,Industrial,1344.04,1294.17,49.87,93169.14
1207,South,Commercial,2153.79,1797.35,356.44,70855.92
1208,West,Residential,1663.16,1593.75,69.41,6435.8
1209,North,Residential,505.93,437.85,68.08,67861.89
1210,North,Commercial,611.3,514.63,96.67,62693.04
1211,Central,Industrial,1097.99,894.73,203.26,52338.98
1212,Central,Industrial,870.1,744,126.1,93481.9
1213,Central,Industrial,2267.4,1913.74,353.66,88741.16
1214,East,Industrial,1026.08,973.88,52.2,6829.83
1215,East,Commercial,1277.79,1106.12,171.67,23238.52
1216,East,Commercial,2276.6,2130.58,146.02,62766
1217,East,Industrial,2007.76,1654.29,353.47,29757.54
1218,East,Commercial,1734.75,1519.39,215.36,82453.14
1219,South,Commercial,1011,831.9,179.1,24017.68
1220,North,Industrial,752.02,601.71,150.31,61815.7
1221,South,Industrial,2315.6,2211.88,103.72,92532.34
1222,East,Industrial,2176.22,1756.48,419.74,35811.6
1223,North,Industrial,2117.42,2023.15,94.27,7522.7
1224,South,Residential,1539.62,1479.93,59.69,5609.16
1225,Central,Residential,1461.94,1399.39,62.55,9743.39
1226,East,Residential,737.98,606.47,131.51,59252.41
1227,North,Industrial,557.53,512.3,45.23,80445.35
1228,East,Residential,1492.76,1316.48,176.28,7948.15
1229,South,Residential,1999.44,1673.47,325.97,92354.37
1230,North,Industrial,911.28,778.47,132.81,81655.11
1231,South,Industrial,1606.42,1293.99,312.43,19671.97
1232,Central,Residential,648.42,539.88,108.54,7611.74
1233,West,Commercial,1950.17,1906.9,43.27,73563.25
1234,East,Residential,2331.43,2170.36,161.07,66163.78
1235,West,Industrial,1726.56,1687.3,39.26,59652.86
1236,West,Residential,1546.87,1410.89,135.98,25734.55
1237,East,Commercial,1793.41,1719.73,73.68,92692.17
1238,South,Commercial,1448.99,1399.13,49.86,27562.82
1239,East,Industrial,2281.52,2129.95,151.57,29721.49
1240,North,Industrial,1229.16,1072.92,156.24,71123.26
1241,North,Residential,1364.26,1193.41,170.85,79670.65
1242,East,Commercial,1886.23,1635.86,250.37,86872.03
1243,West,Industrial,523.51,438.98,84.53,39231.23
1244,South,Commercial,1101.45,1065.95,35.5,20070.94
1245,Central,Residential,1921.93,1571.65,350.28,73036.96
1246,North,Commercial,1733.46,1469.19,264.27,50025.93
1247,Central,Residential,781.34,760.45,20.89,25952.85
1248,Central,Commercial,1400.97,1302.94,98.03,73747.07
1249,West,Industrial,1122.51,1062.45,60.06,84768.56
1250,North,Industrial,2273.62,2006.38,267.24,18218.18
1251,South,Commercial,1479.66,1290.53,189.13,90833.22
1252,East,Residential,1168.19,1106.38,61.81,36759.23
1253,West,Industrial,935.86,876.48,59.38,33531.97
1254,West,Commercial,720.7,593.94,126.76,44525.21
1255,East,Commercial,1416.73,1326.33,90.4,60375.79
1256,West,Residential,899.9,780.75,119.15,32529.7
1257,East,Residential,1233.2,1079.88,153.32,92337.12
1258,West,Industrial,1064.96,894.76,170.2,41488.03
1259,South,Residential,627.92,538.41,89.51,84533.92
1260,North,Commercial,770.39,650.48,119.91,97522.96
1261,East,Residential,1252.82,1148.92,103.9,8456.9
1262,East,Residential,2258.47,1812.62,445.85,43019.27
1263,North,Industrial,868.14,810.61,57.53,13985.99
1264,Central,Industrial,2496.29,2214.38,281.91,11895.51
1265,West,Commercial,2351.94,2169.03,182.91,62794.94
1266,North,Commercial,1238.06,1090.15,147.91,50682.74
1267,West,Commercial,2194.04,1857.43,336.61,27178.99
1268,North,Commercial,2130.72,2000.7,130.02,44222.7
1269,North,Residential,2180.57,2034.44,146.13,16274.01
1270,West,Commercial,1256.97,1013.9,243.07,81404.98
1271,South,Industrial,1973.76,1821.8,151.96,43691.07
1272,South,Residential,713.34,631.19,82.15,19411.41
1273,Central,Industrial,1614.17,1334.94,279.23,66600.95
1274,South,Industrial,703.44,659.25,44.19,28995.86
1275,South,Industrial,531.98,475.69,56.29,70073.51
1276,East,Commercial,1734.67,1403.42,331.25,72775.88
1277,East,Commercial,1027.32,997.53,29.79,51855.26
1278,North,Commercial,1229.48,1154.84,74.64,93132.32
1279,North,Industrial,606.64,572.56,34.08,62813.81
1280,Central,Residential,2182.59,2113.55,69.04,22418.92
1281,West,Industrial,1056.38,916.2,140.18,30133.83
1282,East,Industrial,2386.46,2241.66,144.8,33092.22
1283,North,Commercial,1580.42,1452.51,127.91,68643.62
1284,Central,Residential,1697.01,1517.31,179.7,90896.56
1285,East,Industrial,1833.01,1502.64,330.37,97654.75
1286,West,Industrial,1866.79,1744.72,122.07,44370.35
1287,East,Industrial,1287.74,1184.6,103.14,45435.74
1288,North,Industrial,1198.13,1042.93,155.2,95645.23
1289,Central,Commercial,1415.63,1362.29,53.34,56693.9
1290,West,Residential,585.67,495.97,89.7,7647.72
1291,North,Residential,987.21,925.32,61.89,69119.87
1292,North,Commercial,2345.94,2267.88,78.06,59851.76
1293,Central,Industrial,1464.06,1244.42,219.64,41330.25
1294,East,Commercial,1003.08,869.79,133.29,76063.01
1295,West,Residential,1498.42,1248.48,249.94,35546.05
1296,South,Residential,1750.13,1495.58,254.55,70589.68
1297,Central,Industrial,501.75,443.15,58.6,93151.07
1298,West,Residential,859.82,708.58,151.24,77730.49
1299,West,Residential,1628.76,1472.67,156.09,86759
1300,North,Residential,2317.45,1906.96,410.49,83785.54
1301,West,Residential,2066.57,1676.87,389.7,9505.14
1302,North,Residential,1035.68,927.92,107.76,88375.23
1303,South,Industrial,2376.28,2080.37,295.91,32307.16
1304,South,Residential,1636.95,1375.24,261.71,35800.25
1305,Central,Residential,2312.36,2097.97,214.39,45552.37
1306,East,Residential,1590.26,1291.19,299.07,60658.62
1307,West,Residential,799.2,698.47,100.73,16952.9
1308,North,Residential,1138.96,933.41,205.55,77868.52
1309,East,Commercial,2430.39,2213.21,217.18,68130.59
1310,West,Industrial,2128.33,2028.51,99.82,23983.75
1311,East,Industrial,1192.11,1039.12,152.99,57755.18
1312,East,Residential,1071.44,983.27,88.17,87019.36
1313,North,Residential,2203.61,2044.63,158.98,21312.07
1314,Central,Residential,1608.08,1575.62,32.46,52045.96
1315,South,Industrial,1214.64,993.3,221.34,69992.91
1316,West,Residential,1837.43,1776.35,61.08,46991.77
1317,Central,Industrial,2161.31,2003.64,157.67,24393.87
1318,Central,Industrial,1328.39,1083.23,245.16,91261.36
1319,North,Residential,1200.08,1098.04,102.04,78759.28
1320,East,Commercial,843.67,723.87,119.8,16885.37
1321,West,Industrial,2240.74,2031.12,209.62,73562.88
1322,West,Industrial,1506.86,1208.09,298.77,65818.84
1323,Central,Industrial,1432.98,1236.28,196.7,52759.66
1324,Central,Residential,839.9,745.35,94.55,27018.47
1325,Central,Industrial,1495.19,1391.88,103.31,95461.17
1326,South,Industrial,1011.78,961.85,49.93,24444.36
1327,West,Commercial,2142.46,2074.09,68.37,66592.86
1328,West,Commercial,664.67,535.14,129.53,22656.2
1329,West,Industrial,1342.74,1302.05,40.69,56286.75
1330,North,Commercial,1688.53,1625.7,62.83,64410.46
1331,South,Residential,2279.06,1948.76,330.3,68353.19
1332,South,Residential,1868.59,1568.94,299.65,78316.33
1333,East,Commercial,617,596.3,20.7,67390.64
1334,West,Residential,1697.31,1568.69,128.62,22824.36
1335,East,Residential,2291.1,1894.81,396.29,44505.14
1336,North,Residential,2131.85,1897.7,234.15,7985.55
1337,West,Industrial,1336.67,1095.06,241.61,46224.25
1338,South,Commercial,901.58,839.88,61.7,78461.34
1339,West,Residential,2027.52,1791.59,235.93,24205.26
1340,South,Industrial,723.18,689.51,33.67,53542.69
1341,Central,Commercial,2224.04,1995.65,228.39,52747.76
1342,South,Residential,800.59,705.95,94.64,22198.92
1343,North,Residential,2358.01,2217.59,140.42,17241.15
1344,West,Residential,1377.32,1178.08,199.24,43985.83
1345,South,Residential,965.4,801.44,163.96,18401.39
1346,East,Industrial,1640.43,1598.79,41.64,83759.43
1347,North,Residential,776.8,729.05,47.75,76851.8
1348,North,Residential,1192.87,955.39,237.48,36592.48
1349,North,Residential,521.91,417.95,103.96,56276.43
1350,South,Industrial,1584.95,1403.55,181.4,57618.98
1351,Central,Residential,2075.59,1909.44,166.15,14155.29
1352,West,Commercial,1258.63,1095.65,162.98,95682.32
1353,North,Residential,1762.77,1645.82,116.95,48983.88
1354,East,Residential,517.69,457.97,59.72,31970.35
1355,West,Industrial,937.36,824.91,112.45,52324.16
1356,Central,Commercial,1456.01,1337.46,118.55,48315.91
1357,Central,Industrial,978.78,956.03,22.75,76493.33
1358,West,Residential,1654.94,1513.3,141.64,71842.76
1359,South,Commercial,1706.47,1601.98,104.49,98292.69
1360,Central,Industrial,1047.36,911.87,135.49,24446.33
1361,North,Industrial,1824.08,1749.02,75.06,69435.2
1362,West,Residential,1167.26,984.66,182.6,77375.18
1363,North,Industrial,1590.72,1449.6,141.12,89176.3
1364,Central,Commercial,1332.06,1281.13,50.93,9507.57
1365,West,Residential,1348.61,1140.14,208.47,7953.91
1366,East,Residential,2032.36,1791.3,241.06,52582.36
1367,North,Residential,884.82,731.68,153.14,39388.99
1368,North,Industrial,1383.91,1245.55,138.36,53345.08
1369,Central,Residential,863.02,742.29,120.73,36590.96
1370,Central,Residential,1710.9,1407.25,303.65,24112.97
1371,East,Commercial,992.45,906.57,85.88,27772.47
1372,East,Industrial,1418.05,1251.99,166.06,60567.02
1373,South,Residential,1512.96,1347.27,165.69,50674.57
1374,East,Residential,1234.36,1166.19,68.17,47617.84
1375,Central,Residential,752.31,648.28,104.03,60202.65
1376,Central,Industrial,2157.4,1812.01,345.39,78886.36
1377,North,Industrial,2332.36,1931.22,401.14,34458.74
1378,East,Commercial,1467.12,1211.54,255.58,53383.25
1379,South,Industrial,1677.82,1611.16,66.66,39700.8
1380,East,Industrial,2004.75,1761.73,243.02,51342.85
1381,South,Commercial,537.73,515.29,22.44,41491.52
1382,North,Commercial,516.88,466.78,50.1,64147.3
1383,North,Residential,1669.96,1479.94,190.02,11773.63
1384,Central,Commercial,1047.34,991.01,56.33,14098.91
1385,North,Residential,644,601.74,42.26,12230.65
1386,South,Residential,1283.43,1063.15,220.28,32701.81
1387,North,Residential,1204.59,963.96,240.63,66643.26
1388,South,Commercial,1467.59,1293.44,174.15,58214
1389,Central,Industrial,947.4,814.81,132.59,67600.4
1390,South,Residential,2474.57,2279.08,195.49,53895.65
1391,Central,Industrial,1080.23,909.16,171.07,22034.62
1392,South,Industrial,1337.9,1270.96,66.94,62593.92
1393,East,Industrial,1366.67,1144.72,221.95,82303.03
1394,West,Commercial,2312.36,1946.45,365.91,89615.87
1395,East,Commercial,864.79,765.3,99.49,77722.09
1396,East,Commercial,1738.93,1493.32,245.61,92824.55
1397,North,Commercial,1694.87,1642.74,52.13,49358.46
1398,East,Residential,2420.4,1999.82,420.58,25505.99
1399,East,Commercial,1169.32,1031.01,138.31,40031.18
1400,Central,Industrial,1809.97,1599.63,210.34,21865.32
1401,West,Commercial,1631.95,1366.84,265.11,85570.83
1402,East,Residential,2103.23,1695.01,408.22,86931.67
1403,North,Commercial,1649.04,1437.11,211.93,88217.72
1404,South,Industrial,1432.39,1354.77,77.62,22930.87
1405,East,Residential,2097.57,1919.78,177.79,39232.77
1406,South,Industrial,2033.5,1959.65,73.85,33460.13
1407,Central,Commercial,1114.72,954.63,160.09,66777.86
1408,South,Residential,2385.6,2189.69,195.91,93685.16
1409,North,Commercial,1525.31,1393.62,131.69,67098.1
1410,Central,Industrial,2378.91,2309.25,69.66,15121.66
1411,Central,Industrial,796.57,704.18,92.39,82360.39
1412,East,Residential,815.49,761.12,54.37,55955.78
1413,South,Commercial,1303.38,1221.47,81.91,88148.34
1414,East,Commercial,1159.21,1108.8,50.41,81016.92
1415,South,Industrial,1009.68,953.99,55.69,91366.25
1416,West,Residential,1864.08,1711.04,153.04,93929.32
1417,North,Residential,744.94,660.65,84.29,90415.55
1418,Central,Industrial,1159.68,975.1,184.58,54251.84
1419,East,Commercial,2003.02,1954.95,48.07,71459.16
1420,West,Commercial,2229.42,1865.1,364.32,85708.37
1421,West,Industrial,2154.2,1990.41,163.79,32022.09
1422,West,Commercial,702.17,635.82,66.35,44064.66
1423,West,Commercial,1591.54,1444.36,147.18,88633.11
1424,North,Industrial,922.06,794.78,127.28,63285.41
1425,South,Commercial,642.26,586.58,55.68,86301.83
1426,West,Industrial,2211.11,1925.11,286,56466.55
1427,West,Commercial,2161.18,1949.42,211.76,79402.6
1428,West,Commercial,1436.26,1159.65,276.61,13929.84
1429,South,Residential,1909.07,1596.64,312.43,74497.24
1430,East,Residential,1372.15,1335.79,36.36,51640.55
1431,North,Commercial,2267.66,1916.95,350.71,41732.22
1432,Central,Industrial,567.51,486.91,80.6,32498.29
1433,South,Commercial,1139.4,1001.94,137.46,74542.83
1434,South,Residential,934.81,828.15,106.66,21898.16
1435,South,Industrial,2418.76,2071.56,347.2,7590.61
1436,West,Industrial,1528.68,1309.45,219.23,78839.01
1437,Central,Industrial,1625.23,1386.55,238.68,20459.25
1438,North,Industrial,737.26,644.16,93.1,88848.09
1439,South,Residential,1750.62,1485.42,265.2,22251.84
1440,West,Residential,2196.01,1863.8,332.21,5430.63
1441,North,Commercial,1741.03,1588.52,152.51,86190.91
1442,North,Industrial,1934.32,1864.99,69.33,63831.37
1443,West,Industrial,2304.14,1843.79,460.35,58278.98
1444,East,Commercial,1800.39,1534.09,266.3,21717.86
1445,South,Commercial,710.51,646.75,63.76,59315.26
1446,Central,Industrial,2373.86,2100.92,272.94,64960
1447,East,Residential,877.65,709.56,168.09,36689.29
1448,South,Residential,1750.46,1474.4,276.06,51623.57
1449,Central,Residential,1406.42,1306.4,100.02,82125.45
1450,Central,Commercial,1969.29,1605.6,363.69,64287.8
1451,North,Industrial,941.09,847.78,93.31,34584.8
1452,East,Commercial,1205.51,1051.82,153.69,80012.76
1453,West,Industrial,519.72,498.43,21.29,94375.94
1454,East,Commercial,1361.57,1159.14,202.43,87605.51
1455,South,Commercial,1185.2,1148.07,37.13,13507.05
1456,East,Residential,1420.25,1256.99,163.26,8176.63
1457,East,Industrial,1656.18,1351.12,305.06,61576.37
1458,West,Commercial,1207.31,1123.61,83.7,30499.61
1459,Central,Commercial,1757.34,1493.62,263.72,61023.45
1460,East,Residential,1104.36,909,195.36,38700.67
1461,West,Residential,1868.05,1606.37,261.68,88083.65
1462,Central,Commercial,1175.01,974.05,200.96,30105.27
1463,East,Commercial,1382.21,1163.42,218.79,14242.18
1464,North,Commercial,2433.05,2214.56,218.49,13019.82
1465,Central,Industrial,2289.59,2141.39,148.2,58161.03
1466,North,Industrial,1369.76,1125.27,244.49,61957.15
1467,West,Residential,1632.93,1536.93,96,28670.69
1468,East,Industrial,1297.58,1123.74,173.84,13985.35
1469,West,Residential,2462.87,2285.86,177.01,62679.46
1470,North,Commercial,1937.09,1838.01,99.08,77647.08
1471,West,Industrial,1961.76,1632,329.76,12541.7
1472,North,Industrial,703.58,579.25,124.33,92299.85
1473,Central,Residential,2085.62,1862.87,222.75,6269.16
1474,East,Industrial,942,874.04,67.96,89232.94
1475,South,Commercial,616.81,592.14,24.67,47028.88
1476,Central,Commercial,959.44,919.98,39.46,79645.6
1477,West,Industrial,715.52,659.72,55.8,24223.74
1478,East,Industrial,920.38,766.49,153.89,72048.03
1479,South,Industrial,2066.87,1699.44,367.43,90803.89
1480,North,Industrial,1624.49,1312.24,312.25,88250.63
1481,West,Commercial,1402.48,1358.83,43.65,81449.19
1482,Central,Industrial,2319.02,2134.13,184.89,9270.38
1483,Central,Residential,2093.96,1683.05,410.91,27271.21
1484,Central,Commercial,2458.31,1991.57,466.74,96843.67
1485,North,Residential,1072.49,971.82,100.67,75513.3
1486,Central,Residential,1747.1,1483.34,263.76,67415.11
1487,East,Commercial,2477.72,2425.38,52.34,98722.71
1488,East,Residential,501.4,423.26,78.14,40225.02
1489,East,Residential,570.26,482.11,88.15,27143.04
1490,North,Industrial,1222.96,981.9,241.06,40753.82
1491,South,Residential,1270.8,1149.84,120.96,93867.49
1492,North,Residential,1825.76,1585.92,239.84,55282.85
1493,Central,Industrial,2401.4,1963.5,437.9,46363.31
1494,South,Residential,846.42,816.27,30.15,21560.34
1495,West,Residential,2311.87,1995.65,316.22,91046.53
1496,West,Industrial,1115.59,999.22,116.37,32252.27
1497,South,Residential,1057.93,872.53,185.4,6927.02
1498,East,Residential,1831.91,1672.38,159.53,97478.9
1499,South,Commercial,1871.26,1641.2,230.06,80479.74
1500,Central,Industrial,1283.59,1193.63,89.96,62311.2
1501,North,Commercial,2089.5,1875.04,214.46,71033.57
1502,Central,Commercial,1160.94,999.61,161.33,5888.22
1503,Central,Residential,2282.21,1850.5,431.71,77260.63
1504,East,Industrial,1873.31,1822.45,50.86,6096.31
1505,North,Commercial,1403.44,1328.02,75.42,41248.77
1506,Central,Industrial,684.03,642.47,41.56,53440.6
1507,East,Industrial,1392.9,1298.43,94.47,73696.37
1508,South,Industrial,749.43,682.12,67.31,29227.38
1509,Central,Residential,1585.9,1437.42,148.48,18213.06
1510,South,Industrial,1488.81,1307.33,181.48,95053.93
1511,West,Industrial,1485.9,1331.88,154.02,33456.69
1512,North,Residential,1632.85,1381.96,250.89,92856.74
1513,South,Residential,1329.83,1190.79,139.04,53118.21
1514,Central,Industrial,2340.15,1884.89,455.26,38001.46
1515,East,Commercial,2478.41,2104.9,373.51,66313.14
1516,South,Residential,2245.53,1890.32,355.21,43292.01
1517,South,Residential,574.74,516.23,58.51,74465.58
1518,North,Residential,530.7,512.45,18.25,90818.6
1519,West,Commercial,1417.65,1226.64,191.01,84974.72
1520,East,Commercial,1019.05,945.97,73.08,56998.56
1521,Central,Residential,1718.4,1623.48,94.92,39626.88
1522,West,Industrial,1189.18,976.49,212.69,95666.51
1523,East,Commercial,2132.03,1937.45,194.58,93556.35
1524,West,Industrial,1090.88,962.03,128.85,12856.87
1525,West,Residential,2140.08,1856.9,283.18,57044.25
1526,Central,Residential,1492.4,1301.82,190.58,10402.01
1527,West,Commercial,2487.19,2427.61,59.58,84387.3
1528,East,Industrial,1564.56,1295.3,269.26,6622.08
1529,North,Commercial,1032.69,953.67,79.02,40785.2
1530,South,Industrial,1143.83,1061.49,82.34,90428.37
1531,Central,Commercial,861.51,795.21,66.3,69259.09
1532,North,Commercial,1095.95,888.27,207.68,57189.83
1533,West,Industrial,755,692.23,62.77,69489.96
1534,North,Residential,1270.61,1178.21,92.4,8710.74
1535,South,Commercial,1240.15,1171,69.15,87703.67
1536,West,Industrial,931.87,812.3,119.57,90164.14
1537,West,Residential,847.75,738.03,109.72,8605.87
1538,Central,Commercial,2142.29,1937.63,204.66,90207.39
1539,West,Residential,990.47,828.87,161.6,75467.02
1540,Central,Commercial,905.64,834.7,70.94,10747.31
1541,East,Industrial,1357.04,1320.37,36.67,35813.07
1542,Central,Commercial,1529.13,1244.31,284.82,39234.45
1543,West,Residential,1519.3,1365.7,153.6,84092.64
1544,West,Residential,787.99,761.46,26.53,12493.33
1545,South,Industrial,773.27,668.44,104.83,34268.45
1546,South,Commercial,578.29,493.81,84.48,16998.58
1547,South,Commercial,872.81,806.05,66.76,35486.19
1548,West,Residential,2044.43,1664,380.43,64192.43
1549,East,Commercial,1350.58,1134.43,216.15,82741.77
1550,North,Residential,2191.66,1828.79,362.87,51330.13
1551,West,Industrial,920.64,786.84,133.8,64966.16
1552,West,Industrial,2343.91,2048.55,295.36,12712.88
1553,North,Residential,1602.33,1356.09,246.24,80274.8
1554,Central,Residential,1241.48,1020.93,220.55,90388.7
1555,West,Industrial,2088.41,1964.46,123.95,79470.96
1556,North,Industrial,1012.66,914.92,97.74,63044.51
1557,West,Residential,2017.88,1685.31,332.57,38405.74
1558,Central,Industrial,1578.28,1333.2,245.08,98811.45
1559,West,Industrial,756.01,650.09,105.92,7959.45
1560,West,Commercial,543.23,520.52,22.71,87194.97
1561,East,Commercial,538.04,438.59,99.45,85275.3
1562,East,Industrial,793.2,731.75,61.45,26005.85
1563,South,Residential,1835.02,1776.74,58.28,91115.6
1564,East,Commercial,650.14,622.89,27.25,11801.59
1565,West,Commercial,2379.64,1951.63,428.01,56975.75
1566,North,Commercial,623.22,535.18,88.04,37927.8
1567,North,Residential,1872.42,1762.97,109.45,39676.35
1568,West,Residential,2200.51,2051.79,148.72,84297.68
1569,Central,Industrial,564.78,517.24,47.54,70218.24
1570,Central,Commercial,2012.46,1718.92,293.54,16361.55
1571,North,Residential,1673.96,1356.51,317.45,30496.99
1572,East,Industrial,2253.95,2010.55,243.4,28928.43
1573,West,Industrial,1577.69,1514.94,62.75,47039.05
1574,Central,Industrial,971.39,927.33,44.06,72664.07
1575,South,Residential,1001.09,974.2,26.89,14543.59
1576,Central,Residential,1563.78,1479.62,84.16,19899.97
1577,South,Residential,1351.37,1157.53,193.84,57906.11
1578,North,Industrial,1794.73,1694.25,100.48,93969.9
1579,North,Residential,1650.91,1580.91,70,47428.78
1580,South,Industrial,2011.62,1832.72,178.9,69751.48
1581,West,Commercial,1450.86,1373.56,77.3,7347.88
1582,East,Commercial,1520.63,1254.33,266.3,35052.47
1583,West,Residential,895.1,804.14,90.96,88611.33
1584,South,Commercial,1122.19,993.04,129.15,39763.11
1585,North,Residential,1022.37,909.37,113,79291.74
1586,Central,Industrial,660.22,594.79,65.43,83927.58
1587,East,Commercial,1087.81,958.5,129.31,62597.05
1588,East,Industrial,1541.06,1262.89,278.17,60383.65
1589,West,Commercial,2469.5,2167.79,301.71,65444.87
1590,South,Commercial,1930.34,1834.4,95.94,98174.79
1591,Central,Industrial,1605.06,1417.29,187.77,64931.96
1592,East,Residential,2472.49,2416.17,56.32,67526.41
1593,Central,Commercial,1821.66,1653.22,168.44,6131.5
1594,Central,Industrial,1088.92,910.12,178.8,24337.26
1595,Central,Industrial,793.16,652.38,140.78,9934.02
1596,North,Commercial,1796.47,1586.24,210.23,40705.5
1597,Central,Commercial,2192,2025.16,166.84,99034.14
1598,Central,Residential,1235.6,1184.81,50.79,81533.12
1599,Central,Industrial,1007.15,937.55,69.6,48367.26
1600,East,Industrial,1365.43,1227.75,137.68,62920.3
1601,West,Residential,1267.97,1088.67,179.3,78076.21
1602,Central,Industrial,1125.6,1092.94,32.66,12542.62
1603,North,Commercial,897.36,862.37,34.99,26172.62
1604,East,Residential,1784.36,1686.54,97.82,66578.66
1605,Central,Commercial,2150.63,1731.46,419.17,18260.32
1606,North,Residential,2065.5,1908.82,156.68,82568.95
1607,North,Industrial,1518.9,1404.98,113.92,82248.82
1608,North,Industrial,732.57,610.16,122.41,92916.86
1609,East,Commercial,1027.28,833.23,194.05,72476.92
1610,East,Commercial,2031.13,1704.87,326.26,32856.44
1611,Central,Residential,1844.33,1783.89,60.44,91811.94
1612,East,Residential,2445.48,2263.94,181.54,65936.86
1613,East,Residential,2040.92,1954.05,86.87,69862.1
1614,North,Commercial,2272.86,1980.24,292.62,37720.82
1615,Central,Commercial,1463.28,1410.52,52.76,88435.02
1616,West,Residential,1640.88,1338.94,301.94,28077.53
1617,Central,Residential,709.53,669.44,40.09,30323.45
1618,South,Industrial,609.95,555.76,54.19,58324.81
1619,North,Residential,793.55,724.78,68.77,39641.47
1620,North,Commercial,1636.57,1384.56,252.01,95896.13
1621,North,Residential,837.26,800.18,37.08,69795.14
1622,Central,Residential,1146.93,1057.48,89.45,18846.68
1623,South,Residential,2028.1,1798.32,229.78,86031.14
1624,Central,Commercial,959.33,777.53,181.8,95300.45
1625,Central,Industrial,1290.48,1253.07,37.41,84038.96
1626,West,Residential,1221.11,1107.9,113.21,47445.35
1627,Central,Residential,2115.54,1984.78,130.76,8196.71
1628,North,Commercial,1971.13,1913.2,57.93,85200.26
1629,North,Commercial,1928.34,1819.38,108.96,32501.13
1630,East,Residential,2470.39,2151.95,318.44,41612.68
1631,Central,Residential,923.79,814.61,109.18,12854.46
1632,West,Residential,2176.16,1829.63,346.53,7614.27
1633,South,Residential,1177.36,1023.68,153.68,29787.11
1634,East,Residential,1513.25,1361.98,151.27,15697.8
1635,Central,Industrial,1204.97,980.5,224.47,23668.36
1636,East,Residential,2039.45,1854.18,185.27,62873.22
1637,West,Residential,1530.3,1458.16,72.14,81941.57
1638,North,Residential,1811.24,1582.73,228.51,7670.74
1639,West,Commercial,1311.61,1246.67,64.94,96513.94
1640,Central,Industrial,578.19,516.84,61.35,56961.8
1641,South,Residential,824.16,789.77,34.39,39857.49
1642,North,Commercial,770.85,621.75,149.1,90790.83
1643,West,Industrial,2326.08,1925.46,400.62,16494.38
1644,South,Industrial,1949.73,1689.68,260.05,60215.81
1645,North,Residential,1296.79,1181.71,115.08,87264.45
1646,Central,Industrial,1073.43,1049.92,23.51,51621.82
1647,North,Commercial,1066.47,933.84,132.63,14378.96
1648,South,Industrial,1312,1172.09,139.91,17614.09
1649,South,Industrial,1048.65,1013.97,34.68,18428.28
1650,West,Residential,2059.52,1876.15,183.37,72804.52
1651,North,Residential,2303.15,1972.06,331.09,56691.74
1652,Central,Commercial,1658.52,1384.76,273.76,7532.27
1653,East,Industrial,2399.34,1951.27,448.07,22651.51
1654,North,Commercial,2063.71,2005.03,58.68,6177.69
1655,South,Commercial,787.84,710.9,76.94,25263.27
1656,North,Residential,2130.47,1898.8,231.67,25360.64
1657,North,Commercial,2115.98,2021.15,94.83,31726.6
1658,East,Commercial,2234.08,1803.49,430.59,63788.94
1659,Central,Residential,2256.31,1853.58,402.73,40001.42
1660,East,Commercial,1533.22,1437.49,95.73,26395.68
1661,West,Industrial,2141.65,1853.89,287.76,51870.33
1662,West,Residential,590.22,572.61,17.61,68762.45
1663,South,Residential,1770.44,1506.07,264.37,85101.64
1664,East,Residential,1095.14,924.24,170.9,9549.98
1665,North,Industrial,1646.25,1583.2,63.05,36304.39
1666,West,Industrial,1287.92,1036.9,251.02,65213.1
1667,West,Industrial,2258.78,2107.91,150.87,62857.85
1668,Central,Commercial,714.67,632.25,82.42,72908.84
1669,East,Commercial,1765.8,1549.3,216.5,27106.17
1670,Central,Commercial,770.96,619.37,151.59,73355.26
1671,North,Residential,508.08,419.21,88.87,61951.69
1672,South,Commercial,1752.84,1610.83,142.01,77011.46
1673,North,Commercial,2003.44,1908.79,94.65,83814.96
1674,South,Industrial,1801.71,1736.28,65.43,94668.76
1675,Central,Industrial,1075.16,1025.07,50.09,96798.95
1676,North,Industrial,906.31,826.81,79.5,90871.94
1677,East,Residential,1499.71,1344.89,154.82,99051.21
1678,South,Industrial,2322.67,2269.03,53.64,67981.19
1679,Central,Residential,1912.83,1573.63,339.2,58477.46
1680,South,Commercial,1499.22,1241.02,258.2,59387.22
1681,West,Industrial,1439.57,1383.87,55.7,84881.24
1682,East,Commercial,2227.57,1994.03,233.54,11906.3
1683,West,Residential,1237,1147.81,89.19,44373.17
1684,West,Residential,736.72,671.35,65.37,18631.3
1685,West,Industrial,1274.75,1024.81,249.94,92082.14
1686,West,Residential,2450.73,2290.01,160.72,45302.82
1687,South,Commercial,2212.56,1939.95,272.61,16660.63
1688,East,Industrial,1632.39,1475.01,157.38,85679.72
1689,West,Commercial,2415.3,2273.82,141.48,84581.41
1690,West,Commercial,2196.22,2142.09,54.13,9209.59
1691,North,Industrial,975.25,783.05,192.2,38384
1692,North,Commercial,1138.45,989.71,148.74,49733.46
1693,South,Commercial,674.1,617.77,56.33,95342.08
1694,North,Residential,2339.17,2056.11,283.06,39882.95
1695,Central,Industrial,1900.23,1835.76,64.47,6335.1
1696,East,Commercial,1312.28,1264.73,47.55,94173.48
1697,West,Commercial,1683.44,1614.93,68.51,87116.32
1698,West,Residential,2167.26,2034.43,132.83,82157.86
1699,Central,Industrial,1670.08,1502.95,167.13,92005.09
1700,East,Residential,1019.97,934.21,85.76,27909.02
1701,North,Residential,844.92,716.56,128.36,78625.91
1702,West,Industrial,1118.02,970.19,147.83,92363.18
1703,West,Residential,802.94,734.28,68.66,86905.77
1704,West,Residential,855.23,721.56,133.67,32443.14
1705,North,Commercial,2257.78,1813.96,443.82,97817.06
1706,North,Residential,1122.78,1077.7,45.08,23284.42
1707,West,Residential,1369.55,1239.26,130.29,70759.75
1708,East,Commercial,2120.45,2052.85,67.6,9415.74
1709,East,Residential,2488.52,1996.5,492.02,81062.28
1710,North,Industrial,2445,2344.16,100.84,38063.39
1711,North,Residential,2210.91,1881.46,329.45,79131.35
1712,North,Residential,1650.77,1349.2,301.57,58721.98
1713,Central,Commercial,564.12,515.87,48.25,56009.69
1714,North,Industrial,2103.72,1900.85,202.87,67401.33
1715,South,Commercial,1180.31,1035.24,145.07,63494.94
1716,South,Industrial,1939.74,1674.18,265.56,34135.26
1717,Central,Industrial,1115.02,922.63,192.39,29272.96
1718,North,Residential,2181.18,1844.74,336.44,46768.25
1719,South,Industrial,509.81,488.19,21.62,86780.18
1720,West,Residential,1310.06,1177.99,132.07,27177.8
1721,North,Commercial,853.1,725.79,127.31,24818.4
1722,East,Residential,1086.93,1032.87,54.06,88402.85
1723,Central,Residential,2396.54,2096.99,299.55,80693.5
1724,North,Residential,983.16,850.9,132.26,5007.64
1725,West,Residential,1910.41,1796.73,113.68,19032.02
1726,Central,Commercial,973.37,789.31,184.06,44307.44
1727,Central,Commercial,1090.82,1003.98,86.84,85859.98
1728,West,Commercial,736.73,647.38,89.35,41895.83
1729,South,Industrial,765.65,701.88,63.77,6755.28
1730,South,Industrial,1549.07,1373.34,175.73,25264.77
1731,South,Residential,1015.94,979.54,36.4,48857.63
1732,Central,Commercial,1910.08,1798.75,111.33,56518.92
1733,South,Commercial,625.59,609.62,15.97,13243.86
1734,West,Industrial,1042.88,906.04,136.84,45910.24
1735,West,Industrial,1862.17,1534.99,327.18,6540.2
1736,Central,Commercial,532.2,472.13,60.07,15606.36
1737,Central,Commercial,2288.43,1878.41,410.02,45684.14
1738,West,Industrial,1821.04,1678.36,142.68,69782.98
1739,Central,Residential,1012.82,863.26,149.56,54777.93
1740,North,Industrial,2335.08,2269.91,65.17,97851.86
1741,North,Residential,572.57,471.5,101.07,73039.63
1742,South,Commercial,1151.36,1001.75,149.61,49312.68
1743,North,Industrial,1506.49,1459.69,46.8,31316.21
1744,East,Residential,1964.24,1625.46,338.78,98515.13
1745,North,Commercial,2465.08,2126.78,338.3,91286.77
1746,Central,Commercial,756.02,633.64,122.38,34839.37
1747,Central,Commercial,1052.09,898.74,153.35,61508.8
1748,North,Industrial,2212.66,1999.49,213.17,72245.01
1749,North,Residential,557.9,477.47,80.43,96051.8
1750,West,Commercial,1829.44,1583.33,246.11,85978.9
1751,West,Commercial,603.54,528.7,74.84,49148.23
1752,West,Industrial,1948.08,1839.6,108.48,77735.01
1753,West,Industrial,1491.43,1232.44,258.99,55065.48
1754,East,Residential,777.97,659.95,118.02,99875.98
1755,South,Commercial,2210.5,1953,257.5,7770.3
1756,Central,Commercial,2499.97,2416.95,83.02,44021.75
1757,East,Industrial,1638.88,1582.66,56.22,99397.68
1758,North,Commercial,1681.95,1494.81,187.14,21270.58
1759,North,Commercial,1738.57,1494.92,243.65,55701.53
1760,South,Commercial,1266.39,1074.56,191.83,23007.31
1761,South,Industrial,596.87,546.32,50.55,27552.31
1762,West,Residential,1744.61,1659.43,85.18,98722.13
1763,South,Commercial,888.95,854.7,34.25,85750.5
1764,South,Residential,1610.94,1464.5,146.44,72277.09
1765,South,Industrial,1699.13,1442.17,256.96,11048.96
1766,South,Residential,1137.19,918.95,218.24,7528.04
1767,West,Residential,578.26,512.04,66.22,95500.94
1768,South,Industrial,2389.1,2147.36,241.74,97304.51
1769,East,Residential,792.64,672.49,120.15,7040.63
1770,West,Residential,1876.84,1501.87,374.97,76486.81
1771,North,Residential,2066.83,1863.48,203.35,47498.02
1772,East,Commercial,2137.46,1974.5,162.96,43962.47
1773,East,Residential,1262.98,1116.81,146.17,11475.4
1774,South,Industrial,2423.21,2074.13,349.08,59491.39
1775,West,Commercial,785.84,740.02,45.82,69506.1
1776,West,Industrial,1938.04,1767.6,170.44,56075.63
1777,East,Industrial,2446.59,1972.69,473.9,47990.48
1778,Central,Commercial,2226.89,1874.2,352.69,25159.93
1779,Central,Commercial,1620.37,1468.72,151.65,21665.15
1780,Central,Industrial,2139.47,1768.87,370.6,35939.6
1781,South,Industrial,1077.99,915.69,162.3,65341.19
1782,West,Commercial,941.05,814.4,126.65,17896.59
1783,West,Industrial,589.1,574.15,14.95,25415.43
1784,East,Commercial,1976.54,1701.86,274.68,67141.15
1785,North,Commercial,1211.93,1051.97,159.96,63482.95
1786,North,Residential,1673.61,1506.27,167.34,27211.9
1787,East,Residential,2014.32,1847.77,166.55,88284.86
1788,North,Residential,2091.45,1815.92,275.53,29304.82
1789,South,Residential,1787.93,1435.26,352.67,73840.03
1790,North,Commercial,1328.47,1269.99,58.48,61086.25
1791,North,Industrial,1784.58,1669.41,115.17,19280.1
1792,West,Commercial,1610.1,1557.48,52.62,10099.25
1793,North,Industrial,2015.71,1874.52,141.19,62351.64
1794,South,Industrial,2275.21,1940.29,334.92,55804.3
1795,North,Commercial,1521.24,1393.83,127.41,91735.43
1796,Central,Residential,1464.35,1374.2,90.15,14333.82
1797,North,Industrial,2380.79,1983.99,396.8,11426.36
1798,North,Industrial,2385.7,2099.69,286.01,97602.57
1799,East,Residential,1775.49,1423.82,351.67,65504.74
1800,South,Industrial,827.07,679.72,147.35,31504.16
1801,West,Commercial,1161.47,1005.36,156.11,75873.08
1802,Central,Residential,2057.93,1891.11,166.82,31179.99
1803,East,Commercial,1905.27,1536.5,368.77,57325.86
1804,Central,Residential,1543.77,1482.02,61.75,10033.41
1805,Central,Residential,975.08,857.44,117.64,70579.09
1806,West,Industrial,769.74,644.42,125.32,85456.07
1807,Central,Commercial,1259.98,1155.47,104.51,9541.43
1808,South,Industrial,1932.06,1671.61,260.45,18864.53
1809,West,Industrial,2399.85,2261.71,138.14,38625.98
1810,West,Industrial,1742.87,1684.94,57.93,59785.35
1811,West,Industrial,2298.51,2233.49,65.02,26840.43
1812,East,Commercial,1797.4,1679.58,117.82,82798.66
1813,West,Industrial,1239.95,1210.28,29.67,45510.27
1814,South,Commercial,610.71,565.37,45.34,57734.75
1815,Central,Commercial,1260.77,1072.46,188.31,93336.9
1816,West,Industrial,1209,1126.97,82.03,21977.53
1817,West,Residential,1567.06,1381.42,185.64,91451.2
1818,South,Commercial,1465.5,1425.47,40.03,31618.32
1819,West,Commercial,918.74,834.22,84.52,43822.63
1820,East,Industrial,1731.36,1608.88,122.48,49822.48
1821,Central,Industrial,2249.06,2155.47,93.59,9737.07
1822,Central,Commercial,1736.71,1522.36,214.35,97097.38
1823,North,Commercial,1219.3,1187.57,31.73,31105.53
1824,South,Residential,2146.28,1957.83,188.45,23615.3
1825,South,Residential,852.38,760.93,91.45,10879.72
1826,North,Industrial,2385.94,1986.85,399.09,8917.67
1827,Central,Commercial,2308.64,1864.63,444.01,34949.72
1828,South,Industrial,1699.03,1610.72,88.31,63896.95
1829,Central,Industrial,926.08,759.35,166.73,91320.36
1830,North,Residential,2229.78,1805.69,424.09,91445.16
1831,Central,Residential,775.58,748.57,27.01,20588.95
1832,Central,Residential,1885.9,1537.22,348.68,96219.22
1833,South,Residential,1025.9,1001.81,24.09,56147.6
1834,North,Residential,861.31,774.41,86.9,75286.64
1835,North,Commercial,935,804.02,130.98,97864.94
1836,South,Residential,1598.23,1452.18,146.05,86627.78
1837,North,Commercial,691.44,637.27,54.17,48156.46
1838,Central,Industrial,2365.47,2186.4,179.07,61569.4
1839,West,Industrial,1366.72,1337.14,29.58,58518.88
1840,Central,Commercial,1317.72,1100.06,217.66,20459.41
1841,North,Residential,1604.14,1421.03,183.11,87728.48
1842,Central,Residential,808.11,770.46,37.65,49257.47
1843,South,Industrial,1278.88,1130.53,148.35,46190.32
1844,South,Commercial,1334.38,1070.56,263.82,14213.05
1845,West,Industrial,675.14,626.82,48.32,19918.38
1846,North,Industrial,1178.49,1092.78,85.71,90862.46
1847,Central,Industrial,1455.56,1174.64,280.92,71874.71
1848,East,Industrial,1821.17,1462.56,358.61,75645.55
1849,West,Industrial,1940.09,1598.24,341.85,90844.57
1850,North,Industrial,1278.25,1162.81,115.44,88704.11
1851,Central,Commercial,966.74,840.87,125.87,5365.02
1852,South,Residential,2146.39,1781.22,365.17,75455.71
1853,North,Commercial,1656.3,1349.41,306.89,46669.75
1854,North,Commercial,2027,1746.9,280.1,37175.51
1855,West,Commercial,1842.8,1597.22,245.58,69964.93
1856,West,Commercial,2017.77,1897.99,119.78,66486.91
1857,North,Industrial,1986.7,1772.56,214.14,66493.37
1858,North,Industrial,1736.64,1540.38,196.26,58914.42
1859,North,Industrial,1399.61,1357.87,41.74,44340.38
1860,South,Commercial,2474.18,2041.29,432.89,75286.66
1861,East,Industrial,2238.05,2107.11,130.94,72948.34
1862,Central,Commercial,2177.5,1748.02,429.48,81347.83
1863,West,Industrial,1973.61,1927.2,46.41,6759.52
1864,East,Residential,2088.22,1828.39,259.83,30243.89
1865,North,Industrial,1857,1625.05,231.95,91623.41
1866,West,Industrial,2104.23,1769.28,334.95,75194.36
1867,West,Industrial,2309.15,2023.3,285.85,81156.5
1868,North,Commercial,2129.72,1781.05,348.67,54602.11
1869,South,Commercial,2027.6,1750.92,276.68,86240.93
1870,East,Residential,524.25,442.2,82.05,20598.59
1871,North,Residential,1452.21,1374.45,77.76,37716.25
1872,South,Commercial,2082.07,1854.88,227.19,80253.31
1873,Central,Residential,1557.1,1496.83,60.27,22513.34
1874,South,Industrial,859.28,783.87,75.41,54404
1875,East,Residential,513.9,483.22,30.68,73218.12
1876,North,Residential,1545.19,1284.79,260.4,77848.65
1877,Central,Industrial,1250.88,1215.16,35.72,69980.12
1878,South,Commercial,1734.68,1501.42,233.26,42831.4
1879,West,Residential,1380.84,1162.83,218.01,63645.55
1880,East,Industrial,1592.99,1509.34,83.65,91242.24
1881,West,Residential,2436.17,2026.75,409.42,12540.34
1882,West,Industrial,1617.62,1577.82,39.8,58480.45
1883,West,Commercial,817.13,656.19,160.94,74440.53
1884,East,Industrial,2063.65,1704.95,358.7,77961.43
1885,Central,Industrial,932.28,769.52,162.76,80182.16
1886,West,Industrial,1253.51,1170.94,82.57,20288.57
1887,East,Residential,677.41,625.19,52.22,85060.26
1888,West,Residential,1601.71,1489.32,112.39,79965.08
1889,Central,Residential,2298.75,1980.38,318.37,84177.35
1890,South,Residential,598.83,543.52,55.31,82285.51
1891,South,Industrial,1667.96,1563.35,104.61,84611.69
1892,South,Residential,1249.5,1026.94,222.56,10072.37
1893,Central,Industrial,883.92,792.52,91.4,62411.85
1894,Central,Industrial,1067.17,889.67,177.5,41520.14
1895,South,Residential,640.74,562.87,77.87,43336.46
1896,North,Commercial,1102.27,1034.39,67.88,32801.59
1897,North,Industrial,1858.9,1733.6,125.3,76240.18
1898,Central,Commercial,2406.5,2187.6,218.9,92495.58
1899,West,Industrial,1159.13,1105.48,53.65,93665.1
1900,South,Industrial,975.67,869.93,105.74,47344.28
1901,Central,Commercial,1096.19,978.57,117.62,61295.22
1902,West,Commercial,749.94,607.62,142.32,34369.03
1903,East,Industrial,2277.44,2091.53,185.91,74601.03
1904,North,Residential,2140.86,2043.03,97.83,23899.17
1905,North,Commercial,1982.04,1767.89,214.15,10363.83
1906,East,Commercial,1350.63,1164.18,186.45,84195.4
1907,South,Industrial,1964.16,1887.8,76.36,22627.28
1908,East,Residential,730.23,677.89,52.34,52761.37
1909,North,Industrial,2423.07,1992.5,430.57,13361.41
1910,North,Residential,1536.76,1384.65,152.11,24432.44
1911,South,Residential,860.83,695.42,165.41,31789.67
1912,East,Industrial,2074.65,1924.86,149.79,50193.23
1913,South,Industrial,1805.07,1513.67,291.4,83770.89
1914,East,Residential,1497.08,1200.06,297.02,34630.28
1915,Central,Commercial,771.71,699.27,72.44,43113.25
1916,Central,Industrial,2103.97,1877.07,226.9,12285.82
1917,West,Residential,2269.82,1969.27,300.55,93370.4
1918,North,Industrial,1646.07,1396.99,249.08,29357.86
1919,West,Commercial,1270.58,1239.24,31.34,94956.69
1920,East,Industrial,2391.9,2038.96,352.94,30900.23
1921,North,Residential,656.6,557.39,99.21,67733.55
1922,West,Residential,888.42,869.62,18.8,65890.71
1923,Central,Industrial,1611.82,1409.25,202.57,23852.2
1924,South,Industrial,1368.31,1125.91,242.4,13291.83
1925,North,Residential,1091.34,1047.39,43.95,72735.43
1926,East,Commercial,1448.4,1333.68,114.72,65500.77
1927,West,Commercial,2075.14,1785.97,289.17,84016.29
1928,North,Industrial,1418.04,1201.04,217,68757.49
1929,Central,Commercial,766.83,687.79,79.04,71970.01
1930,Central,Industrial,2127.57,1982.32,145.25,92873.51
1931,South,Industrial,2405.38,2352.23,53.15,81617.4
1932,West,Residential,1679.15,1584.52,94.63,22903.56
1933,South,Industrial,2376.12,1912.78,463.34,49867.89
1934,North,Commercial,2113.32,1699.54,413.78,13202.82
1935,South,Residential,2447.64,2240.93,206.71,88244.66
1936,South,Industrial,1376.58,1216.11,160.47,8444.63
1937,Central,Commercial,1317.9,1177.21,140.69,76169.28
1938,Central,Industrial,885.04,848.87,36.17,82962.03
1939,South,Industrial,1543.91,1240.08,303.83,10104.84
1940,Central,Residential,2434.89,2287.46,147.43,53611.14
1941,East,Industrial,2039.14,1820.61,218.53,20906.28
1942,Central,Industrial,2176.67,1813.19,363.48,40976.23
1943,West,Industrial,2442.37,2111.86,330.51,29326.34
1944,Central,Commercial,1169.01,1082.65,86.36,32576.55
1945,East,Industrial,1274.41,1049.05,225.36,36338.08
1946,East,Residential,838.31,702.77,135.54,88353.12
1947,West,Residential,1890.97,1678.67,212.3,39643.8
1948,East,Industrial,2456.09,2341.19,114.9,26585.02
1949,North,Industrial,763.55,727.3,36.25,61900.73
1950,Central,Residential,2017.74,1897.47,120.27,5309.88
1951,Central,Industrial,611.12,509.75,101.37,26169.17
1952,South,Commercial,1226.89,1195.2,31.69,24089.34
1953,South,Commercial,1710.63,1387.54,323.09,33471.7
1954,North,Industrial,1784.99,1635.25,149.74,77005.79
1955,South,Industrial,1566.25,1424.41,141.84,13036.46
1956,South,Industrial,842.38,688,154.38,75122.97
1957,West,Commercial,1230.18,1005.59,224.59,41244.55
1958,South,Residential,750.5,661.98,88.52,71052.31
1959,West,Industrial,1764.19,1418.94,345.25,24912.58
1960,East,Commercial,1470.39,1325.57,144.82,53172.31
1961,West,Commercial,1694.92,1398.75,296.17,6823.79
1962,Central,Industrial,1049.1,900.41,148.69,6102.26
1963,East,Commercial,1101.58,990.11,111.47,30664.19
1964,Central,Industrial,629.31,592.16,37.15,50573.77
1965,South,Commercial,1682.26,1448.31,233.95,99876.55
1966,North,Residential,525.9,438.11,87.79,20310.51
1967,East,Residential,2377.32,1927.28,450.04,40717.27
1968,North,Industrial,734.09,619.87,114.22,5344.05
1969,North,Residential,1907.22,1789.74,117.48,68500.96
1970,East,Industrial,880.36,857.85,22.51,22423.1
1971,South,Industrial,544.91,508.53,36.38,43330.07
1972,West,Industrial,1339.87,1311.48,28.39,19178.89
1973,Central,Commercial,1150.51,1040.06,110.45,13950.13
1974,East,Commercial,2406.5,2184.88,221.62,58708.36
1975,North,Residential,741.48,673.62,67.86,73504.33
1976,East,Industrial,1978.55,1838.37,140.18,54774.43
1977,North,Residential,1343.09,1111.99,231.1,32904.57
1978,Central,Commercial,674.94,607.66,67.28,47229.62
1979,South,Residential,1048.36,999.77,48.59,38413.23
1980,East,Commercial,1563.3,1516.11,47.19,52309.79
1981,North,Commercial,1589.88,1290.41,299.47,43820.19
1982,South,Commercial,2075.87,1720.17,355.7,17444.79
1983,East,Residential,2323.95,2222.55,101.4,92156.91
1984,North,Commercial,2229.86,2148.36,81.5,48333.74
1985,Central,Commercial,1301.18,1108.35,192.83,60587.5
1986,South,Industrial,1932.4,1873.61,58.79,13462.96
1987,North,Residential,569.27,479.6,89.67,75499.43
1988,South,Industrial,2324.94,2149.12,175.82,25129.91
1989,West,Industrial,2094,1744.84,349.16,29167.35
1990,Central,Commercial,565.49,452.43,113.06,47219.93
1991,West,Industrial,2271.26,1950.28,320.98,13939.24
1992,East,Industrial,2101.71,1916.91,184.8,80593.12
1993,Central,Commercial,848.43,731.66,116.77,24516.04
1994,East,Residential,759.17,676.32,82.85,7269.11
1995,North,Residential,550.34,450.47,99.87,90035.21
1996,South,Commercial,2281.77,2157.8,123.97,68409.06
1997,East,Industrial,1970.21,1595.03,375.18,34808.41
1998,Central,Commercial,1936.58,1884.31,52.27,80972.17
1999,West,Industrial,1738.4,1648.15,90.25,76811.74
2000,East,Residential,2004.45,1937.89,66.56,51304.53
2001,Central,Industrial,1831.5,1562.13,269.37,80477.45
2002,Central,Industrial,1625.53,1348.09,277.44,19290.86
2003,North,Residential,2323.14,2216.34,106.8,90543.75
2004,Central,Residential,799.78,711.17,88.61,17996.21
2005,Central,Commercial,971.84,779.97,191.87,9277.46
2006,South,Residential,1093.19,911.24,181.95,80008.96
2007,East,Residential,2381.6,1999.02,382.58,57421.04
2008,North,Commercial,1013.79,992.34,21.45,34146.74
2009,South,Commercial,558.47,517.02,41.45,38906.34
2010,North,Residential,2493.37,2152.38,340.99,12923.49
2011,East,Commercial,808.48,747.39,61.09,88866.57
2012,Central,Commercial,2415.29,2208.6,206.69,61392.98
2013,Central,Commercial,1159.51,1019.6,139.91,86295.2
2014,North,Residential,2215.26,1974.2,241.06,19825.93
2015,North,Commercial,2008.71,1771.46,237.25,42615.52
2016,East,Commercial,1556.75,1275.94,280.81,26448.98
2017,Central,Residential,1570.86,1531.17,39.69,42424.33
2018,East,Residential,746.29,666.82,79.47,7770.67
2019,West,Industrial,1982.34,1708.05,274.29,70665.71
2020,North,Residential,1164.22,1118.72,45.5,47821.43
2021,West,Industrial,1583.93,1527.38,56.55,85376.82
2022,North,Commercial,742.46,689.91,52.55,23230.34
2023,Central,Residential,1218.54,1126.89,91.65,95644.96
2024,South,Industrial,1533.79,1296.51,237.28,76375.79
2025,East,Commercial,938.77,783.75,155.02,22985.34
2026,South,Industrial,1478.34,1208.01,270.33,74224.4
2027,West,Industrial,2384.55,2024.53,360.02,37223.32
2028,Central,Commercial,1763.81,1727.09,36.72,36637.45
2029,North,Residential,600.45,535.47,64.98,16076.28
2030,East,Residential,1675.58,1386.37,289.21,40145.87
2031,Central,Residential,1664.49,1411.1,253.39,38646.24
2032,East,Residential,2264.41,2124.88,139.53,90772.43
2033,Central,Commercial,1855.72,1761.31,94.41,14938.68
2034,North,Industrial,2362.49,2204.3,158.19,59525.1
2035,South,Industrial,1545.65,1385.14,160.51,83560.9
2036,East,Industrial,2450.57,2212.97,237.6,19640.76
2037,West,Commercial,2050.96,1728.23,322.73,62407.69
2038,South,Industrial,2203.4,1812.14,391.26,97091.61
2039,West,Commercial,2438.17,2385.62,52.55,91529.84
2040,South,Commercial,1947.92,1891.55,56.37,59421.27
2041,North,Industrial,2004.88,1823.08,181.8,76186.37
2042,South,Industrial,1946.23,1663.3,282.93,31631.45
2043,North,Residential,2482.48,2364.19,118.29,67159.28
2044,North,Commercial,1245.82,1068.07,177.75,99847.12
2045,South,Residential,1901.86,1822.99,78.87,85746.86
2046,North,Commercial,549.8,462.84,86.96,47165.32
2047,West,Residential,845.05,678.19,166.86,48769.39
2048,East,Industrial,1595.7,1429.87,165.83,36060.97
2049,East,Residential,2206.14,1966.6,239.54,50790.83
2050,North,Industrial,1274.45,1211.91,62.54,42943.43
2051,East,Commercial,1007.18,955.47,51.71,95417.79
2052,Central,Industrial,1883.34,1787.1,96.24,24759.35
2053,South,Industrial,1738.33,1701.38,36.95,94358.18
2054,Central,Residential,1591.31,1501.89,89.42,65640.71
2055,South,Residential,736.28,716,20.28,70963.41
2056,West,Commercial,1596.67,1429.64,167.03,51622.14
2057,South,Residential,1650.69,1468.57,182.12,57114.66
2058,Central,Residential,893.29,759.54,133.75,50477.51
2059,West,Residential,608.97,497.22,111.75,19010.45
2060,West,Commercial,1348.81,1249.11,99.7,32420.48
2061,West,Industrial,2217.67,2023.82,193.85,74896.49
2062,East,Industrial,622.18,582.12,40.06,54668.8
2063,South,Industrial,1766.63,1715.52,51.11,42400.92
2064,Central,Commercial,1532.91,1242.53,290.38,44190.51
2065,East,Commercial,1208.84,1110.08,98.76,12765.52
2066,North,Commercial,2208.08,1814.43,393.65,6936.5
2067,East,Commercial,1115.99,936.37,179.62,47883.16
2068,North,Residential,1515.06,1468.97,46.09,78644.06
2069,North,Residential,1814.39,1457.07,357.32,30135.17
2070,West,Residential,805.71,668.16,137.55,37339.06
2071,South,Industrial,2114.77,1697.19,417.58,48313.91
2072,Central,Commercial,504.77,470.87,33.9,34115.88
2073,West,Commercial,666.45,633.35,33.1,69133.66
2074,West,Industrial,2264.93,2005.02,259.91,57944.49
2075,South,Industrial,1381.09,1257.87,123.22,66327.79
2076,North,Commercial,1476.47,1188.59,287.88,96853.04
2077,Central,Industrial,2013.09,1846.21,166.88,26411.51
2078,West,Commercial,1714.65,1667.62,47.03,73530.61
2079,East,Industrial,552.83,491.15,61.68,72779.46
2080,East,Commercial,1558.61,1479.49,79.12,23574.48
2081,South,Residential,1253.54,1227.38,26.16,50105.95
2082,South,Residential,889.13,776.29,112.84,82852.2
2083,South,Commercial,651.58,522.53,129.05,71780.54
2084,North,Commercial,904.41,776.57,127.84,35088.29
2085,West,Commercial,1188.94,993.54,195.4,33092.26
2086,North,Commercial,1163.06,1078.05,85.01,46791.72
2087,South,Commercial,1753.65,1564.56,189.09,80397.94
2088,South,Commercial,1737.39,1658.75,78.64,25265.53
2089,East,Residential,1099.41,1067.2,32.21,31459.98
2090,North,Residential,2367.81,1953.26,414.55,60315.7
2091,East,Residential,2364.15,2102.13,262.02,58339.42
2092,North,Industrial,1721.13,1410.57,310.56,48401.02
2093,Central,Industrial,1710.96,1408.59,302.37,80999.9
2094,East,Commercial,1098.21,976.59,121.62,57071.93
2095,East,Commercial,1595.82,1542.29,53.53,49579.6
2096,East,Industrial,1191.08,1060.17,130.91,5508.98
2097,Central,Industrial,1927.89,1844.61,83.28,26513.98
2098,East,Industrial,1061.27,946.57,114.7,51642.75
2099,South,Commercial,512.94,442.82,70.12,7672.12
2100,East,Industrial,1397.76,1302.54,95.22,60939.91
2101,South,Industrial,573.4,530.81,42.59,38651.9
2102,South,Industrial,2165.5,2094.17,71.33,28512.69
2103,South,Industrial,1829.74,1470.34,359.4,45779.8
2104,South,Industrial,1657.57,1406.52,251.05,65075.21
2105,North,Commercial,673.29,617.03,56.26,87860.47
2106,South,Commercial,1148.13,963,185.13,58876.22
2107,South,Commercial,746.86,633.33,113.53,31312.77
2108,Central,Commercial,1066.49,992.71,73.78,50451.01
2109,Central,Commercial,1042.8,974.55,68.25,29604.69
2110,North,Residential,810.16,652.12,158.04,22895.09
2111,West,Residential,1334.29,1091.54,242.75,60140
2112,South,Residential,1665.86,1430.23,235.63,93508.18
2113,East,Industrial,1971.77,1651.04,320.73,89406.93
2114,Central,Commercial,1285.45,1243.39,42.06,61037.13
2115,East,Industrial,2431.95,2132.52,299.43,42010.59
2116,West,Commercial,759.81,651.49,108.32,94732.72
2117,East,Commercial,1355.12,1211.73,143.39,23173.79
2118,South,Commercial,1861.84,1720.63,141.21,84952.7
2119,Central,Commercial,2359.68,2301.27,58.41,55040.91
2120,South,Commercial,1595.3,1549.99,45.31,25616.76
2121,East,Residential,1860.53,1541.98,318.55,82601.15
2122,North,Commercial,1092.79,961.7,131.09,51039.83
2123,East,Industrial,1558.36,1285.47,272.89,27779.6
2124,East,Commercial,1975.18,1919.61,55.57,41302.71
2125,West,Industrial,1303.86,1064.9,238.96,83796.01
2126,East,Industrial,2084.77,1926.95,157.82,86780.57
2127,South,Industrial,1217.35,1106.06,111.29,80396.89
2128,West,Commercial,2027.81,1653.6,374.21,17668.76
2129,North,Commercial,849.13,703.44,145.69,40598.85
2130,North,Commercial,1454.2,1379.18,75.02,84886.93
2131,East,Industrial,1934.62,1693.06,241.56,61432.77
2132,South,Residential,1192.95,982.9,210.05,45542.88
2133,South,Industrial,813.99,708.7,105.29,68283.19
2134,South,Residential,1032.62,829.84,202.78,14651.14
2135,West,Industrial,1140.1,1022.76,117.34,82666.29
2136,North,Commercial,1673.54,1448.36,225.18,91581.68
2137,South,Commercial,2017.85,1686.63,331.22,42341.05
2138,West,Residential,969.32,863.94,105.38,67448.23
2139,South,Commercial,2399.2,2280.77,118.43,78217.77
2140,South,Residential,1995.04,1852.65,142.39,84812.44
2141,East,Residential,1132.38,957.74,174.64,6004.33
2142,West,Commercial,760.4,715.7,44.7,17414.82
2143,Central,Residential,516.24,498.86,17.38,55631.58
2144,South,Commercial,2448.23,2198.97,249.26,27691.03
2145,West,Industrial,2496.19,2428.65,67.54,88897.69
2146,Central,Commercial,759.23,732.43,26.8,39839.03
2147,South,Industrial,1040.5,868.39,172.11,85786.05
2148,North,Commercial,1359.15,1268.54,90.61,80842.3
2149,Central,Commercial,1527.59,1235.7,291.89,35521.92
2150,East,Industrial,2213.36,1790.97,422.39,27942.98
2151,West,Commercial,809.12,785.54,23.58,70676.66
2152,East,Commercial,1121.9,981.06,140.84,15630.8
2153,South,Residential,1329.57,1295.72,33.85,13154.28
2154,East,Commercial,987.72,918.17,69.55,64022.14
2155,East,Commercial,2038.24,1674.61,363.63,50063.52
2156,West,Commercial,1505.42,1291.74,213.68,41343.13
2157,North,Commercial,1900.87,1782.82,118.05,17106.22
2158,East,Commercial,1980.43,1746.5,233.93,79437.24
2159,North,Commercial,1875.6,1594.49,281.11,98821.99
2160,South,Residential,817.48,721.59,95.89,39620.13
2161,North,Industrial,1046.57,913.23,133.34,15608.19
2162,Central,Commercial,2298.08,1899.96,398.12,59939.98
2163,South,Industrial,884.9,745.66,139.24,47989.5
2164,South,Industrial,1762.58,1643.46,119.12,31112.78
2165,West,Industrial,1494.08,1223.14,270.94,57390.11
2166,West,Commercial,1846.76,1554.53,292.23,45424.68
2167,North,Commercial,1897.13,1635.9,261.23,54343.58
2168,Central,Residential,1259.4,1024.36,235.04,97720.36
2169,South,Commercial,2026.24,1774.26,251.98,60776.38
2170,West,Commercial,1855.59,1742.94,112.65,33525.55
2171,South,Residential,1649.61,1502.18,147.43,30953.46
2172,Central,Industrial,1813.42,1650.05,163.37,62716.33
2173,South,Industrial,912.98,893.69,19.29,38841.69
2174,West,Industrial,535.83,502.68,33.15,99358.98
2175,East,Commercial,1820.1,1487.11,332.99,96040.02
2176,East,Industrial,670.7,574.23,96.47,43289.34
2177,Central,Industrial,1342.5,1095.17,247.33,44892.16
2178,South,Commercial,1113.02,1053.22,59.8,89592.01
2179,West,Residential,678.4,606.79,71.61,13157.72
2180,West,Commercial,1861.87,1657.81,204.06,55595.08
2181,West,Industrial,2494.29,2346.21,148.08,99174.68
2182,South,Industrial,2455.52,2153.1,302.42,93360.01
2183,East,Industrial,2200.93,1804.66,396.27,46280.44
2184,West,Industrial,2173.84,1879.95,293.89,26874.9
2185,South,Industrial,1101.35,982.16,119.19,49566.89
2186,West,Industrial,1966.5,1819.67,146.83,61825.29
2187,South,Commercial,1072.04,968.75,103.29,8741.63
2188,East,Commercial,2328.28,1868,460.28,20563.55
2189,South,Commercial,1850.52,1510.33,340.19,21990.47
2190,South,Commercial,1791.34,1669.9,121.44,74292.79
2191,South,Residential,1309.68,1061.21,248.47,58030.04
2192,North,Commercial,2082.47,1823.45,259.02,62333.45
2193,South,Industrial,1342.18,1141.31,200.87,26576.74
2194,West,Industrial,2436.61,2227.11,209.5,66949.98
2195,South,Commercial,629.77,598.8,30.97,26520.19
2196,West,Residential,932.53,769.42,163.11,25071.82
2197,North,Commercial,2098.83,1788.39,310.44,40695.72
2198,Central,Residential,1319.37,1290.44,28.93,23239.64
2199,East,Industrial,1112.66,1005.29,107.37,99986.03
2200,South,Residential,1855.48,1542.22,313.26,56845.71
2201,East,Industrial,1406.91,1195.93,210.98,64132.66
2202,East,Residential,1224.93,1153.14,71.79,96419.97
2203,North,Industrial,1464.25,1200.16,264.09,87293.23
2204,East,Industrial,2160.63,1909.2,251.43,85666.15
2205,West,Commercial,1370.79,1331.33,39.46,38104.2
2206,South,Commercial,1033.67,995.85,37.82,8598.23
2207,South,Residential,2258.13,2183.41,74.72,11919.24
2208,Central,Industrial,578.42,527.78,50.64,54273.64
2209,West,Residential,1857.38,1550.14,307.24,88125.92
2210,East,Industrial,549.81,517.25,32.56,8558.12
2211,South,Industrial,1439.5,1285.62,153.88,23602.33
2212,East,Commercial,2037.86,1646,391.86,18626.88
2213,South,Industrial,743.81,710.61,33.2,82157.06
2214,Central,Residential,1820.89,1716.27,104.62,74970.26
2215,North,Industrial,2301.5,1952.23,349.27,90366.89
2216,East,Industrial,1407.42,1173.91,233.51,40086.51
2217,West,Residential,2431.26,2318.65,112.61,33920.96
2218,East,Commercial,547.22,533.53,13.69,64386.36
2219,South,Industrial,1559.92,1427.84,132.08,45546.07
2220,Central,Residential,2147.5,1778.36,369.14,90824.72
2221,West,Industrial,2302.09,2015.64,286.45,41491.38
2222,North,Industrial,1063.6,870.81,192.79,90338.22
2223,Central,Residential,1045.06,923.67,121.39,75439.94
2224,South,Commercial,1737.11,1416.44,320.67,43967.19
2225,North,Commercial,2409.57,2345.47,64.1,31626.22
2226,West,Commercial,1535.27,1421.77,113.5,49196.47
2227,South,Commercial,2322.86,2087.27,235.59,95596.16
2228,Central,Industrial,606.53,585.41,21.12,90590.36
2229,West,Residential,2474.65,2414.53,60.12,35853.4
2230,North,Commercial,2069.06,1800.97,268.09,6955.34
2231,West,Residential,1578.29,1435.99,142.3,70395.4
2232,East,Industrial,867.54,833.22,34.32,78300.04
2233,North,Commercial,1134.48,1076.26,58.22,46437.8
2234,East,Industrial,1144.81,954.89,189.92,32171.72
2235,East,Residential,940.76,763.13,177.63,50946.96
2236,East,Residential,825.43,764.61,60.82,89139.72
2237,West,Residential,563.27,480.94,82.33,59994.51
2238,South,Residential,871.03,761.56,109.47,75208.75
2239,East,Residential,1482.28,1355.95,126.33,80042.23
2240,Central,Industrial,1701.77,1664.94,36.83,89390.38
2241,North,Industrial,2486.42,2428.38,58.04,85625.35
2242,North,Residential,1728.25,1484.59,243.66,24233.21
2243,Central,Residential,1752.09,1402.24,349.85,93354.33
2244,East,Residential,1156.88,1115.37,41.51,12755.71
2245,Central,Residential,1388.36,1218.65,169.71,16808.84
2246,West,Commercial,2085.49,1886.98,198.51,84909.91
2247,East,Commercial,1479.63,1289.79,189.84,29385.25
2248,South,Commercial,2137.59,1996.37,141.22,97525.83
2249,North,Commercial,2085.16,1873.19,211.97,6475.85
2250,East,Residential,2024.79,1870.53,154.26,50132.83
2251,East,Commercial,2133.19,1732.76,400.43,39345.35
2252,South,Commercial,2454.76,1988.66,466.1,98294.86
2253,East,Residential,1820.66,1545.81,274.85,62005.61
2254,West,Residential,1412.17,1253.3,158.87,57995.2
2255,West,Commercial,2382.2,2307.89,74.31,35629.21
2256,South,Residential,1050.79,951.52,99.27,41789.44
2257,North,Industrial,1908.98,1693.3,215.68,33285.14
2258,Central,Residential,718.4,581.61,136.79,15430.02
2259,West,Commercial,703.49,634.65,68.84,80275.79
2260,South,Commercial,896,812.01,83.99,86272.85
2261,Central,Industrial,2179.94,1746.57,433.37,53710.56
2262,West,Industrial,2190.32,1890.72,299.6,12892.79
2263,North,Residential,1605.73,1542.47,63.26,52775.64
2264,East,Industrial,2187.33,1843.48,343.85,34782.58
2265,North,Commercial,1468.63,1373.39,95.24,8474.39
2266,South,Commercial,1747.24,1533.36,213.88,7133.33
2267,North,Residential,969.74,908.35,61.39,45011.76
2268,West,Residential,559.7,534.34,25.36,16535.79
2269,East,Commercial,1865.89,1764.81,101.08,42200
2270,South,Commercial,1339.05,1211.9,127.15,17344.09
2271,Central,Residential,1375.72,1284.85,90.87,65300.41
2272,North,Industrial,1914.47,1629.84,284.63,53777.22
2273,Central,Residential,781.03,750.68,30.35,83815.32
2274,South,Commercial,1311.65,1073.24,238.41,47290.2
2275,South,Residential,2266.42,2140.21,126.21,95115.44
2276,East,Commercial,1199.04,1102.63,96.41,65547.21
2277,West,Industrial,973.21,784.67,188.54,76750.08
2278,Central,Residential,2042.5,1939.19,103.31,51903.75
2279,West,Commercial,1013.64,965.65,47.99,96121.79
2280,Central,Residential,548.55,513.14,35.41,51892.29
2281,South,Residential,1178.61,983.05,195.56,15235.78
2282,Central,Commercial,692.44,657.19,35.25,38392.73
2283,West,Residential,2135.8,2052.03,83.77,78486.7
2284,South,Commercial,1579.02,1360.03,218.99,88930.32
2285,South,Industrial,1756.7,1642.29,114.41,38580.96
2286,South,Commercial,825.21,761,64.21,77385.56
2287,East,Residential,614.5,530.14,84.36,23954.27
2288,Central,Industrial,1710.67,1613.75,96.92,83400.82
2289,Central,Commercial,1663.54,1557.85,105.69,80285.61
2290,South,Residential,1967.21,1890.83,76.38,17404.56
2291,West,Residential,2022.37,1696.72,325.65,72426.01
2292,West,Commercial,1991.6,1778.89,212.71,31907.77
2293,West,Industrial,554.72,508.76,45.96,95051.65
2294,East,Residential,1008.86,837.07,171.79,68352.14
2295,North,Residential,1189.93,1104.1,85.83,87812.34
2296,South,Residential,2253.92,1874.32,379.6,10481.46
2297,East,Industrial,1577.4,1271.7,305.7,83438.58
2298,South,Industrial,794.24,737.16,57.08,60991.96
2299,East,Residential,2281.38,1945.05,336.33,75416.37
2300,North,Residential,1782.9,1583.8,199.1,29990.3
2301,West,Industrial,2023.1,1833.56,189.54,69377.56
2302,North,Residential,1695.58,1430.16,265.42,76400.4
2303,Central,Industrial,585.1,470.37,114.73,29548.93
2304,West,Commercial,760.34,687.43,72.91,25946.23
2305,East,Industrial,1869.09,1612.1,256.99,67242.71
2306,South,Industrial,694.23,645.23,49,69729.02
2307,North,Commercial,2154.63,1888.96,265.67,57835.74
2308,South,Commercial,1703.11,1529.29,173.82,14869.22
2309,West,Industrial,2009.6,1853.88,155.72,38546.64
2310,East,Commercial,1695.19,1592.99,102.2,26865.29
2311,Central,Industrial,1478.44,1280.06,198.38,35407.78
2312,West,Industrial,1584.64,1447.73,136.91,56299.59
2313,South,Industrial,1512.37,1465.95,46.42,82266.77
2314,North,Commercial,2390.06,2328.31,61.75,7856.56
2315,West,Residential,558.37,490.08,68.29,77015.08
2316,Central,Commercial,2406.6,2185.47,221.13,49911.47
2317,Central,Industrial,2143.3,1991.79,151.51,52338.44
2318,Central,Residential,557.34,537.48,19.86,22859.94
2319,West,Residential,2078.07,1964.62,113.45,78771.57
2320,North,Industrial,1495.56,1220.29,275.27,59731.18
2321,North,Commercial,922.06,803.39,118.67,42686.97
2322,South,Residential,2392.19,2172.07,220.12,27531.14
2323,North,Residential,1293.24,1227.9,65.34,74147.11
2324,Central,Commercial,2482.44,2352.93,129.51,97392.23
2325,East,Residential,1716.18,1443.19,272.99,28586.46
2326,West,Commercial,1537.77,1253.74,284.03,47858.34
2327,Central,Industrial,1776.09,1517.79,258.3,96271.57
2328,West,Residential,2344.28,2263.58,80.7,20010.1
2329,Central,Residential,1303.19,1195.87,107.32,93371.57
2330,East,Residential,1437.57,1243.09,194.48,53073.42
2331,East,Industrial,560.05,507.04,53.01,10656.54
2332,East,Residential,1224.88,1066.41,158.47,84257.03
2333,North,Residential,704.88,608.37,96.51,10187.59
2334,West,Residential,2361.16,2130.08,231.08,59240.53
2335,West,Commercial,1840.26,1550.87,289.39,13550.05
2336,Central,Industrial,699.42,651.82,47.6,31988.83
2337,South,Commercial,783.74,637.95,145.79,32035.93
2338,West,Residential,1043.81,875.19,168.62,93460.99
2339,East,Commercial,2154.71,1960.62,194.09,79078.65
2340,North,Commercial,2236.77,2180.59,56.18,33500.38
2341,Central,Commercial,1919.21,1814.93,104.28,95912.81
2342,South,Industrial,1979.17,1592.5,386.67,62955.45
2343,North,Commercial,584.08,529.75,54.33,99398.08
2344,North,Residential,1373.31,1267.42,105.89,83774.69
2345,East,Industrial,726.18,615.28,110.9,91003.02
2346,North,Industrial,1063.22,1020.53,42.69,8402.84
2347,West,Commercial,833.16,697.09,136.07,88747.18
2348,East,Residential,1293.14,1129.38,163.76,5055.63
2349,East,Commercial,950.93,875.44,75.49,33716.98
2350,East,Commercial,1758.51,1476.24,282.27,46053.05
2351,South,Industrial,2350.22,1999.87,350.35,70058.23
2352,South,Industrial,2356.62,1937.32,419.3,65755.18
2353,Central,Commercial,1578.93,1528.52,50.41,70601.56
2354,North,Industrial,1959.76,1837.72,122.04,36914.88
2355,Central,Commercial,1494.35,1296.99,197.36,21633.36
2356,North,Commercial,1989.81,1716.52,273.29,99861.99
2357,South,Residential,1664.85,1392.21,272.64,98986.63
2358,Central,Industrial,953.3,768.87,184.43,51981.8
2359,North,Commercial,1653.58,1545.15,108.43,51449.72
2360,East,Residential,2084.1,1842.51,241.59,61759.95
2361,North,Industrial,1513.43,1443.01,70.42,55735.52
2362,East,Industrial,2257.84,2062.94,194.9,95332.15
2363,North,Residential,1523.49,1367.84,155.65,17468.2
2364,East,Industrial,1548.32,1390.61,157.71,75023.2
2365,West,Industrial,1266.7,1081.22,185.48,52347.4
2366,South,Residential,1032.22,964.91,67.31,45805.87
2367,North,Industrial,627.71,557.61,70.1,8800.96
2368,West,Industrial,1605.4,1414.93,190.47,26046.2
2369,East,Commercial,1344.28,1146.55,197.73,29283.87
2370,South,Commercial,1552.58,1322.66,229.92,76586.23
2371,East,Residential,2324.01,2091.92,232.09,19665.31
2372,South,Industrial,1904.19,1648.94,255.25,59426.63
2373,East,Residential,958.04,900.23,57.81,30559.05
2374,West,Industrial,1138.91,943.32,195.59,94753.98
2375,East,Commercial,1865.31,1791.61,73.7,42839.08
2376,West,Commercial,757.75,673.38,84.37,14098.14
2377,North,Commercial,1338.82,1249.02,89.8,57844.08
2378,West,Residential,1560.32,1401.99,158.33,88864.88
2379,North,Residential,1463.87,1398.52,65.35,49892.46
2380,East,Industrial,1380.74,1269.31,111.43,12337.91
2381,West,Commercial,508.37,470.43,37.94,64806.26
2382,Central,Commercial,1943.9,1749.32,194.58,49903.89
2383,West,Industrial,1339.36,1165.4,173.96,93192.2
2384,West,Commercial,2164.1,1740.99,423.11,36455.59
2385,East,Industrial,2065.18,1759.84,305.34,41922.76
2386,South,Industrial,692.33,624.19,68.14,16347.05
2387,North,Residential,625.83,588.94,36.89,64795.33
2388,West,Commercial,1976.05,1599.27,376.78,30751.35
2389,Central,Commercial,2391,1987.76,403.24,98075.45
2390,North,Commercial,1516.03,1252.15,263.88,60535.79
2391,South,Commercial,1802.94,1451.1,351.84,28985.99
2392,North,Industrial,1251.79,1105.69,146.1,22642.8
2393,North,Residential,1209.65,1090.79,118.86,23264.09
2394,South,Commercial,2448.68,2399.49,49.19,69603.31
2395,East,Residential,736.64,645.58,91.06,5080.59
2396,West,Commercial,816.34,721.08,95.26,92336.64
2397,East,Commercial,1250.09,1213.28,36.81,81247.5
2398,East,Commercial,1717.91,1427.61,290.3,16887.27
2399,West,Commercial,904.01,770,134.01,87867.56
2400,West,Residential,1908.41,1541.18,367.23,66300.24
2401,North,Residential,1800.34,1732.59,67.75,62821.57
2402,East,Commercial,1260.24,1037.33,222.91,26417.68
2403,South,Industrial,732.86,707.63,25.23,17451.78
2404,West,Industrial,1055.96,937.45,118.51,91899.24
2405,West,Residential,1556.45,1497.73,58.72,25282.04
2406,East,Residential,1022.09,980.91,41.18,88543.31
2407,North,Industrial,1471.02,1351.77,119.25,65758.56
2408,West,Commercial,1511.69,1286.5,225.19,72904.13
2409,South,Industrial,2458.04,2270.42,187.62,18941.01
2410,South,Residential,1034.42,975.53,58.89,43583.5
2411,West,Industrial,593.71,539.93,53.78,73592.77
2412,South,Industrial,2358.52,2261.08,97.44,7075.54
2413,East,Residential,623.09,554.53,68.56,48133.79
2414,East,Residential,1778.84,1473.81,305.03,71191.34
2415,West,Industrial,1113.46,941.94,171.52,92295.99
2416,West,Industrial,2091.4,1719.22,372.18,47576.11
2417,South,Residential,555.42,445.58,109.84,42171.62
2418,South,Residential,911.34,879.48,31.86,53989.24
2419,West,Commercial,859.35,779.33,80.02,17675.52
2420,Central,Industrial,1632.16,1531.68,100.48,79825.34
2421,East,Industrial,1661.09,1523.89,137.2,17433.81
2422,Central,Residential,1678.83,1561.03,117.8,34715.8
2423,North,Commercial,670.39,645.83,24.56,8112.58
2424,North,Residential,587.26,490.36,96.9,10146.74
2425,West,Commercial,667.84,546.76,121.08,82513.81
2426,East,Industrial,1364.84,1257.55,107.29,14176.22
2427,Central,Residential,886.54,771.94,114.6,12981.2
2428,South,Commercial,1702.98,1600.31,102.67,56319.95
2429,South,Industrial,2292.25,2146.47,145.78,29152.63
2430,North,Industrial,2216.66,2172.03,44.63,17148.51
2431,South,Residential,1875.89,1643.88,232.01,43938.74
2432,North,Commercial,2153.27,1869.54,283.73,98001.75
2433,West,Residential,1952.94,1780.63,172.31,97484.83
2434,South,Industrial,2471.91,2374.28,97.63,52378.83
2435,South,Commercial,796,733.19,62.81,88733.8
2436,Central,Industrial,1337.58,1235.5,102.08,26722.53
2437,South,Commercial,1660.27,1604.02,56.25,95336.32
2438,North,Commercial,847.41,785.64,61.77,19598.44
2439,South,Residential,1407.15,1220.12,187.03,65920.39
2440,West,Industrial,598.57,490.45,108.12,16318.33
2441,Central,Residential,1661.08,1402.81,258.27,21524.47
2442,West,Commercial,1347.36,1111.04,236.32,5496.5
2443,Central,Residential,2389.84,1961.59,428.25,29028.9
2444,North,Industrial,849.72,761.43,88.29,97732.4
2445,North,Commercial,672.87,613.19,59.68,51998.18
2446,Central,Residential,2333.54,1929.72,403.82,61651.01
2447,South,Residential,1752,1512.06,239.94,89886.28
2448,East,Commercial,2248.35,2162.93,85.42,90257.83
2449,West,Commercial,1289.16,1255.61,33.55,88154.91
2450,West,Residential,1311.2,1064.39,246.81,30996.43
2451,Central,Industrial,1430.93,1195.34,235.59,37499.71
2452,North,Industrial,2307.2,1958.02,349.18,36243.47
2453,West,Industrial,1021.66,904.6,117.06,14739.77
2454,West,Industrial,2148.08,1956.54,191.54,80762.76
2455,North,Industrial,2457.76,2020.02,437.74,16190.04
2456,West,Industrial,2207.09,1776.63,430.46,38292.76
2457,East,Residential,528.86,517.7,11.16,24850.51
2458,Central,Residential,2169.03,2106.44,62.59,76682.24
2459,South,Commercial,651.94,544.03,107.91,13688.12
2460,East,Industrial,1033.92,832.45,201.47,80000
2461,North,Commercial,585.03,522.16,62.87,17387.55
2462,South,Industrial,1439.01,1243.87,195.14,95198.33
2463,South,Commercial,802.15,720.5,81.65,47728.37
2464,North,Commercial,2162.18,1950.95,211.23,65207.46
2465,Central,Residential,1668.46,1578.96,89.5,55279.44
2466,South,Industrial,659.9,605.01,54.89,76891.86
2467,North,Commercial,2499.48,2343.06,156.42,50644.5
2468,West,Industrial,2467.06,2365.24,101.82,11041.37
2469,West,Residential,1139.97,1073.91,66.06,30157.32
2470,West,Commercial,1694.76,1370.92,323.84,95201.58
2471,South,Residential,710.46,613.79,96.67,61474.01
2472,West,Industrial,555.76,531.12,24.64,28335.55
2473,Central,Residential,2215.26,1975.82,239.44,67174.35
2474,West,Commercial,2419.34,1963.42,455.92,89507.01
2475,West,Commercial,1906.82,1606.28,300.54,9189.38
2476,North,Residential,1234.84,998.71,236.13,94294.56
2477,Central,Residential,2420.97,2099.2,321.77,9170.94
2478,West,Industrial,1811.44,1728.63,82.81,10051.36
2479,South,Residential,834.5,802.48,32.02,29187.28
2480,East,Residential,1134.86,1068.8,66.06,48460.04
2481,South,Commercial,682.95,555.3,127.65,60510.6
2482,West,Commercial,1852.89,1598.52,254.37,95432.5
2483,East,Commercial,807.43,777.24,30.19,54256.87
2484,West,Residential,1953.28,1878.5,74.78,61750.43
2485,South,Residential,2423.04,2368.05,54.99,93437.32
2486,Central,Residential,2394.02,2338.67,55.35,36914.34
2487,East,Commercial,1711.01,1419.62,291.39,57149.8
2488,West,Residential,646.24,626.03,20.21,44302.5
2489,South,Commercial,1711.78,1553.21,158.57,24737.87
2490,Central,Industrial,1778.55,1535.45,243.1,68324.2
2491,North,Industrial,651.18,628.32,22.86,45756.9
2492,South,Commercial,1825.03,1723.45,101.58,54224.83
2493,South,Residential,595.88,525.29,70.59,7513.94
2494,West,Commercial,1329.88,1087.85,242.03,61864.08
2495,East,Industrial,1239.83,1213.5,26.33,69270.13
2496,North,Commercial,2190.23,2040.28,149.95,44733.04
2497,East,Residential,1069.15,1025.54,43.61,47087.25
2498,North,Residential,901.99,748.3,153.69,52603.83
2499,Central,Industrial,990.78,931.66,59.12,72891.65
2500,Central,Residential,2377.98,2074.94,303.04,73898.18
2501,South,Commercial,1450.06,1274.47,175.59,23663.15
2502,North,Commercial,2211.85,1877.36,334.49,52896.86
2503,South,Residential,505.03,480.33,24.7,42155.41
2504,North,Residential,820.48,756.32,64.16,85858.02
2505,North,Residential,715.11,685.32,29.79,87080.07
2506,East,Industrial,539.14,448.03,91.11,11898.26
2507,North,Industrial,1090.32,1049.25,41.07,44975.07
2508,West,Commercial,785.31,701.77,83.54,31932.59
2509,West,Residential,2145.75,1842.34,303.41,32664.84
2510,North,Residential,1130.26,1102.11,28.15,12860.27
2511,West,Industrial,2029.6,1922.49,107.11,69004.11
2512,West,Residential,956.78,831.71,125.07,15573.79
2513,North,Residential,712.21,616.55,95.66,45447.87
2514,North,Commercial,1411.01,1191.27,219.74,79747.25
2515,East,Industrial,648.64,568.56,80.08,82072.44
2516,North,Commercial,2425.7,2081.2,344.5,25094.7
2517,South,Residential,2035.03,1843.96,191.07,44398.92
2518,South,Industrial,1551.61,1306.49,245.12,16264.51
2519,Central,Commercial,1109.48,1050.06,59.42,62065.82
2520,Central,Commercial,729.7,701.01,28.69,89784.15
2521,South,Commercial,1571.58,1425.27,146.31,68096.05
2522,East,Industrial,1349.73,1266.48,83.25,84553.77
2523,West,Commercial,1547.56,1470.16,77.4,51925.42
2524,West,Residential,1670.47,1546.63,123.84,7966.21
2525,West,Residential,2011.04,1651.67,359.37,65027.26
2526,Central,Commercial,750.66,615.48,135.18,19930.86
2527,West,Residential,1526.95,1456.92,70.03,10364.21
2528,Central,Commercial,1587.54,1454.32,133.22,72130.34
2529,North,Commercial,2494.63,2351.1,143.53,83035.22
2530,North,Industrial,1696.06,1419.36,276.7,56180.65
2531,East,Industrial,2144.09,1972.79,171.3,28701.89
2532,North,Residential,1494.31,1436.29,58.02,26128.37
2533,South,Residential,1247.56,1022.05,225.51,9206.53
2534,West,Industrial,554.22,468.34,85.88,5310.81
2535,West,Industrial,1036.61,888.62,147.99,62661
2536,North,Residential,1991.1,1634.56,356.54,6794.06
2537,North,Residential,1533.83,1263.86,269.97,36816.04
2538,North,Residential,768.1,621.9,146.2,49215.69
2539,South,Residential,744.86,668.83,76.03,54220.92
2540,West,Industrial,2139.88,2077.65,62.23,47271.2
2541,West,Industrial,2362.05,2275.63,86.42,48072.74
2542,West,Commercial,2227.41,1837.76,389.65,17239.75
2543,South,Commercial,541.53,469.74,71.79,45648.56
2544,West,Residential,1303.43,1187.84,115.59,11484.93
2545,West,Industrial,807.11,703.32,103.79,16005.7
2546,Central,Residential,1041.26,876.54,164.72,50323.05
2547,Central,Residential,2359.33,2246.25,113.08,54953.35
2548,East,Residential,1727.4,1553.96,173.44,11075.2
2549,East,Residential,2192.14,1993.05,199.09,24058.83
2550,East,Industrial,713.81,634.38,79.43,85186.99
2551,East,Commercial,1916.22,1831.32,84.9,94565.61
2552,East,Commercial,698.76,561.53,137.23,56105.57
2553,East,Residential,841.91,788.04,53.87,85114.84
2554,West,Residential,2391.7,2068.34,323.36,36073.17
2555,South,Commercial,1606.08,1372.91,233.17,99640.64
2556,East,Residential,730.76,670.13,60.63,92572.71
2557,West,Residential,2167.57,1917.75,249.82,35767.54
2558,South,Residential,922.73,772.83,149.9,6137.69
2559,North,Residential,811.88,792.85,19.03,20698.44
2560,South,Industrial,1757.4,1465.26,292.14,85402.79
2561,Central,Residential,619.36,549.95,69.41,65488.62
2562,West,Industrial,1356.84,1088.19,268.65,8933.37
2563,North,Residential,1605.37,1552.96,52.41,62239.84
2564,West,Industrial,1821.33,1718.31,103.02,71563.51
2565,North,Industrial,948.35,848.63,99.72,26316.42
2566,Central,Industrial,1809.53,1562.29,247.24,5550.51
2567,East,Residential,1693.82,1638.38,55.44,6419.4
2568,Central,Commercial,1778.94,1577.91,201.03,15779.4
2569,Central,Commercial,1607.46,1323.14,284.32,73312.4
2570,North,Industrial,1600.49,1459.98,140.51,42467.34
2571,Central,Residential,1713.51,1432.83,280.68,60893.29
2572,West,Residential,1312.49,1113.28,199.21,56249.21
2573,West,Industrial,1499.67,1433.98,65.69,38552.88
2574,North,Commercial,1093.06,880.9,212.16,49595.22
2575,Central,Residential,1960.83,1728.07,232.76,56261.57
2576,Central,Commercial,1705.7,1374.13,331.57,64684.2
2577,Central,Commercial,2436.8,2227.66,209.14,29619.8
2578,South,Commercial,2199.02,1945.01,254.01,22114.57
2579,South,Industrial,1668.07,1566.51,101.56,62222.69
2580,North,Industrial,2033.29,1760.84,272.45,83802.25
2581,East,Residential,1349.79,1080.16,269.63,69762.71
2582,Central,Residential,2296.26,2003.68,292.58,78833.94
2583,West,Industrial,1058.59,968.14,90.45,19471
2584,East,Industrial,1114.29,1067.18,47.11,97872.25
2585,Central,Residential,1238.66,1188.04,50.62,67702.02
2586,Central,Industrial,1648.74,1444.21,204.53,50277.83
2587,West,Commercial,658.04,625.65,32.39,70448.5
2588,Central,Industrial,2257.74,2198.63,59.11,36342.31
2589,Central,Residential,1240.02,1084.59,155.43,75979.86
2590,South,Residential,2136.53,2022.73,113.8,76095.53
2591,West,Commercial,789.14,721.6,67.54,98375.6
2592,West,Industrial,765.19,736.71,28.48,19841.87
2593,South,Residential,1822.17,1623.6,198.57,19133.83
2594,South,Residential,2323.53,1966.35,357.18,21396.65
2595,North,Commercial,800.36,730.16,70.2,20267.53
2596,South,Industrial,1924.92,1659.63,265.29,86279.96
2597,North,Commercial,1297.06,1073.57,223.49,8374.19
2598,West,Commercial,1331.61,1073.86,257.75,63220.71
2599,East,Residential,2174.17,1851.26,322.91,63711.52
2600,West,Residential,2072.77,1798.65,274.12,39150.38
2601,Central,Commercial,1754.37,1615.76,138.61,69268.8
2602,West,Industrial,1846.19,1792.54,53.65,65048.82
2603,North,Industrial,1297.53,1220.96,76.57,40140.95
2604,West,Industrial,2157.6,2090.92,66.68,20529.84
2605,South,Industrial,611.37,576.34,35.03,34128.43
2606,Central,Residential,1271.59,1240.64,30.95,23630.28
2607,Central,Commercial,2093.78,1991.76,102.02,99218.45
2608,North,Residential,619.08,604.17,14.91,48669.05
2609,North,Commercial,826.32,754.65,71.67,77452.78
2610,North,Residential,1442.91,1398.13,44.78,55072.01
2611,South,Industrial,1600.89,1467.25,133.64,48923.17
2612,East,Industrial,1685.87,1445.07,240.8,69536.74
2613,East,Commercial,1317.9,1178.13,139.77,15309.03
2614,South,Industrial,996.59,894.12,102.47,83300.86
2615,Central,Residential,1578.44,1338.91,239.53,91318.08
2616,East,Residential,684.27,625.8,58.47,17318.52
2617,West,Residential,1962.93,1677.26,285.67,67649.33
2618,North,Industrial,1212.55,1063.17,149.38,84581.27
2619,North,Commercial,534.33,457.26,77.07,32857.57
2620,Central,Industrial,666.62,626.56,40.06,90758.43
2621,West,Residential,1114.19,1010.4,103.79,9355.28
2622,West,Commercial,1100.69,901.86,198.83,70722.81
2623,Central,Commercial,1928.98,1672.52,256.46,94282.31
2624,East,Residential,2324.32,2169.4,154.92,23897.06
2625,East,Industrial,2105.48,1835.56,269.92,93388.34
2626,North,Industrial,1471.26,1296.42,174.84,11702.51
2627,East,Industrial,1015.24,955.2,60.04,34668.38
2628,North,Industrial,2102.33,1850.58,251.75,69872.43
2629,South,Industrial,2225.33,1984.26,241.07,75455.96
2630,South,Commercial,714.6,696.01,18.59,61194.48
2631,West,Commercial,1666.29,1544.6,121.69,5033.27
2632,East,Commercial,2087.18,1741.59,345.59,14163.73
2633,East,Residential,2371.72,2085.29,286.43,38487.08
2634,West,Commercial,1395.52,1120.48,275.04,55017.38
2635,South,Commercial,1068.27,949.38,118.89,25262.33
2636,West,Residential,786.88,687.71,99.17,16508.78
2637,West,Commercial,2459.49,2174.76,284.73,15436.83
2638,South,Residential,2412.52,2079.39,333.13,22266.85
2639,North,Residential,2168.6,2011.69,156.91,28846.38
2640,South,Residential,2354.93,2230.53,124.4,78535.4
2641,West,Industrial,1225.87,989.71,236.16,24479.43
2642,South,Industrial,680.12,589.55,90.57,63041.35
2643,East,Commercial,1841.31,1682.94,158.37,8006.7
2644,East,Residential,2401.28,2321.11,80.17,32719.56
2645,West,Commercial,1279.78,1157.63,122.15,57187.71
2646,South,Commercial,768.75,709.9,58.85,66691.99
2647,East,Commercial,1089.38,992.38,97,38359.99
2648,West,Industrial,1105.31,947.2,158.11,64777.67
2649,East,Commercial,1812.15,1543.88,268.27,60408.21
2650,South,Residential,1265.52,1199.09,66.43,34852.62
2651,South,Industrial,2327.97,2243.6,84.37,35488.63
2652,West,Commercial,2385.43,2093.58,291.85,96722.17
2653,South,Commercial,1003.16,845.82,157.34,44269.22
2654,North,Residential,2212.9,2017.18,195.72,8884.02
2655,East,Residential,2036.13,1942.15,93.98,24272.05
2656,East,Commercial,1463.01,1182.53,280.48,33065.17
2657,West,Residential,1742.37,1456.44,285.93,66727.32
2658,East,Residential,1657.11,1527.13,129.98,45515.01
2659,West,Industrial,1655.47,1381.17,274.3,83983.11
2660,West,Industrial,1156.57,1108.9,47.67,50162.73
2661,West,Industrial,1649.99,1484.27,165.72,67463.53
2662,West,Industrial,1985.39,1744.05,241.34,43796.26
2663,Central,Residential,2456.16,2029.32,426.84,85134.21
2664,West,Residential,1036.14,850.71,185.43,15960.85
2665,Central,Residential,2230.51,1921.73,308.78,43205.83
2666,West,Industrial,953.08,763.13,189.95,73663.83
2667,East,Commercial,2410.34,2189.75,220.59,78410.86
2668,West,Commercial,1673.07,1455.67,217.4,23299.89
2669,East,Commercial,672.93,544.14,128.79,97246.17
2670,East,Industrial,1631.83,1397.09,234.74,20499.63
2671,West,Residential,1717.04,1616.31,100.73,34605.27
2672,East,Residential,850.23,806.53,43.7,48207.32
2673,West,Industrial,504.58,413.25,91.33,39583.05
2674,South,Commercial,1491.17,1234.91,256.26,23614.24
2675,North,Industrial,1395.7,1236.72,158.98,65119.4
2676,West,Commercial,1570.1,1424.32,145.78,76407.08
2677,East,Residential,1131.56,1045.19,86.37,12884.24
2678,East,Industrial,1116.1,1073.07,43.03,90319.59
2679,Central,Residential,2017.57,1620.39,397.18,20021.58
2680,East,Residential,532.45,438.87,93.58,60587.15
2681,North,Residential,2087.6,1870.09,217.51,11036.7
2682,East,Industrial,1193.32,1159.04,34.28,34745.78
2683,East,Residential,1899.86,1537.96,361.9,75135.22
2684,Central,Residential,2408.82,2127.54,281.28,34343.8
2685,East,Residential,2451.05,2032.33,418.72,18844.26
2686,East,Residential,556.94,473.77,83.17,87822.7
2687,East,Commercial,1263.51,1069.02,194.49,62481.58
2688,West,Commercial,1062.24,969.32,92.92,94722.02
2689,South,Industrial,639.68,572.81,66.87,55303.49
2690,Central,Industrial,534.67,442.55,92.12,37703.04
2691,Central,Industrial,1283.35,1105.83,177.52,6422.13
2692,Central,Industrial,1327.09,1143,184.09,12218.08
2693,South,Residential,1794.39,1600.93,193.46,77499.65
2694,Central,Industrial,1686.43,1647.83,38.6,71325.17
2695,South,Industrial,2240.48,1819.83,420.65,20864.07
2696,Central,Commercial,2153.37,1934.67,218.7,99736.99
2697,South,Industrial,1081.02,935.19,145.83,51721.61
2698,West,Industrial,2201.19,1830.3,370.89,10422.62
2699,South,Commercial,927.63,822.85,104.78,22099.82
2700,West,Residential,1937.34,1891.07,46.27,83515.05
2701,Central,Residential,616.85,524.1,92.75,54235.43
2702,West,Industrial,2244.44,2195.55,48.89,59099.62
2703,North,Industrial,1814.87,1468.47,346.4,20883.5
2704,Central,Industrial,2402.25,2165,237.25,44169
2705,Central,Residential,2208.63,1822.48,386.15,93540.17
2706,West,Residential,916.46,834.68,81.78,18589.29
2707,North,Commercial,1980.88,1866.96,113.92,44764.31
2708,West,Residential,1541.22,1446.09,95.13,56074.47
2709,West,Residential,1985.71,1624.7,361.01,19669.39
2710,West,Industrial,1358.18,1090.02,268.16,39533.21
2711,South,Residential,1850.63,1732.41,118.22,59845.73
2712,East,Residential,681.97,570.82,111.15,49947.39
2713,South,Commercial,1112.48,1003.8,108.68,22003.05
2714,North,Industrial,1175.04,1012.32,162.72,35696.1
2715,East,Commercial,874.08,790.31,83.77,38851.37
2716,South,Residential,1533.69,1338.42,195.27,72617.68
2717,West,Residential,2136.77,2050.37,86.4,24972.39
2718,North,Residential,1324.69,1172.89,151.8,8347.48
2719,East,Industrial,2387.01,2221.47,165.54,70737.08
2720,North,Commercial,736.04,616.12,119.92,93804.46
2721,North,Residential,1819.02,1770.97,48.05,33815.36
2722,North,Industrial,825.81,736.09,89.72,75636.65
2723,North,Industrial,1222.99,1025.25,197.74,45565.42
2724,East,Commercial,1513.95,1283.79,230.16,14448.24
2725,East,Residential,2032.15,1722.83,309.32,70859.7
2726,West,Residential,1018.15,981.87,36.28,68770.76
2727,Central,Residential,1267.62,1086.28,181.34,77651.87
2728,East,Commercial,1010.99,819.07,191.92,20436.23
2729,East,Residential,2478.17,2281.32,196.85,29815.45
2730,Central,Industrial,1304.95,1064.04,240.91,38075.05
2731,Central,Industrial,1765.21,1459.62,305.59,11032.2
2732,West,Industrial,1758.68,1654.81,103.87,7901.2
2733,West,Industrial,1473.75,1386.7,87.05,17996.21
2734,North,Industrial,1820.84,1563.18,257.66,8747.82
2735,North,Industrial,1543.45,1489.18,54.27,15220.62
2736,South,Commercial,2122.17,1943.78,178.39,34682.05
2737,North,Residential,2098.14,2024.45,73.69,40332.49
2738,West,Commercial,540.78,523.1,17.68,64543.16
2739,South,Residential,1970.93,1928.87,42.06,94848.11
2740,West,Residential,916.43,761.58,154.85,62492.53
2741,Central,Industrial,574.05,498.63,75.42,59858.38
2742,North,Residential,1807.27,1625.03,182.24,32552.37
2743,South,Industrial,750.77,666.26,84.51,94662.99
2744,Central,Industrial,1908.34,1861,47.34,8362.91
2745,North,Industrial,1684.09,1577.14,106.95,91983.51
2746,East,Commercial,647.22,550.41,96.81,19976.05
2747,Central,Commercial,1674.07,1395.34,278.73,30282.63
2748,West,Residential,1082.67,1030.16,52.51,10255.43
2749,East,Commercial,1779.08,1610.96,168.12,89485.21
2750,North,Commercial,2278.95,2009.2,269.75,9773.66
2751,Central,Industrial,884.3,759.78,124.52,58813.22
2752,South,Commercial,548.83,532.31,16.52,19761.43
2753,East,Industrial,659.56,596.01,63.55,23417.8
2754,South,Commercial,1344.7,1276.06,68.64,16257.28
2755,North,Commercial,935.71,795.31,140.4,56121.3
2756,North,Industrial,728.78,616.12,112.66,59865.86
2757,East,Industrial,878.26,855.63,22.63,19284.24
2758,West,Industrial,2316.63,2117.8,198.83,88873.93
2759,South,Industrial,1040.66,875.92,164.74,17724.57
2760,North,Residential,2348.42,2266.03,82.39,43392.65
2761,Central,Residential,543.15,482.86,60.29,68688.33
2762,Central,Industrial,815.8,675.79,140.01,72106.5
2763,North,Industrial,1415.91,1283.37,132.54,74313.63
2764,Central,Commercial,2142.49,2076.97,65.52,95776.92
2765,West,Commercial,945.96,759.38,186.58,12541.23
2766,Central,Residential,2272.54,2113.61,158.93,68527.65
2767,South,Industrial,635.39,554.21,81.18,68783.28
2768,East,Industrial,582.25,489.59,92.66,49939.09
2769,North,Commercial,2005.66,1678.68,326.98,75694.2
2770,North,Industrial,958.02,923,35.02,68294.6
2771,East,Residential,792.14,651.27,140.87,5781.99
2772,West,Residential,1695.19,1551.63,143.56,70912.02
2773,Central,Residential,887.11,832.6,54.51,72547.55
2774,North,Residential,2103.82,1695.98,407.84,31348.85
2775,South,Residential,1367,1204.17,162.83,21936.72
2776,West,Industrial,724.72,679.02,45.7,36669.24
2777,West,Residential,1939.55,1797.52,142.03,38393.66
2778,West,Residential,2476.23,2065.17,411.06,82185.45
2779,North,Industrial,1416.35,1272.6,143.75,5967.08
2780,South,Industrial,856.33,728.43,127.9,79657.72
2781,West,Residential,639.54,603.42,36.12,58750.14
2782,Central,Residential,1518.36,1353.26,165.1,44094.14
2783,West,Residential,1732.96,1436.58,296.38,43949.74
2784,Central,Commercial,1123.19,1040.93,82.26,86347.39
2785,North,Industrial,1921.14,1595.35,325.79,19499.9
2786,East,Residential,707.49,662.72,44.77,37833.49
2787,South,Industrial,1448.99,1332.57,116.42,85052.55
2788,East,Industrial,1832.77,1758.23,74.54,71714.08
2789,Central,Commercial,952.98,872.47,80.51,16833.66
2790,West,Industrial,995.57,902.24,93.33,45380.77
2791,West,Industrial,2499.55,2356.11,143.44,85241.55
2792,West,Industrial,987.74,797.15,190.59,43914.4
2793,North,Industrial,561.6,541.27,20.33,71100.91
2794,South,Industrial,682.36,580.11,102.25,80109.27
2795,Central,Commercial,1395.83,1227.01,168.82,23996.24
2796,Central,Residential,811.69,666.77,144.92,40140.09
2797,Central,Commercial,2229.37,1924.56,304.81,14784.39
2798,North,Commercial,857.66,804.07,53.59,5667.21
2799,North,Industrial,1547.82,1437.89,109.93,49553.46
2800,West,Commercial,1697.62,1415.79,281.83,79900.89
2801,North,Industrial,1626.87,1315.67,311.2,85072.56
2802,Central,Residential,1645.94,1359.98,285.96,35614.4
2803,West,Commercial,2481.72,2391.38,90.34,23114.24
2804,North,Industrial,1411.91,1380.28,31.63,94912.44
2805,West,Commercial,1872.56,1787.31,85.25,65288.46
2806,West,Residential,1964.38,1631.63,332.75,17835.41
2807,South,Residential,723.16,601.63,121.53,21080.39
2808,West,Residential,986.68,917.87,68.81,99664.54
2809,South,Industrial,2411.68,2106.7,304.98,60612.3
2810,West,Industrial,700.26,617.21,83.05,53609.87
2811,East,Industrial,1478.18,1354.13,124.05,73630.71
2812,Central,Residential,506.01,452.06,53.95,46147.52
2813,Central,Residential,2388.33,2202.84,185.49,30898.47
2814,Central,Residential,663.17,647.52,15.65,97820.11
2815,West,Residential,1980.62,1631.76,348.86,28885.84
2816,West,Residential,2112.54,1840.37,272.17,77039.84
2817,North,Commercial,2052.76,1791.63,261.13,77989.79
2818,South,Residential,1633.2,1401.86,231.34,65855.4
2819,South,Commercial,2365.85,2305.86,59.99,37923.06
2820,North,Industrial,1852.34,1614.54,237.8,69426.94
2821,East,Residential,1747.62,1627.21,120.41,80083.93
2822,Central,Residential,2360.51,2217.04,143.47,92277.19
2823,North,Commercial,1883.33,1554.69,328.64,42707.3
2824,North,Commercial,1414.77,1318.92,95.85,96078.38
2825,Central,Residential,1547.34,1334.33,213.01,50206.92
2826,Central,Commercial,1588.36,1363.43,224.93,51149.26
2827,West,Residential,1067.14,1021.28,45.86,25640.34
2828,South,Residential,1707.07,1552.65,154.42,30519.06
2829,West,Industrial,2408.87,2010.19,398.68,25620.94
2830,South,Residential,1214.43,1071.69,142.74,25647.9
2831,South,Industrial,800.1,674.29,125.81,30670.56
2832,North,Residential,1639.01,1450.08,188.93,91483.75
2833,East,Industrial,1350.32,1299.36,50.96,36716.27
2834,West,Commercial,2345.66,2219.58,126.08,90410.49
2835,South,Residential,1713.67,1671.65,42.02,13655.19
2836,North,Residential,775.03,660.79,114.24,22892.83
2837,South,Commercial,1227.8,1145.28,82.52,19375.82
2838,Central,Commercial,1762.03,1513.07,248.96,48111.74
2839,West,Residential,544.49,530,14.49,84032.06
2840,North,Residential,1325.68,1242.14,83.54,53927.2
2841,North,Residential,2107.02,1787.82,319.2,41550.74
2842,South,Residential,1716.96,1621.79,95.17,94933.24
2843,South,Industrial,2002.44,1813.59,188.85,81616.45
2844,Central,Commercial,1084.48,1048.61,35.87,87986.42
2845,North,Residential,1214.84,1174.29,40.55,13413.18
2846,South,Commercial,641,514.63,126.37,14944.94
2847,East,Commercial,1045.86,999.22,46.64,6548.46
2848,West,Industrial,825.38,776.24,49.14,80640.78
2849,North,Industrial,1456.5,1285.67,170.83,13082.79
2850,Central,Commercial,2130.71,1983.36,147.35,61856.39
2851,East,Industrial,878.86,750.95,127.91,40043.85
2852,South,Industrial,827.08,777.7,49.38,25542.92
2853,South,Commercial,1482.95,1369.15,113.8,46465.38
2854,North,Industrial,1963.33,1700.89,262.44,27416.1
2855,East,Commercial,933.23,823.74,109.49,12628.49
2856,South,Commercial,2050.01,1929.08,120.93,66165.28
2857,South,Residential,2099.19,1832.99,266.2,74882.99
2858,East,Residential,1286.99,1037.34,249.65,51380.58
2859,East,Industrial,596.52,498.78,97.74,38772.08
2860,West,Commercial,608.16,508.12,100.04,53956.89
2861,North,Residential,553.23,524.5,28.73,11159.72
2862,Central,Residential,2062.89,1679.76,383.13,47792.5
2863,South,Residential,1852.61,1601.84,250.77,24954.9
2864,North,Residential,1564.84,1400.77,164.07,25515.82
2865,South,Commercial,2462.67,2036.35,426.32,88056.1
2866,West,Commercial,1010.21,922.91,87.3,87391.67
2867,South,Residential,562.03,543.02,19.01,24484.54
2868,East,Industrial,2157.65,1825.68,331.97,66397.33
2869,North,Industrial,852.54,797.93,54.61,54254.33
2870,North,Commercial,837.92,724.31,113.61,34349.29
2871,North,Industrial,2059.29,1788.01,271.28,73614.32
2872,West,Commercial,1104.06,1074.78,29.28,53318.06
2873,Central,Industrial,1238.15,1012.1,226.05,24504.6
2874,North,Industrial,1025.82,937.54,88.28,39187.74
2875,South,Industrial,529.14,477.14,52,90977
2876,West,Commercial,1528.81,1453.57,75.24,89381.59
2877,West,Industrial,1427.03,1361.17,65.86,96562.19
2878,South,Industrial,1978.81,1761.5,217.31,87001.5
2879,West,Industrial,1380.65,1140.72,239.93,41591.08
2880,South,Residential,2235.75,2148.75,87,67802.46
2881,South,Commercial,515.33,457.29,58.04,75785.42
2882,East,Industrial,946.66,846.49,100.17,53350.46
2883,Central,Commercial,1616.1,1562.49,53.61,63043.91
2884,Central,Residential,1106.76,1009.04,97.72,7159.44
2885,West,Commercial,1058.26,1026.55,31.71,38911.35
2886,Central,Industrial,1031.55,927.26,104.29,79468.07
2887,South,Residential,2178.84,2128.15,50.69,74418.07
2888,South,Industrial,2014.1,1652.98,361.12,29402.97
2889,East,Commercial,1988.57,1880.73,107.84,39481.79
2890,South,Industrial,514.83,468.82,46.01,23529.57
2891,Central,Commercial,1822.13,1619.79,202.34,41122.78
2892,East,Commercial,546.13,518.65,27.48,30895.5
2893,East,Residential,826.31,806.31,20,44560.5
2894,North,Residential,642.46,593.17,49.29,49944.04
2895,North,Commercial,1569.75,1314.6,255.15,11624.83
2896,East,Residential,1202.2,1030.53,171.67,37961.52
2897,North,Commercial,1236,1127.15,108.85,73827.76
2898,East,Commercial,587.49,548.29,39.2,42354.13
2899,Central,Commercial,1994.9,1611.47,383.43,43120.13
2900,East,Industrial,681.65,624.03,57.62,40370.05
2901,West,Commercial,1070.91,955.46,115.45,16644.87
2902,East,Industrial,995.08,955.44,39.64,14250.25
2903,East,Residential,2354.25,2076.63,277.62,24110.99
2904,South,Commercial,2175.5,1834.01,341.49,75243.76
2905,South,Residential,2212.41,1855.84,356.57,41940.29
2906,South,Commercial,1871.17,1812.51,58.66,14225.98
2907,Central,Residential,2259.97,2059.92,200.05,44538.77
2908,North,Commercial,2304.21,1845.2,459.01,96775.76
2909,West,Residential,745.6,635.38,110.22,27264.15
2910,East,Commercial,803.83,659.69,144.14,96976.29
2911,North,Commercial,1676.3,1506.52,169.78,91873.64
2912,East,Industrial,1956.05,1573.99,382.06,36424.41
2913,South,Commercial,783.8,760.36,23.44,18149.35
2914,East,Commercial,602.02,499.08,102.94,60206.37
2915,South,Industrial,1847.2,1706.33,140.87,72044.36
2916,Central,Commercial,1035.56,898.4,137.16,54027.05
2917,Central,Industrial,1521.65,1290.32,231.33,78200.42
2918,East,Residential,1119.66,951.57,168.09,89407.02
2919,Central,Industrial,982.45,910.88,71.57,95116.01
2920,East,Industrial,2068.94,1764.86,304.08,60937.71
2921,South,Commercial,2024.77,1621.06,403.71,33922.08
2922,East,Industrial,1390.88,1151.48,239.4,72492.05
2923,East,Residential,513.2,477.66,35.54,77629.23
2924,Central,Industrial,2234.98,1794.51,440.47,30747.19
2925,North,Commercial,2159.75,1793.22,366.53,29278.64
2926,Central,Commercial,2439.59,2188.46,251.13,27810.84
2927,East,Residential,667.22,620.31,46.91,96862.68
2928,Central,Residential,1372.16,1338.36,33.8,59949.61
2929,West,Commercial,1853.79,1494.79,359,57760.96
2930,East,Industrial,2289.57,2227.47,62.1,98025.79
2931,East,Commercial,1873.19,1747.27,125.92,45276.03
2932,West,Commercial,2361.22,2141.02,220.2,33657.63
2933,East,Industrial,1942.28,1845.5,96.78,9997.72
2934,North,Industrial,1836.62,1474.77,361.85,31872.35
2935,East,Residential,2204.96,1961.67,243.29,69477.64
2936,Central,Commercial,825.42,732.41,93.01,84432.15
2937,West,Commercial,1771,1518.84,252.16,21761.54
2938,Central,Industrial,923.65,795.7,127.95,9802.43
2939,West,Commercial,1010.63,904.12,106.51,71054.64
2940,North,Commercial,1675.46,1588.6,86.86,14848.69
2941,South,Industrial,891.61,825.54,66.07,37682.58
2942,East,Industrial,1340.93,1281.91,59.02,5977.1
2943,West,Industrial,1303.33,1106.33,197,82232.34
2944,West,Industrial,1289.73,1236.91,52.82,97198.91
2945,North,Commercial,1504.12,1327.74,176.38,29777.82
2946,East,Industrial,1193.76,966.55,227.21,71646.8
2947,North,Residential,1454.49,1282.31,172.18,30388.12
2948,North,Commercial,2165.29,1882.76,282.53,54728.94
2949,West,Commercial,2156.25,1972.36,183.89,12355.02
2950,East,Residential,561.58,465.65,95.93,14004.9
2951,North,Commercial,1808.23,1477.73,330.5,84031
2952,South,Residential,1530.39,1235.15,295.24,55731.48
2953,Central,Commercial,2047.97,1695.78,352.19,85196.54
2954,South,Residential,705.99,579.76,126.23,81852.82
2955,South,Commercial,1084.73,888.3,196.43,14914.14
2956,East,Residential,545.39,441.91,103.48,55403.17
2957,South,Industrial,696.44,572.56,123.88,65347.94
2958,Central,Residential,1001.22,904.91,96.31,37398.4
2959,Central,Residential,1315.82,1108.66,207.16,78889.51
2960,East,Industrial,2238.11,2066.08,172.03,46903.66
2961,South,Industrial,2353.46,2276.52,76.94,61070.75
2962,East,Residential,963.41,799.06,164.35,70531.8
2963,South,Commercial,1950.51,1700.42,250.09,68223.39
2964,West,Residential,955,859.23,95.77,56359.33
2965,North,Commercial,934.89,786.81,148.08,19609.32
2966,North,Residential,938.63,858.51,80.12,89119.78
2967,South,Commercial,2497.29,2407.1,90.19,9967.58
2968,West,Commercial,738.95,722.9,16.05,53429.52
2969,North,Residential,2396.09,2154.59,241.5,63471.77
2970,West,Commercial,2145.88,1985.77,160.11,26183.96
2971,Central,Commercial,1591.23,1358.51,232.72,38236.08
2972,West,Commercial,2194.12,2128.25,65.87,87263.36
2973,East,Industrial,2314.19,2201.24,112.95,27320.96
2974,North,Residential,805.26,655.08,150.18,15505.38
2975,East,Industrial,986.67,943.02,43.65,5280.4
2976,South,Commercial,608.84,508.21,100.63,96698
2977,South,Commercial,1999.73,1831.18,168.55,93301.61
2978,East,Residential,1700.89,1616.13,84.76,83948.79
2979,East,Residential,1776.77,1439.46,337.31,69759.7
2980,Central,Commercial,1792.32,1729.42,62.9,94410.9
2981,North,Residential,773.35,743,30.35,68367.95
2982,Central,Residential,536.22,445.47,90.75,63065.26
2983,North,Industrial,1482.74,1408.28,74.46,31713.14
2984,East,Residential,1693.15,1518.59,174.56,96657.45
2985,Central,Industrial,2484.02,2071.4,412.62,82305.45
2986,East,Commercial,1846.05,1654.39,191.66,61552.56
2987,South,Residential,1304.93,1123.97,180.96,31034.44
2988,West,Industrial,1854.71,1690.07,164.64,22681.12
2989,North,Industrial,1602.82,1306.57,296.25,13773.21
2990,West,Industrial,2403.25,2306.14,97.11,56184.73
2991,West,Residential,2150.29,1886.1,264.19,61226.58
2992,West,Residential,1816.51,1482.62,333.89,57755.46
2993,Central,Industrial,1672,1496.92,175.08,28128.82
2994,West,Industrial,1041.41,976.44,64.97,37380.56
2995,Central,Residential,1673.26,1500.37,172.89,9869.17
2996,South,Commercial,1458.5,1237.43,221.07,36217.62
2997,North,Residential,2273.2,2087.71,185.49,51506.78
2998,East,Industrial,2225.68,1849.17,376.51,89988.92
2999,East,Commercial,1757.63,1447.97,309.66,94227.46
3000,West,Industrial,513.31,453.91,59.4,50114.8
3001,South,Commercial,1607.91,1293.14,314.77,30597.53
3002,South,Industrial,782.04,679.11,102.93,83829.15
3003,East,Industrial,1266.05,1093.86,172.19,61291.7
3004,West,Residential,918.79,830.15,88.64,31382.93
3005,North,Residential,1173.58,971.01,202.57,97414.81
3006,South,Residential,1260.55,1101.31,159.24,33005.36
3007,East,Industrial,1580.61,1321.28,259.33,47569.02
3008,East,Commercial,2346.85,2143.4,203.45,83041.54
3009,West,Commercial,1918.72,1662.93,255.79,44421.6
3010,South,Residential,626.15,584.29,41.86,35828.53
3011,South,Residential,2365.88,2176.9,188.98,7247.12
3012,South,Industrial,1348.86,1112.93,235.93,13772.19
3013,South,Residential,1545.68,1394.83,150.85,33707.45
3014,West,Industrial,2432.15,1948.69,483.46,37796.03
3015,North,Residential,924.54,868.79,55.75,21384.51
3016,West,Residential,2442.35,2084.13,358.22,92556.65
3017,South,Commercial,1146.84,1001.24,145.6,90249.1
3018,Central,Commercial,1882.99,1508.96,374.03,20020
3019,West,Residential,1080.84,1038.25,42.59,6696.35
3020,Central,Residential,1159.71,952.99,206.72,22884.46
3021,North,Commercial,2167.75,1885.68,282.07,37388.31
3022,Central,Industrial,1622.36,1532.25,90.11,64154.96
3023,West,Commercial,2387.55,1939.16,448.39,35271.53
3024,West,Commercial,1693.38,1657.89,35.49,87048.19
3025,East,Residential,1425.92,1269.48,156.44,97239.23
3026,West,Residential,1082.1,1031.92,50.18,30901.9
3027,North,Commercial,1938.66,1870.21,68.45,74919.99
3028,West,Residential,1955.15,1654.56,300.59,75792.63
3029,South,Industrial,1905.53,1823.98,81.55,72632.75
3030,South,Industrial,1608.13,1553.18,54.95,52343.71
3031,North,Commercial,2409.11,2355.84,53.27,56409.72
3032,West,Industrial,2221.36,1988.07,233.29,49501.28
3033,Central,Industrial,1580.9,1282.42,298.48,16884
3034,South,Commercial,552.85,483.97,68.88,14709.3
3035,South,Industrial,1790.28,1500.2,290.08,36328.17
3036,North,Commercial,2094.81,1837.03,257.78,58416.37
3037,Central,Commercial,1267.02,1121.22,145.8,55607.41
3038,West,Industrial,1232.91,1051.06,181.85,35275.2
3039,West,Commercial,1808.07,1620.63,187.44,80418.76
3040,Central,Residential,588.29,557.61,30.68,36394.79
3041,West,Residential,2398.94,2050.05,348.89,9100.94
3042,South,Industrial,1382.07,1173.95,208.12,35123.08
3043,North,Residential,1491.53,1457.68,33.85,45288.53
3044,North,Industrial,553.93,531.5,22.43,48021.58
3045,South,Residential,1390.63,1193.11,197.52,46918.11
3046,North,Commercial,1728.05,1686.31,41.74,38766.41
3047,South,Commercial,558.95,454.84,104.11,19536.79
3048,North,Residential,1077.79,1034.86,42.93,70062.86
3049,East,Industrial,1188.2,1077.22,110.98,91545.87
3050,East,Commercial,1362.84,1219.95,142.89,32793.73
3051,North,Industrial,1651.21,1456.44,194.77,56338.37
3052,South,Residential,801.71,733.78,67.93,77047.43
3053,Central,Industrial,1614.42,1407.58,206.84,26350.03
3054,Central,Residential,1973.99,1884.8,89.19,75086.41
3055,North,Industrial,1845.2,1557.85,287.35,53925.92
3056,East,Commercial,523.88,434.02,89.86,9027.01
3057,North,Commercial,2284.93,1868.11,416.82,13892.48
3058,West,Industrial,2074.35,1864.15,210.2,91046.57
3059,East,Residential,918.5,814.61,103.89,92147.27
3060,West,Industrial,2478.3,2186.74,291.56,8653.65
3061,Central,Industrial,1073.56,903.61,169.95,20362.69
3062,North,Residential,955.09,814.84,140.25,18382.35
3063,East,Residential,1964.13,1660.31,303.82,75279.81
3064,Central,Industrial,2275.2,2188.65,86.55,21635.34
3065,South,Residential,2331.4,2168.52,162.88,15609.2
3066,North,Residential,1968.48,1731.34,237.14,67728.8
3067,East,Industrial,1822.78,1689.99,132.79,69614.08
3068,West,Industrial,1130.3,1053.99,76.31,61775.26
3069,Central,Commercial,841.49,818.8,22.69,24018.09
3070,North,Residential,2113.92,1693.55,420.37,72333.26
3071,North,Industrial,2286.17,1927.16,359.01,99294.25
3072,West,Industrial,1410,1241.1,168.9,79975.47
3073,East,Residential,923.65,817.48,106.17,80754.96
3074,South,Industrial,729.08,614.33,114.75,83777.07
3075,West,Industrial,1849.34,1690.01,159.33,55204.19
3076,South,Industrial,2473.08,2234.73,238.35,92747.43
3077,Central,Industrial,1051.28,1005.09,46.19,74943.25
3078,North,Commercial,1027.52,960.72,66.8,57517.95
3079,East,Industrial,1992.77,1942.39,50.38,77484.23
3080,Central,Commercial,1449.08,1265.98,183.1,21748.39
3081,Central,Residential,2301.7,2210.94,90.76,89743.32
3082,Central,Residential,1642.24,1418.97,223.27,16156.94
3083,East,Industrial,2363.14,2096.58,266.56,31062.57
3084,Central,Commercial,705.83,679.85,25.98,19681.94
3085,West,Residential,2192.94,1853.97,338.97,67911.27
3086,South,Residential,2143.25,1866.47,276.78,94851.78
3087,South,Commercial,2311.83,1923.19,388.64,87244.91
3088,East,Commercial,670.74,589.51,81.23,69778.64
3089,North,Residential,2156.1,1874.11,281.99,62170.27
3090,Central,Industrial,868.79,808.29,60.5,34994.57
3091,East,Residential,1225.28,1165.16,60.12,11142.67
3092,East,Residential,1276.44,1140.92,135.52,35153.39
3093,North,Residential,813.23,789.34,23.89,15787.51
3094,West,Commercial,825.6,786.78,38.82,27811.19
3095,West,Residential,1857.15,1496.66,360.49,60721.74
3096,Central,Commercial,1183.85,948.18,235.67,11360.22
3097,East,Commercial,2126.98,2021.27,105.71,87309.64
3098,West,Commercial,2479.25,2208.52,270.73,34862.45
3099,Central,Residential,1814.44,1672.44,142,31396.17
3100,South,Industrial,1676.63,1618.79,57.84,9759.48
3101,South,Industrial,1298.57,1092.35,206.22,80910.31
3102,Central,Commercial,2488.83,2056.24,432.59,7386.7
3103,Central,Industrial,2105.3,2059.56,45.74,98062.73
3104,West,Industrial,1237.83,1041.62,196.21,86047.29
3105,East,Industrial,1052.23,992.43,59.8,60468.23
3106,North,Commercial,2168.34,1905.24,263.1,16746.8
3107,East,Industrial,639.01,587.25,51.76,74762.58
3108,South,Industrial,789.21,756.59,32.62,25896.98
3109,South,Residential,1961.69,1905.47,56.22,66842.85
3110,East,Industrial,1474.16,1284.56,189.6,12084.69
3111,South,Commercial,732.8,603.3,129.5,20817.18
3112,West,Commercial,1028.94,992.47,36.47,36643.37
3113,South,Commercial,2005.63,1630.22,375.41,88273.8
3114,Central,Industrial,621.73,544.4,77.33,69436.19
3115,Central,Industrial,1307.4,1115.16,192.24,29096.98
3116,South,Commercial,2181.45,2044.56,136.89,51730.29
3117,West,Industrial,1622.44,1301.57,320.87,64128.08
3118,Central,Commercial,1570.86,1486.57,84.29,18269.97
3119,Central,Commercial,2045.23,1786.68,258.55,62807.04
3120,West,Commercial,1647.28,1462.82,184.46,10079.32
3121,North,Residential,2222.61,1993.41,229.2,68437.63
3122,Central,Commercial,1248.9,1113.72,135.18,70548.84
3123,North,Industrial,1048.34,984.01,64.33,16508.1
3124,East,Industrial,2155.95,1951.56,204.39,31816.34
3125,East,Commercial,1124.94,1030.55,94.39,54874.19
3126,East,Commercial,2440.02,2275.39,164.63,25319.47
3127,South,Industrial,1915.68,1607.68,308,77933.6
3128,South,Industrial,787.21,753.82,33.39,79937.13
3129,South,Commercial,2308.8,2251.71,57.09,66213.97
3130,South,Industrial,677.03,661.03,16,78621.7
3131,East,Industrial,1327.06,1261.24,65.82,17657.56
3132,North,Industrial,2019.81,1629.07,390.74,14873.11
3133,Central,Residential,1587.35,1389.23,198.12,92851.68
3134,West,Commercial,1830.99,1490.04,340.95,48565.36
3135,West,Commercial,1802.78,1656.47,146.31,79348.06
3136,North,Commercial,604.77,512.63,92.14,9827.09
3137,Central,Commercial,987.69,801.16,186.53,90517.49
3138,Central,Industrial,976.57,880.13,96.44,98183.25
3139,North,Residential,2236.49,1898.93,337.56,10308.7
3140,South,Industrial,2382.75,2291.17,91.58,97330.15
3141,North,Residential,1476.89,1342.57,134.32,33052.81
3142,South,Commercial,2107.21,1858.98,248.23,23058.24
3143,North,Industrial,666.2,602.47,63.73,75641.99
3144,Central,Residential,1604,1556.82,47.18,24110.7
3145,West,Residential,2103.54,1684.52,419.02,68186.51
3146,East,Residential,739.72,660.86,78.86,6175.7
3147,East,Commercial,2087.59,1929.95,157.64,20495.92
3148,North,Industrial,1196.01,979.18,216.83,76718.88
3149,East,Residential,1153.96,1006.88,147.08,71622.72
3150,North,Residential,1648.39,1371.96,276.43,97840.61
3151,East,Residential,1807.77,1767.37,40.4,63469.73
3152,North,Commercial,1898.59,1823.63,74.96,50039.5
3153,North,Industrial,1987.63,1650.49,337.14,16867.05
3154,East,Industrial,2493.13,2277.32,215.81,49371.05
3155,North,Industrial,1717.5,1452.81,264.69,74021.23
3156,North,Industrial,2091.05,1698.74,392.31,84219.73
3157,Central,Residential,2352.67,1912.51,440.16,97497.78
3158,South,Residential,1496.5,1371.75,124.75,65852.87
3159,East,Industrial,1450.37,1290.48,159.89,87327.42
3160,East,Residential,964.49,907.38,57.11,99050.33
3161,Central,Commercial,1794.62,1698.87,95.75,82477.94
3162,East,Industrial,1941.29,1802.97,138.32,62721.12
3163,South,Industrial,545.66,459.75,85.91,96047.73
3164,East,Industrial,661.44,621.84,39.6,57691.96
3165,West,Residential,842.11,721.92,120.19,24189.64
3166,North,Residential,761.33,679.42,81.91,48843.73
3167,Central,Residential,822.76,721.48,101.28,60569.78
3168,North,Commercial,1994.26,1621.34,372.92,29326.1
3169,South,Commercial,2168.66,1991.07,177.59,57651.46
3170,Central,Residential,2220.43,1895.27,325.16,34596.21
3171,North,Commercial,732.9,696.97,35.93,96159.34
3172,North,Residential,1915.09,1602.97,312.12,89540.32
3173,South,Commercial,1246.23,1205.94,40.29,81927.94
3174,East,Residential,739.14,720.35,18.79,73905.55
3175,East,Commercial,517.79,454.06,63.73,96254.93
3176,East,Commercial,973.88,948.78,25.1,78846.59
3177,North,Commercial,1994.58,1909.32,85.26,82864.58
3178,North,Commercial,803.64,777.51,26.13,62796.02
3179,West,Industrial,1872.96,1692.59,180.37,36261.52
3180,South,Commercial,1483.21,1294.01,189.2,79393.15
3181,South,Residential,1318.53,1067.09,251.44,55098.27
3182,West,Commercial,2450.61,2223.18,227.43,67347.03
3183,East,Industrial,1909.99,1654.3,255.69,77955.08
3184,South,Industrial,1391.35,1256.72,134.63,37730.68
3185,East,Residential,2349.08,2013.12,335.96,8600.78
3186,East,Residential,1657.15,1554.97,102.18,32237.67
3187,North,Industrial,1759.53,1636.75,122.78,89093.94
3188,West,Commercial,1105.51,901.32,204.19,96123.49
3189,South,Commercial,1524.34,1455.9,68.44,43600.07
3190,South,Industrial,2243.27,1989.77,253.5,74718.62
3191,South,Commercial,2234.77,2060.85,173.92,42376.34
3192,Central,Residential,1559.91,1412.77,147.14,37873.7
3193,South,Industrial,833.32,756.73,76.59,72901.79
3194,South,Commercial,1599.07,1552.47,46.6,95251.18
3195,Central,Residential,1547.72,1385.7,162.02,76405.73
3196,Central,Commercial,1072.84,1024.66,48.18,24458.85
3197,West,Residential,1362.24,1136.32,225.92,97172.95
3198,North,Residential,2132.94,2058.81,74.13,13205.41
3199,East,Industrial,2424.84,2072.26,352.58,6728.59
3200,South,Residential,1082.34,1053.55,28.79,91035.05
3201,Central,Residential,1580.56,1361,219.56,63627.26
3202,West,Industrial,1431.31,1374.85,56.46,91627.66
3203,Central,Commercial,1098.92,907.9,191.02,84164.36
3204,West,Residential,1105.58,925.45,180.13,13023.93
3205,North,Commercial,1098.12,886.21,211.91,50838.93
3206,East,Residential,2493.77,2100.69,393.08,84157.56
3207,North,Residential,1938.16,1637.56,300.6,37435.1
3208,North,Commercial,2132.42,1751.23,381.19,65072.62
3209,North,Residential,1879.38,1721.24,158.14,14799.74
3210,West,Commercial,1337.21,1265.83,71.38,30113.08
3211,East,Industrial,1194.67,1034.6,160.07,90611.45
3212,North,Residential,1460.62,1201.88,258.74,30442.46
3213,West,Residential,1062.06,935.96,126.1,41561.52
3214,West,Residential,1439.47,1208.01,231.46,52336.51
3215,North,Industrial,1867.99,1621.74,246.25,49574.37
3216,West,Commercial,2152.69,1825.01,327.68,96796.45
3217,South,Industrial,1163.11,1027.39,135.72,78438.13
3218,West,Industrial,900.72,764.55,136.17,13284.31
3219,East,Industrial,929.11,792.03,137.08,44165.78
3220,East,Commercial,2309.37,1857.58,451.79,94907.46
3221,South,Commercial,1536.62,1461.28,75.34,27392.73
3222,South,Commercial,1654.5,1407.47,247.03,14813.79
3223,East,Commercial,2222.52,2059.51,163.01,43262.79
3224,Central,Commercial,887.82,771.45,116.37,18391.03
3225,West,Industrial,1355.37,1145.1,210.27,65707.38
3226,West,Industrial,2133.9,1958.75,175.15,82142.61
3227,Central,Industrial,1253.74,1042.74,211,32237.46
3228,Central,Industrial,1899.14,1839.61,59.53,40044.24
3229,South,Commercial,1989.75,1687.03,302.72,38783.38
3230,Central,Residential,1885.22,1525.96,359.26,61800.69
3231,East,Commercial,2437.51,2277.11,160.4,95658.35
3232,West,Commercial,2440.06,2018.38,421.68,19657.6
3233,North,Industrial,1146.92,1082.63,64.29,31646
3234,South,Commercial,820.97,669.71,151.26,94591.4
3235,West,Commercial,2308.22,2156.08,152.14,81261.33
3236,North,Industrial,2480.05,2096.57,383.48,24117.68
3237,Central,Residential,1418.68,1329.72,88.96,31390.65
3238,East,Residential,1057.08,912.18,144.9,11900.47
3239,North,Industrial,967.05,943.16,23.89,64017.75
3240,South,Industrial,1009.04,882.24,126.8,83427.23
3241,South,Industrial,2262.25,2073.14,189.11,18029.82
3242,East,Commercial,941.68,764.96,176.72,35733.09
3243,North,Commercial,2188.35,1941.28,247.07,50342.87
3244,East,Residential,1483.99,1402.66,81.33,76133.19
3245,West,Industrial,1752.26,1699.44,52.82,33639.92
3246,West,Commercial,971.73,838.41,133.32,86675.28
3247,Central,Residential,718.42,636.86,81.56,42914.14
3248,Central,Residential,1976.87,1617.15,359.72,31285.03
3249,West,Industrial,511.09,442.53,68.56,17689.54
3250,Central,Industrial,2389.54,2155.2,234.34,94240.29
3251,North,Residential,2389.38,2143.04,246.34,38509.09
3252,West,Industrial,2075.95,1901.64,174.31,60125.76
3253,South,Commercial,1673.76,1597.4,76.36,99616.48
3254,East,Commercial,810.13,718.41,91.72,50477.39
3255,East,Commercial,1801.42,1747.82,53.6,37077.14
3256,East,Residential,2474.02,2298.78,175.24,33983.43
3257,Central,Residential,770.46,668.67,101.79,69458.17
3258,South,Commercial,631.8,505.59,126.21,59897.83
3259,South,Commercial,734.83,637.45,97.38,44409.23
3260,North,Commercial,781.08,647.3,133.78,81953.33
3261,North,Residential,581.17,480.76,100.41,36552.85
3262,Central,Industrial,1824.76,1578.82,245.94,8006.48
3263,East,Residential,2096.25,1845,251.25,5699.66
3264,East,Residential,1693.29,1597.27,96.02,58088.3
3265,Central,Residential,1147.61,1073.98,73.63,33808.79
3266,South,Commercial,1537.08,1360.82,176.26,81901.38
3267,East,Commercial,1297.28,1245.22,52.06,74739.06
3268,Central,Residential,1888.84,1827.94,60.9,40415.06
3269,Central,Commercial,2268.19,2070.28,197.91,36663.97
3270,West,Residential,1717.9,1574.16,143.74,45808.58
3271,West,Industrial,2147.76,1990.2,157.56,23393.77
3272,Central,Commercial,750.78,632.42,118.36,10387.98
3273,East,Commercial,2134.3,1920.68,213.62,64563.45
3274,South,Commercial,1649.27,1568.98,80.29,75222.07
3275,North,Commercial,1327.28,1251.77,75.51,7683.95
3276,Central,Residential,2039.36,1837.05,202.31,15763.49
3277,West,Commercial,693.28,625.73,67.55,65239.95
3278,West,Industrial,1289.99,1194.37,95.62,21934.74
3279,Central,Commercial,574.81,464.46,110.35,56107.64
3280,North,Commercial,2404.93,2337.47,67.46,84185.49
3281,Central,Commercial,1165.78,1100.75,65.03,84875.52
3282,East,Industrial,1290.75,1088.44,202.31,81306.55
3283,North,Industrial,1990.9,1728.15,262.75,85266.59
3284,Central,Residential,2309.2,2021.96,287.24,56245.91
3285,South,Commercial,2082.9,1865.29,217.61,77926.87
3286,Central,Industrial,1079.66,1039.44,40.22,59836.28
3287,Central,Industrial,997.63,835.79,161.84,35666.53
3288,East,Commercial,2276.02,1986.79,289.23,82300.98
3289,West,Residential,565.22,502.79,62.43,68430.68
3290,West,Residential,1362.87,1204.55,158.32,20540.83
3291,North,Industrial,1588.06,1378.41,209.65,21717.23
3292,East,Commercial,1036.72,914.31,122.41,21520.72
3293,South,Residential,2324.07,2180.67,143.4,49666.23
3294,North,Residential,1229.4,1123.86,105.54,58809.61
3295,North,Residential,1018.54,961.56,56.98,11434.38
3296,West,Residential,2090.56,1673.68,416.88,66077.99
3297,West,Industrial,1058.43,940.95,117.48,94130.33
3298,North,Commercial,2442.76,1970.54,472.22,43967.71
3299,Central,Industrial,629.4,560.43,68.97,82543.1
3300,South,Industrial,1325.23,1213.45,111.78,41761.6
3301,East,Commercial,1723.45,1437.81,285.64,62713.98
3302,Central,Industrial,898.72,830.08,68.64,82463.41
3303,Central,Residential,1527.24,1388.98,138.26,86815.21
3304,Central,Residential,1395.17,1263.05,132.12,70508.61
3305,West,Residential,899.59,823.22,76.37,74783.94
3306,West,Commercial,2187.6,1876.27,311.33,53520.95
3307,Central,Residential,904.17,815.17,89,29015.35
3308,West,Residential,1980.16,1657.77,322.39,16666.53
3309,West,Residential,1787.95,1699.28,88.67,61537.93
3310,South,Industrial,1480.47,1336.82,143.65,50929.25
3311,South,Residential,1967.43,1803.68,163.75,51690.88
3312,Central,Commercial,638.77,541.08,97.69,15830.35
3313,Central,Commercial,644.14,520.19,123.95,82891.97
3314,Central,Residential,1001.94,843.03,158.91,89786.75
3315,South,Industrial,1198.07,1022.82,175.25,5224.86
3316,East,Commercial,1734.21,1659.77,74.44,85040.8
3317,North,Residential,2388.96,2316.46,72.5,19572.52
3318,West,Industrial,2440.29,2067.02,373.27,98574.87
3319,South,Industrial,589.64,503.14,86.5,98387.3
3320,South,Residential,502.1,466.08,36.02,45187.23
3321,West,Residential,1700.44,1457.15,243.29,77935.56
3322,Central,Residential,1192.8,994.72,198.08,11660.4
3323,North,Residential,892.38,796.74,95.64,33922.81
3324,Central,Residential,1469.47,1289.35,180.12,7266.76
3325,West,Commercial,881.94,710.41,171.53,35870.53
3326,South,Industrial,2393.32,2152.36,240.96,73299.02
3327,Central,Industrial,2386.22,2158.32,227.9,48915.01
3328,East,Residential,2479.88,2096.27,383.61,13935.23
3329,North,Residential,1053.36,952.76,100.6,31865.27
3330,South,Industrial,1353.77,1138.95,214.82,20943.39
3331,West,Industrial,1853.08,1625.97,227.11,35796.07
3332,North,Commercial,1006.63,971.88,34.75,34840.39
3333,West,Residential,2472.9,1994.92,477.98,48416.5
3334,North,Commercial,971.11,949.89,21.22,30377.16
3335,North,Commercial,1807.96,1500.93,307.03,51191.56
3336,West,Industrial,2229.01,1811.67,417.34,33997.04
3337,Central,Commercial,917.26,843.51,73.75,70135.57
3338,West,Industrial,2286.16,1969.53,316.63,88114.46
3339,West,Residential,2068.49,1965.75,102.74,86237.99
3340,East,Industrial,1004.64,929.66,74.98,86007.39
3341,West,Residential,1881.58,1563.44,318.14,78188.68
3342,Central,Residential,2048.85,1859.88,188.97,67913.93
3343,West,Residential,1663.05,1595.31,67.74,67385.54
3344,South,Industrial,1073.96,894.89,179.07,92290.3
3345,Central,Residential,1774.29,1472.71,301.58,61454.24
3346,North,Residential,584.65,540.07,44.58,36841.93
3347,Central,Commercial,1040.89,1009.04,31.85,17512.86
3348,East,Commercial,935.61,904.4,31.21,65857.74
3349,North,Residential,1158.64,940.03,218.61,34952.24
3350,East,Commercial,2216.3,1975.31,240.99,37088.95
3351,North,Residential,2400.18,2003.42,396.76,22439.11
3352,North,Commercial,1809.35,1643.5,165.85,76054.34
3353,Central,Industrial,1730.77,1584.84,145.93,18789.95
3354,East,Industrial,1923.05,1670.25,252.8,27335.22
3355,North,Commercial,732.46,593.55,138.91,97701.81
3356,Central,Industrial,567.5,502.08,65.42,72135.01
3357,West,Industrial,561.49,492.07,69.42,21219.24
3358,North,Industrial,703,651.54,51.46,47520.2
3359,Central,Commercial,2235.05,1987.22,247.83,56432.82
3360,South,Industrial,1357.69,1233.25,124.44,43328.58
3361,North,Residential,1035.42,917.77,117.65,81631.28
3362,West,Residential,916.52,778.51,138.01,24925.14
3363,East,Industrial,2185.58,1916.74,268.84,40749.52
3364,East,Commercial,1104.9,1066.63,38.27,18774.46
3365,West,Residential,1713.6,1465.15,248.45,98866.26
3366,East,Residential,656.33,595.02,61.31,90745.64
3367,East,Industrial,1991.01,1615.84,375.17,22416.74
3368,Central,Industrial,2245.47,1906.55,338.92,77989.59
3369,West,Industrial,2273.72,1861.73,411.99,87586.32
3370,East,Commercial,512,461.8,50.2,55242.39
3371,East,Residential,2435.69,2276.98,158.71,98523.58
3372,Central,Commercial,907.49,788.79,118.7,23649.79
3373,North,Residential,646.74,567.11,79.63,56058.58
3374,North,Commercial,999.32,915.25,84.07,88890.42
3375,Central,Commercial,2231.94,1808.12,423.82,70721.86
3376,Central,Industrial,2131.64,1971,160.64,48630.7
3377,Central,Residential,995.94,826.92,169.02,8031.87
3378,South,Industrial,2030.01,1744.89,285.12,11584.08
3379,North,Commercial,2172.25,1992.17,180.08,80043.15
3380,South,Commercial,1773.81,1529.63,244.18,80703.42
3381,South,Industrial,1804.28,1718.01,86.27,11176.08
3382,East,Industrial,1576.83,1371.07,205.76,24330.98
3383,South,Industrial,2004.22,1899.17,105.05,86917.73
3384,West,Industrial,1085.4,1055.52,29.88,73253.68
3385,East,Commercial,1427.8,1305.47,122.33,19308.65
3386,West,Commercial,1602.07,1402.96,199.11,77964.63
3387,South,Commercial,511.92,411.59,100.33,54155.74
3388,West,Industrial,1361.95,1306.7,55.25,65089.43
3389,South,Commercial,1303.25,1259.75,43.5,71752.28
3390,North,Commercial,2464.98,2134.37,330.61,73162.17
3391,North,Industrial,1528.71,1293.1,235.61,53140.19
3392,East,Residential,1298.74,1221.32,77.42,35906.96
3393,East,Commercial,1150.55,1076.25,74.3,6796.56
3394,South,Commercial,2048.74,1733.29,315.45,9564.52
3395,Central,Commercial,2181.47,1764.26,417.21,30505.57
3396,West,Residential,1953.95,1693.58,260.37,14672.96
3397,South,Industrial,1189.08,953,236.08,38554.54
3398,Central,Industrial,2235.28,2178.97,56.31,42786.5
3399,East,Residential,2470.22,2129.58,340.64,31016.76
3400,Central,Residential,501.35,414.72,86.63,91566.11
3401,East,Residential,666.52,650.37,16.15,89036.83
3402,East,Industrial,2034.99,1903.35,131.64,29596.63
3403,North,Residential,2001.46,1658.63,342.83,93794.55
3404,East,Commercial,674.8,561.56,113.24,14945.63
3405,South,Industrial,1110.46,1080.48,29.98,50787.4
3406,Central,Industrial,679.74,613.77,65.97,87422.47
3407,West,Residential,2220.25,2151.22,69.03,90030.48
3408,North,Residential,1237.18,1039.13,198.05,31013.49
3409,West,Residential,968.09,833.97,134.12,64730.99
3410,South,Industrial,1059.67,1029.28,30.39,92581.1
3411,West,Commercial,2215.54,1867.82,347.72,43354.13
3412,Central,Commercial,1603.22,1392.3,210.92,71399.97
3413,South,Commercial,1872.97,1545.46,327.51,20245.35
3414,South,Commercial,1115.18,1028.16,87.02,15578.7
3415,West,Residential,2389.91,1996.61,393.3,44569.93
3416,North,Residential,1858.86,1679.66,179.2,21512.47
3417,West,Commercial,2398.94,2308.41,90.53,19819.43
3418,Central,Industrial,1289.32,1037.7,251.62,71890.64
3419,North,Residential,2305.2,2180.6,124.6,72789.77
3420,South,Industrial,783.12,652.85,130.27,38466.48
3421,Central,Commercial,1727.4,1488.04,239.36,66541.82
3422,West,Commercial,1740.68,1672.68,68,11306.58
3423,South,Residential,682.84,586.45,96.39,51801.41
3424,East,Residential,2421.04,2226.28,194.76,68888.95
3425,South,Residential,1042.23,1009.94,32.29,14058.83
3426,East,Residential,1242.4,1102.57,139.83,66115.71
3427,East,Commercial,1258.89,1054.92,203.97,33520.81
3428,Central,Residential,509,477.23,31.77,83715.62
3429,East,Industrial,1764.92,1585.02,179.9,56588.78
3430,South,Commercial,2384.61,1985.37,399.24,74097.63
3431,East,Commercial,1735.35,1406.67,328.68,35160.32
3432,North,Residential,912.49,869.79,42.7,43060.77
3433,East,Residential,2491.83,2433.39,58.44,13770.74
3434,North,Residential,2037.74,1802.74,235,65610.08
3435,East,Commercial,1312.76,1267.3,45.46,36199.42
3436,South,Industrial,1194.51,998.32,196.19,57380.36
3437,Central,Commercial,2477.78,2101.34,376.44,67777.83
3438,East,Commercial,2003.39,1712.05,291.34,91104.46
3439,East,Industrial,1805.81,1639.88,165.93,88066.69
3440,Central,Residential,780.27,733.88,46.39,85976.23
3441,Central,Residential,2483.77,2025.52,458.25,88593.28
3442,West,Residential,2024.03,1655.09,368.94,69131.52
3443,North,Commercial,1529.25,1280.81,248.44,77243.14
3444,North,Industrial,512.84,410.91,101.93,9308.35
3445,Central,Industrial,674.66,634.44,40.22,41564.32
3446,West,Commercial,1696.6,1659.1,37.5,86947.06
3447,East,Commercial,519.03,495.42,23.61,27083.98
3448,South,Residential,894.11,788.61,105.5,49815.59
3449,Central,Commercial,677.78,577.43,100.35,21941.46
3450,North,Industrial,967.75,905.72,62.03,69699.91
3451,South,Industrial,1738.95,1546.4,192.55,43254.63
3452,South,Residential,1858.8,1625.51,233.29,68871.47
3453,South,Industrial,613.8,546.73,67.07,95889.43
3454,West,Residential,2289.31,2023.16,266.15,70897.53
3455,West,Residential,888.31,842.28,46.03,94083.35
3456,North,Commercial,2042.76,1940.73,102.03,8855.05
3457,West,Commercial,1936.29,1822.35,113.94,81691.23
3458,Central,Residential,1464.13,1285.08,179.05,38676.74
3459,North,Residential,721.88,581.87,140.01,68945.43
3460,East,Commercial,1048.19,893.39,154.8,61779.4
3461,West,Industrial,1991.48,1743.99,247.49,86194.75
3462,East,Industrial,1970.95,1850.23,120.72,29946.09
3463,South,Residential,1901.15,1649.26,251.89,36551
3464,Central,Residential,2461.33,2336.45,124.88,25827.35
3465,East,Commercial,2054.16,1703.04,351.12,55153.47
3466,North,Industrial,2068.4,1658.29,410.11,39149.54
3467,Central,Industrial,1768.59,1693.88,74.71,46725.62
3468,North,Residential,787.73,671.73,116,67003.09
3469,East,Residential,1923.57,1880.46,43.11,62252.13
3470,North,Residential,1060.99,908.75,152.24,22885.28
3471,West,Industrial,686.45,601.46,84.99,52379.56
3472,Central,Commercial,1938.56,1804.64,133.92,45371.63
3473,South,Residential,2314.85,2094.5,220.35,57544.71
3474,South,Residential,748.07,668.9,79.17,57729.78
3475,North,Industrial,1565.25,1484.13,81.12,98875.52
3476,Central,Industrial,1457.33,1239.56,217.77,75902.15
3477,South,Residential,1340.79,1167.7,173.09,31629.92
3478,West,Residential,1388.98,1139.89,249.09,24562.71
3479,West,Residential,2433.94,1947.47,486.47,11955.91
3480,West,Industrial,2167.87,2109.69,58.18,49203.25
3481,South,Residential,676.94,619.41,57.53,58001.86
3482,South,Commercial,2262.24,1869.06,393.18,59163.2
3483,Central,Commercial,2071.33,2006.21,65.12,80783.11
3484,North,Industrial,1299.32,1048.1,251.22,78538.81
3485,South,Commercial,881.56,738.69,142.87,68567.29
3486,East,Residential,1925.93,1825.83,100.1,85682.9
3487,Central,Industrial,1740.3,1408.14,332.16,70400.23
3488,East,Industrial,628.41,573.31,55.1,91821.39
3489,South,Residential,542.07,457.03,85.04,19801.39
3490,East,Commercial,2306.84,1862.65,444.19,62630.1
3491,Central,Commercial,1029.56,993.05,36.51,40817.74
3492,South,Industrial,1065.5,1040.74,24.76,46255.01
3493,North,Residential,2198.2,2114.69,83.51,66389.05
3494,East,Industrial,2121.96,1933.98,187.98,20203.12
3495,Central,Commercial,1131.86,1077.54,54.32,40489.08
3496,East,Commercial,742.52,672.52,70,79571.13
3497,East,Residential,2159,2088.67,70.33,13554.67
3498,South,Commercial,1839.65,1799.68,39.97,33372.65
3499,West,Commercial,981.82,856.34,125.48,12343.31
3500,Central,Industrial,850.38,732.51,117.87,36336.39
3501,East,Residential,731.07,715.2,15.87,89996.08
3502,East,Industrial,584.7,525.72,58.98,99303.05
3503,East,Residential,1573.23,1516.49,56.74,18007.78
3504,North,Industrial,2378.09,1983.86,394.23,64265.31
3505,South,Industrial,1010.09,974.67,35.42,84962.62
3506,South,Residential,869.02,831.61,37.41,78447.25
3507,East,Residential,880.51,727.5,153.01,44055.83
3508,West,Industrial,2000.56,1920.75,79.81,80073.95
3509,East,Industrial,1520.13,1356.37,163.76,91982.19
3510,East,Residential,2455.81,2004.9,450.91,75677.9
3511,North,Commercial,2260.62,2064.93,195.69,48473.68
3512,East,Commercial,755.37,662.99,92.38,32113.71
3513,North,Commercial,1104.18,905.57,198.61,81823.36
3514,North,Industrial,948.35,917.95,30.4,57756.73
3515,Central,Industrial,698.44,612.85,85.59,20582.94
3516,Central,Industrial,609.84,537.59,72.25,43910.19
3517,West,Residential,2280.38,1973.14,307.24,54594.29
3518,North,Industrial,1619.2,1581.56,37.64,36959.92
3519,North,Industrial,2136.35,1983.41,152.94,34371.81
3520,South,Commercial,849.3,769.52,79.78,53230.52
3521,West,Residential,1463.53,1331.69,131.84,65146.69
3522,Central,Commercial,1709.72,1398.74,310.98,72959.63
3523,West,Residential,2217.3,2007,210.3,84178.97
3524,South,Commercial,719.06,640.79,78.27,85030.25
3525,South,Residential,1360.29,1331.26,29.03,45129.08
3526,North,Residential,2258.82,1820.06,438.76,78680.19
3527,South,Industrial,1415.54,1153.84,261.7,84060.18
3528,South,Commercial,2439.12,2354.7,84.42,23481.95
3529,Central,Residential,723.72,693.14,30.58,29996.64
3530,South,Industrial,2221.43,1961.93,259.5,70337.66
3531,East,Industrial,671.27,601.11,70.16,89217.87
3532,West,Residential,1479.16,1395.29,83.87,41506.7
3533,North,Residential,2169.22,1870.52,298.7,87808.67
3534,West,Commercial,699.51,638.7,60.81,55202.37
3535,North,Industrial,1859.55,1520.42,339.13,47592.42
3536,South,Residential,1606.43,1402.63,203.8,79925.23
3537,East,Commercial,641.2,596.87,44.33,83934.7
3538,South,Residential,980.85,832.63,148.22,86412.05
3539,South,Industrial,2126.1,1784.91,341.19,96040.42
3540,North,Residential,1929.42,1747,182.42,63012.78
3541,North,Commercial,1589.18,1496.75,92.43,44088.64
3542,East,Commercial,2304.37,2035.96,268.41,57462
3543,West,Commercial,790.28,762.41,27.87,13661.8
3544,Central,Industrial,2413.34,2346.08,67.26,9105.61
3545,Central,Residential,1602.87,1331.79,271.08,37024.96
3546,East,Residential,823.05,720.7,102.35,35377.65
3547,Central,Commercial,519.74,447.13,72.61,32389.74
3548,East,Residential,820.64,744.29,76.35,97334.13
3549,North,Residential,1752.13,1469.04,283.09,89444.52
3550,South,Industrial,1259.74,1234.34,25.4,38838.48
3551,West,Residential,591.96,544.08,47.88,61800.34
3552,North,Residential,618.23,582.45,35.78,16954.87
3553,South,Industrial,1510.25,1219.44,290.81,65544.95
3554,Central,Industrial,2427.57,2160.97,266.6,22668.67
3555,West,Industrial,524.72,456.79,67.93,27481.68
3556,West,Residential,855.15,826.8,28.35,64102.48
3557,West,Residential,1285.43,1037.21,248.22,89352.91
3558,Central,Commercial,758.11,650.7,107.41,84785.19
3559,South,Residential,1730.42,1489.51,240.91,93673.35
3560,Central,Residential,943.28,860.25,83.03,42575.55
3561,North,Residential,1555.01,1494.15,60.86,37347.42
3562,West,Commercial,2486.26,2419.63,66.63,40181.4
3563,South,Industrial,2161.57,1990.61,170.96,47430.65
3564,North,Commercial,836.12,682.93,153.19,76117.92
3565,North,Residential,1587.23,1272.55,314.68,86776.07
3566,Central,Residential,594.65,537.05,57.6,61243.98
3567,North,Residential,1290.16,1172.54,117.62,68017.61
3568,North,Industrial,1019.24,982.59,36.65,44449.53
3569,North,Industrial,607.09,558.94,48.15,7889.27
3570,East,Industrial,572.02,537.5,34.52,12951.53
3571,West,Industrial,2441.13,2249.6,191.53,57406.52
3572,South,Residential,1445.63,1199.73,245.9,81743.15
3573,Central,Commercial,2072.12,1957.74,114.38,60221.59
3574,North,Commercial,2362.02,1950.27,411.75,10252.17
3575,East,Industrial,1886.09,1610.72,275.37,28444.86
3576,North,Industrial,1222.2,1089.37,132.83,85390.93
3577,East,Residential,1081.22,932.45,148.77,18394.87
3578,South,Industrial,1800.68,1565.1,235.58,81622.31
3579,North,Commercial,567.8,469.62,98.18,64439.12
3580,South,Commercial,685.47,644.49,40.98,74952.22
3581,North,Industrial,897.62,747.71,149.91,56341.37
3582,North,Commercial,2349.25,1888.04,461.21,83885.57
3583,East,Industrial,1875.76,1832.96,42.8,46285.16
3584,Central,Residential,1938.24,1811.43,126.81,90682.34
3585,West,Residential,2409.99,2242.67,167.32,82611.67
3586,South,Industrial,1464.01,1314.58,149.43,76085.3
3587,North,Commercial,2323.9,1898.66,425.24,76953.39
3588,South,Commercial,524.35,420.57,103.78,47354.3
3589,Central,Residential,1732.94,1394.98,337.96,73922.4
3590,South,Commercial,1203.14,1120.14,83,87244.23
3591,South,Residential,787.61,644.19,143.42,85914.28
3592,Central,Residential,502.7,429.29,73.41,41189.87
3593,Central,Commercial,535.42,501.09,34.33,56410.18
3594,South,Industrial,879.09,812.42,66.67,24710.88
3595,Central,Commercial,1214.91,1005.54,209.37,60002.15
3596,West,Residential,1637.32,1458.24,179.08,66940.01
3597,West,Industrial,788.69,676.19,112.5,78677.33
3598,South,Commercial,1473.12,1263.93,209.19,37404.54
3599,East,Commercial,2015.8,1634.46,381.34,50942.53
3600,East,Commercial,2007.75,1877.77,129.98,51809.79
3601,North,Industrial,1709.45,1493.88,215.57,79416.27
3602,West,Residential,1808.52,1586.74,221.78,98925.51
3603,Central,Commercial,958.54,925.57,32.97,95086.47
3604,Central,Residential,2301.59,2066.51,235.08,23151.53
3605,Central,Industrial,1425.57,1239.86,185.71,98799.74
3606,East,Commercial,617.37,562.58,54.79,83765.96
3607,Central,Industrial,1550.17,1290.96,259.21,16388.46
3608,East,Residential,1632.28,1442.37,189.91,62593.36
3609,South,Commercial,2346.89,2258.04,88.85,28154.89
3610,Central,Industrial,1135.71,978.57,157.14,43185.64
3611,East,Industrial,1055.98,1031.87,24.11,23719.74
3612,North,Industrial,1611.98,1384.19,227.79,75811.73
3613,South,Industrial,817.41,776.43,40.98,13375.74
3614,East,Residential,1654.68,1458.74,195.94,73183.61
3615,East,Commercial,1934.35,1686.33,248.02,23696.26
3616,Central,Industrial,2015.6,1690.65,324.95,47376.85
3617,North,Industrial,2471.13,2108.7,362.43,59982.35
3618,North,Industrial,757.05,646.5,110.55,88533.02
3619,East,Commercial,2310.81,2254.41,56.4,29172.95
3620,Central,Residential,572.36,526.49,45.87,70062.14
3621,West,Industrial,1006.72,808.58,198.14,8618
3622,North,Industrial,560.81,463.17,97.64,7150.41
3623,North,Commercial,2366.71,2300.69,66.02,61455.51
3624,East,Residential,942.32,889.89,52.43,51953.21
3625,West,Industrial,1775.31,1693.85,81.46,43263.77
3626,West,Commercial,1615.48,1571.53,43.95,62012.74
3627,North,Residential,2391.59,2296.83,94.76,12409.42
3628,North,Industrial,2055.65,1738.74,316.91,51148.32
3629,East,Industrial,769.65,668.84,100.81,37025.55
3630,East,Commercial,2400.66,2257.85,142.81,67614.67
3631,North,Residential,1153.65,974.51,179.14,46885.15
3632,Central,Industrial,1335.92,1163.42,172.5,33664.94
3633,South,Industrial,1721.49,1416.77,304.72,87378.9
3634,West,Industrial,630.75,617.08,13.67,76853.39
3635,South,Commercial,534.97,518.68,16.29,40134.48
3636,West,Residential,1519.39,1236.65,282.74,62436.83
3637,East,Industrial,657.77,554.82,102.95,6838.29
3638,South,Residential,572.45,532.51,39.94,44838.02
3639,East,Commercial,1946.32,1794.16,152.16,76612.73
3640,West,Industrial,2460.83,2341.65,119.18,78564.92
3641,South,Industrial,653.28,541.51,111.77,57775.32
3642,West,Industrial,2289.24,1914.85,374.39,85995.6
3643,Central,Residential,1354.55,1180.64,173.91,13114.09
3644,Central,Commercial,2106.52,2024.92,81.6,15331.17
3645,Central,Residential,2048.93,1757.46,291.47,15106.28
3646,North,Industrial,2412.29,2311.26,101.03,37100.54
3647,East,Residential,521.43,493.31,28.12,29167.1
3648,Central,Industrial,2100.91,1695.93,404.98,46556.25
3649,East,Residential,1420.55,1190.81,229.74,81590.26
3650,East,Industrial,1322.42,1102.93,219.49,48178.47
3651,South,Industrial,1733.56,1487.81,245.75,81157.5
3652,North,Industrial,1815.8,1694.7,121.1,32394.52
3653,East,Residential,1683.47,1380.86,302.61,75120.58
3654,Central,Industrial,1350.78,1246.98,103.8,56156.59
3655,East,Industrial,1651.42,1373.51,277.91,10548.69
3656,East,Commercial,2290.29,2195.81,94.48,20340.25
3657,South,Commercial,1156.25,1037.73,118.52,16501.67
3658,Central,Commercial,1465.03,1259.79,205.24,37425.51
3659,Central,Residential,1141.81,994.54,147.27,24233.58
3660,East,Residential,1703.48,1429.26,274.22,52300.68
3661,South,Residential,1993.23,1667.27,325.96,33129.45
3662,West,Commercial,2281.72,2063.64,218.08,20635.88
3663,North,Industrial,1156.98,949.3,207.68,51206.1
3664,South,Residential,1580.6,1416.9,163.7,95914.58
3665,South,Residential,2433.5,2269.67,163.83,97370.67
3666,North,Commercial,1076.64,980.52,96.12,54709.62
3667,East,Residential,2488.39,2145.85,342.54,46651.9
3668,North,Residential,1958.68,1616.59,342.09,70862.98
3669,North,Residential,901.87,856.14,45.73,32670.15
3670,West,Commercial,943.42,882.28,61.14,82145.55
3671,West,Residential,595.44,557.14,38.3,26573.57
3672,Central,Commercial,1135.55,1067.87,67.68,79361.08
3673,South,Commercial,2180.75,2110.57,70.18,54407.68
3674,East,Residential,2048.14,1904.41,143.73,19278.45
3675,East,Residential,1441.91,1231.16,210.75,14800.61
3676,Central,Residential,1134.07,956.6,177.47,55165.63
3677,East,Industrial,1434.36,1286.62,147.74,43266.98
3678,West,Residential,1446.51,1407.24,39.27,60131.4
3679,East,Commercial,1870.37,1742.39,127.98,53349.3
3680,North,Industrial,636.4,570.86,65.54,96248.68
3681,South,Residential,1096.24,962.29,133.95,35437.3
3682,West,Industrial,960.64,887.03,73.61,47664.42
3683,East,Industrial,2160.32,1826.37,333.95,16188.12
3684,Central,Residential,687.61,615.3,72.31,57089.11
3685,Central,Commercial,582.58,510.17,72.41,92405.47
3686,North,Residential,2218.73,1895.41,323.32,87759.11
3687,South,Industrial,1797.66,1631.67,165.99,73595.24
3688,West,Commercial,1872.65,1684.02,188.63,73811.51
3689,Central,Commercial,1172.02,1031.17,140.85,9946.4
3690,Central,Commercial,1855.46,1516.7,338.76,75094.94
3691,West,Industrial,1518.25,1410.47,107.78,68173.01
3692,West,Commercial,1638.25,1599.58,38.67,70271.09
3693,South,Industrial,1519.09,1437.67,81.42,74146.78
3694,North,Residential,1936.4,1860.3,76.1,15001.17
3695,East,Residential,2073.17,1755.33,317.84,24843.44
3696,Central,Industrial,1056,866.91,189.09,80306.25
3697,West,Industrial,1167.44,1010.43,157.01,99820.22
3698,West,Residential,817.02,778.24,38.78,62436.21
3699,North,Industrial,1674.24,1410.57,263.67,77752.75
3700,East,Commercial,1159.9,1117.17,42.73,87719.4
3701,South,Commercial,2026.01,1867.29,158.72,60824.14
3702,Central,Commercial,646.21,558.71,87.5,71893.01
3703,West,Industrial,2272.67,1887.88,384.79,56957.32
3704,South,Commercial,815.9,669.98,145.92,22087.54
3705,Central,Residential,2065.4,1708.72,356.68,72807.21
3706,West,Industrial,1003.54,882.63,120.91,70573.01
3707,East,Commercial,692.63,673.65,18.98,12896.93
3708,North,Residential,1360.96,1274.62,86.34,37499.62
3709,North,Industrial,2204.11,2071.41,132.7,47076.84
3710,West,Commercial,640.67,557.79,82.88,90873.58
3711,South,Residential,1157.75,1131.57,26.18,53705.03
3712,North,Residential,1745.35,1495.26,250.09,27314.52
3713,South,Industrial,534.74,441.93,92.81,42420.36
3714,South,Residential,2481.73,2417.05,64.68,61738.46
3715,North,Residential,1114.3,987.37,126.93,41989.09
3716,South,Residential,2279.79,2188.62,91.17,51039.09
3717,West,Industrial,742.44,712.16,30.28,12621.54
3718,Central,Industrial,1246.21,1194.78,51.43,93635.78
3719,South,Residential,2415.68,2227.54,188.14,25802.47
3720,North,Residential,2097.43,1986.61,110.82,8470.57
3721,East,Residential,1469.03,1244.34,224.69,72732.07
3722,North,Commercial,1185.5,1056.88,128.62,90562.9
3723,West,Industrial,899.96,804.54,95.42,75267.59
3724,North,Commercial,1979.12,1765.56,213.56,64265.85
3725,West,Commercial,1749.3,1702.08,47.22,49895.07
3726,North,Industrial,1663.71,1555.15,108.56,90854.69
3727,Central,Residential,1972.23,1845.88,126.35,6157.94
3728,Central,Residential,1158.63,985.11,173.52,67756.44
3729,Central,Industrial,2473.2,2110.17,363.03,6824.19
3730,Central,Industrial,1459.68,1373.59,86.09,5443.73
3731,South,Industrial,683.39,657.57,25.82,84125.87
3732,North,Residential,2360.45,2243.65,116.8,7605.7
3733,North,Industrial,2391.43,2246.86,144.57,47045.07
3734,North,Commercial,2098.99,1966.03,132.96,97421.93
3735,East,Industrial,2020.07,1831.44,188.63,23768.54
3736,South,Commercial,1456.23,1280.01,176.22,79709.24
3737,North,Residential,2001.27,1678.22,323.05,68841.71
3738,South,Commercial,1238.01,995.84,242.17,55912.47
3739,West,Industrial,701.41,609.82,91.59,53729.26
3740,East,Residential,1811.02,1539.84,271.18,14889.22
3741,East,Industrial,2177.31,1765.87,411.44,6768.12
3742,North,Residential,696.5,672.4,24.1,19430.91
3743,South,Industrial,866.61,712.52,154.09,37961.3
3744,East,Commercial,1008.12,826.3,181.82,22031.72
3745,East,Industrial,1520.07,1381.35,138.72,6965.55
3746,East,Residential,1705.51,1629.41,76.1,95019.52
3747,North,Residential,895.55,735.26,160.29,11992.47
3748,East,Industrial,1596.42,1453.25,143.17,87153
3749,South,Commercial,1961.09,1838.64,122.45,70137.29
3750,East,Industrial,1814.78,1776.47,38.31,30744.62
3751,West,Residential,2395.77,2235.9,159.87,72873.48
3752,East,Residential,565.69,491.41,74.28,37059.79
3753,North,Residential,1758.02,1631.68,126.34,86108.94
3754,West,Commercial,1381.1,1105.65,275.45,32553.84
3755,South,Residential,670.09,625.64,44.45,56940.21
3756,North,Industrial,1786.1,1633.61,152.49,21678.46
3757,East,Industrial,2066.65,1904.99,161.66,88919.67
3758,Central,Industrial,1917.92,1655.24,262.68,14531.76
3759,Central,Industrial,1700.18,1537.48,162.7,81856.61
3760,North,Residential,1447.46,1216.74,230.72,92150.21
3761,Central,Commercial,623.92,533.27,90.65,81133.43
3762,South,Commercial,2315.47,1879.33,436.14,41552.94
3763,North,Residential,2423.75,2323.98,99.77,5473.47
3764,Central,Commercial,1096.64,973.98,122.66,74683.8
3765,East,Industrial,867.36,799.48,67.88,44009.89
3766,West,Residential,2452.65,2210.55,242.1,28051.97
3767,Central,Commercial,1688.8,1623.32,65.48,5833.9
3768,North,Commercial,2062.2,1859.32,202.88,93712.86
3769,West,Commercial,1008.5,906.06,102.44,81005.75
3770,South,Commercial,1154.73,965.61,189.12,66151.57
3771,East,Industrial,2164.4,1994.18,170.22,10464.63
3772,North,Industrial,1521.34,1245.26,276.08,78184.24
3773,South,Industrial,2390.66,2189.04,201.62,55438.57
3774,West,Industrial,1799.79,1555,244.79,32430.09
3775,East,Residential,1926.23,1808.44,117.79,25980.76
3776,South,Industrial,1644.37,1565.69,78.68,47121.03
3777,Central,Commercial,1207.89,1038,169.89,12244.74
3778,West,Industrial,1022.18,947.65,74.53,17621.45
3779,South,Commercial,1428.63,1290.02,138.61,60089.73
3780,Central,Industrial,2107.85,1773.33,334.52,27701.65
3781,West,Industrial,1578.72,1487.11,91.61,14004.79
3782,West,Residential,1498.23,1417.66,80.57,86439.87
3783,Central,Commercial,1507.53,1313.95,193.58,91017.99
3784,West,Commercial,1947.47,1610.11,337.36,65503.51
3785,East,Industrial,1961.25,1880.4,80.85,33511.05
3786,Central,Commercial,819.28,726.99,92.29,80711.37
3787,South,Residential,1814,1663.68,150.32,18005.93
3788,North,Commercial,1769.17,1532.37,236.8,73036.43
3789,East,Industrial,1400.01,1159.43,240.58,62936.96
3790,East,Residential,2098.83,1681.44,417.39,38358.36
3791,South,Commercial,2240.77,2009.33,231.44,84780.29
3792,North,Residential,822.61,738.96,83.65,95608.96
3793,North,Residential,994.7,874.97,119.73,38134.95
3794,North,Commercial,751.36,636.28,115.08,28344.99
3795,East,Industrial,1758.2,1581.57,176.63,36971.49
3796,West,Commercial,1485.98,1413.05,72.93,15662.22
3797,Central,Commercial,1996.96,1769.55,227.41,21798.29
3798,East,Commercial,1163.18,978.51,184.67,16190.78
3799,East,Commercial,1358.11,1125.63,232.48,19091.83
3800,North,Residential,2290.89,1949.56,341.33,29370.72
3801,North,Commercial,1491.46,1375.64,115.82,20929.94
3802,East,Commercial,1661.69,1533.44,128.25,35368.21
3803,North,Industrial,2215.26,2018.57,196.69,79503.46
3804,South,Industrial,1183.07,1134.98,48.09,11568.99
3805,West,Commercial,2410.58,2191.04,219.54,93190.62
3806,North,Industrial,2166.43,1911,255.43,74977.22
3807,North,Residential,763.07,616.88,146.19,41723.16
3808,East,Industrial,1701.48,1426.16,275.32,78912.81
3809,South,Residential,762.83,687.46,75.37,81639.32
3810,West,Commercial,1721.54,1584.69,136.85,84139.5
3811,West,Residential,2008.8,1701.12,307.68,58209.65
3812,Central,Residential,1511.29,1424.97,86.32,91711.35
3813,West,Residential,653.26,553.58,99.68,61007.79
3814,West,Industrial,1123.59,947.68,175.91,60506.71
3815,West,Industrial,2074.61,1995.11,79.5,91766.8
3816,North,Commercial,2393.3,2113.76,279.54,10762.32
3817,South,Industrial,2208.16,1952.2,255.96,25956.32
3818,Central,Residential,1120.42,943.37,177.05,42980.66
3819,North,Industrial,2375.69,2139.36,236.33,27458.14
3820,Central,Commercial,2256.81,2121.95,134.86,58591.96
3821,West,Residential,1071.8,900.38,171.42,80259.94
3822,South,Industrial,2140.94,1842.5,298.44,72331.36
3823,East,Industrial,1311.1,1097.34,213.76,76563.92
3824,West,Industrial,1838.92,1731.9,107.02,7572.88
3825,East,Residential,640.76,565.01,75.75,65030.85
3826,North,Residential,1137.05,964.35,172.7,23599.93
3827,Central,Residential,2084.99,1875.58,209.41,19451.37
3828,North,Industrial,2328.14,1869.09,459.05,41924.85
3829,North,Industrial,1821.2,1639.87,181.33,79429.45
3830,West,Industrial,1612.75,1470.74,142.01,82120.34
3831,South,Commercial,2405,1953.32,451.68,56542.67
3832,West,Industrial,1528.74,1332.16,196.58,7390.13
3833,North,Commercial,1630.08,1348.34,281.74,27168.52
3834,South,Commercial,1638.79,1325.44,313.35,42512.89
3835,North,Industrial,1536.08,1359.68,176.4,95315.35
3836,East,Industrial,648.24,595.9,52.34,40768.05
3837,Central,Industrial,1581.77,1399.32,182.45,45636.44
3838,North,Residential,1424.63,1269.27,155.36,95363.14
3839,North,Commercial,2266.95,1847.18,419.77,67826.67
3840,West,Commercial,1610.45,1492.54,117.91,99651.64
3841,South,Residential,1105.81,1012.26,93.55,82220.48
3842,East,Residential,1053.86,984.38,69.48,18258.41
3843,Central,Commercial,1679.9,1563.27,116.63,38526.61
3844,South,Residential,1563.81,1525.09,38.72,38267.51
3845,North,Industrial,661.33,641.57,19.76,34865.18
3846,North,Residential,1417.42,1260.4,157.02,11865.2
3847,South,Residential,1032.41,871.49,160.92,32927.39
3848,South,Commercial,731.21,598.85,132.36,80161.09
3849,Central,Residential,2399.71,1989.94,409.77,42723.58
3850,West,Residential,877.48,762.26,115.22,97590.22
3851,Central,Residential,630.73,527.45,103.28,62118.32
3852,Central,Residential,773.45,715.01,58.44,90200.47
3853,Central,Commercial,998.65,920.72,77.93,21258.26
3854,West,Residential,2396.81,2038.46,358.35,51011.31
3855,Central,Industrial,735.95,658.06,77.89,51074.29
3856,Central,Residential,529.67,437.38,92.29,83630.53
3857,North,Residential,1691.69,1460.77,230.92,54802.82
3858,North,Commercial,787.93,710.07,77.86,74256.39
3859,West,Commercial,2162.82,1772.37,390.45,78640.93
3860,South,Residential,1729.94,1467.25,262.69,47881.68
3861,East,Industrial,1283.76,1229.37,54.39,83600.35
3862,East,Residential,677.18,569.37,107.81,51173.25
3863,Central,Industrial,1424.48,1316.11,108.37,52283.47
3864,Central,Commercial,1114.93,994.71,120.22,32041.02
3865,East,Residential,1285.4,1234.96,50.44,16039.81
3866,East,Industrial,1109.57,1031.03,78.54,91271.48
3867,Central,Residential,1008.7,952.81,55.89,19568.79
3868,Central,Residential,541.5,490.05,51.45,74625.22
3869,South,Residential,1280.77,1118.26,162.51,68848.97
3870,North,Industrial,2328.35,2039.64,288.71,59340.94
3871,North,Commercial,1275.63,1182.71,92.92,15659.28
3872,West,Residential,1184.97,1124.11,60.86,5735.3
3873,North,Industrial,2234.4,1815.88,418.52,59904.33
3874,North,Residential,1810.78,1558.21,252.57,66733.92
3875,South,Commercial,1063.68,940.95,122.73,52736.28
3876,Central,Commercial,1931.53,1740.77,190.76,89816.25
3877,West,Commercial,1586.47,1515.89,70.58,88743.65
3878,North,Commercial,914.17,755.72,158.45,31888.5
3879,West,Industrial,1285.52,1040.31,245.21,45894.59
3880,Central,Residential,714.55,585.33,129.22,8619.68
3881,South,Residential,1656.01,1374.8,281.21,18272.29
3882,East,Residential,2061.56,1793.88,267.68,12263
3883,North,Commercial,940.48,761.9,178.58,31348.2
3884,South,Industrial,1573.54,1418.29,155.25,97150.36
3885,North,Industrial,766.84,690.88,75.96,46759
3886,South,Residential,1821.79,1721.83,99.96,30079.47
3887,South,Residential,1737.59,1575.26,162.33,29561.33
3888,West,Commercial,928.4,770.9,157.5,74738.76
3889,Central,Industrial,578.92,536.14,42.78,78321.77
3890,Central,Commercial,1530.31,1440.9,89.41,49651.26
3891,West,Residential,1556.19,1444.28,111.91,13889.03
3892,Central,Industrial,1756.86,1650.2,106.66,17227.42
3893,North,Commercial,980.64,859.24,121.4,52400.87
3894,Central,Commercial,515.2,424.76,90.44,76397.08
3895,West,Industrial,1653.28,1434.49,218.79,43704.43
3896,East,Residential,1494.33,1198.85,295.48,40496.16
3897,North,Residential,1961.13,1685.33,275.8,96620.92
3898,Central,Commercial,859.54,728.48,131.06,21937.54
3899,West,Industrial,1486.75,1313.3,173.45,60140.58
3900,North,Residential,1027.73,827.15,200.58,89972.03
3901,West,Industrial,1170.69,1107.44,63.25,95476.04
3902,East,Residential,1878.32,1566.23,312.09,34146.55
3903,South,Industrial,2226.94,2025.33,201.61,45160.14
3904,East,Commercial,775.18,725.9,49.28,98200.68
3905,North,Residential,934.04,874.17,59.87,47902.59
3906,Central,Commercial,1147.53,984.91,162.62,99942.34
3907,East,Residential,1199.79,1101.52,98.27,54321.3
3908,East,Commercial,1166.13,1057.41,108.72,64988.09
3909,South,Industrial,1369.63,1219.19,150.44,15671.91
3910,Central,Residential,1145.45,953.59,191.86,48400.77
3911,Central,Commercial,1268.02,1214.76,53.26,97152.39
3912,West,Commercial,1021.52,909.45,112.07,86018.03
3913,South,Industrial,1774.17,1680.98,93.19,17814.13
3914,South,Industrial,2064.6,1970.76,93.84,81786.13
3915,East,Commercial,1731.28,1538.68,192.6,17347.62
3916,North,Residential,778.09,682.45,95.64,60336.41
3917,South,Commercial,622.63,558.18,64.45,32761.55
3918,South,Residential,1839.96,1774.74,65.22,24641.91
3919,Central,Industrial,1042.79,1015.68,27.11,91306.16
3920,North,Residential,2343.84,2177.58,166.26,30970.2
3921,West,Residential,1199.05,969.66,229.39,94106.11
3922,East,Industrial,623.71,564.54,59.17,73843.89
3923,South,Residential,876.61,728.3,148.31,96252.42
3924,Central,Industrial,936.84,782.44,154.4,99869.45
3925,South,Industrial,552.49,476.31,76.18,17783.02
3926,Central,Industrial,2382.07,2109.97,272.1,28267.41
3927,West,Residential,1718.56,1667.66,50.9,78251.35
3928,East,Industrial,1302.07,1147.57,154.5,79165.91
3929,West,Commercial,1362.66,1160.98,201.68,93310.34
3930,North,Commercial,894.28,750.3,143.98,88721.46
3931,West,Industrial,1876.04,1737.39,138.65,7952.4
3932,South,Residential,500.72,426.59,74.13,64931.34
3933,South,Industrial,621.84,548.01,73.83,58288.92
3934,West,Industrial,658.67,640.3,18.37,31858.3
3935,South,Commercial,1357.11,1291.79,65.32,15026.24
3936,Central,Industrial,1748.05,1510.2,237.85,61620.58
3937,East,Commercial,2450.85,2029.19,421.66,95128.78
3938,South,Residential,1778.12,1723.65,54.47,39512.27
3939,Central,Commercial,1529.24,1332.4,196.84,89689.97
3940,South,Commercial,2033.26,1764.08,269.18,17157.98
3941,North,Industrial,1333.61,1127.06,206.55,60714.56
3942,East,Residential,2382.52,2017.48,365.04,62118.29
3943,West,Industrial,1187.69,1104.18,83.51,44298.53
3944,West,Industrial,1116.29,1075.79,40.5,90922.95
3945,Central,Industrial,1883.45,1614.38,269.07,85707.6
3946,South,Commercial,2235.27,1844.35,390.92,77118.71
3947,Central,Residential,996.2,883.59,112.61,54081.39
3948,North,Industrial,2368.13,2123.78,244.35,71709.46
3949,West,Residential,1686.67,1360.56,326.11,16067.88
3950,South,Residential,1749.79,1464.49,285.3,82320.77
3951,South,Residential,2250.73,1807.28,443.45,46804.94
3952,Central,Industrial,1970.97,1726.6,244.37,20980.48
3953,West,Commercial,1581.87,1277.45,304.42,12670.27
3954,North,Residential,2446.44,1991.15,455.29,81093.92
3955,West,Industrial,1641.87,1517.85,124.02,45076.4
3956,East,Residential,927.63,767.67,159.96,16602.95
3957,North,Residential,1811.23,1663.74,147.49,29795.84
3958,West,Industrial,2346.6,2181.03,165.57,24689.73
3959,Central,Industrial,1324.41,1099.24,225.17,95920.3
3960,Central,Industrial,2424.92,2049.55,375.37,89788.72
3961,West,Industrial,602.43,509.9,92.53,98797.75
3962,North,Commercial,2028.18,1732.69,295.49,27333.07
3963,West,Residential,1402.97,1330.66,72.31,86167.5
3964,East,Commercial,512.69,452.75,59.94,50803.25
3965,East,Commercial,1638.09,1471.9,166.19,98532.02
3966,South,Commercial,2493.32,2052.8,440.52,59004.97
3967,West,Commercial,1203.01,1009.39,193.62,6406.17
3968,Central,Residential,1564.18,1384.46,179.72,26554.24
3969,Central,Commercial,1718.99,1614.77,104.22,57596.06
3970,South,Commercial,1891.45,1577.28,314.17,78972.06
3971,Central,Industrial,1994.44,1864.63,129.81,78900.2
3972,West,Industrial,2059.5,1892.53,166.97,68547.18
3973,North,Residential,2334.3,2105.43,228.87,11259.15
3974,North,Commercial,2498.47,2363.49,134.98,36549.86
3975,South,Residential,1221.94,1137.63,84.31,70360.69
3976,West,Residential,1420.68,1320.08,100.6,16114.84
3977,East,Industrial,822.88,720.84,102.04,60803.61
3978,North,Industrial,2314.06,1903.66,410.4,45359.61
3979,East,Commercial,1390.32,1153.64,236.68,24093.37
3980,South,Commercial,827.06,730.34,96.72,24885.59
3981,South,Commercial,950.83,892.08,58.75,94716.71
3982,South,Residential,1199.17,1105.86,93.31,38758.18
3983,West,Residential,1542.13,1466.48,75.65,63881.17
3984,Central,Residential,1948.54,1909.45,39.09,19393.41
3985,South,Commercial,552.16,462.43,89.73,54408.66
3986,East,Industrial,1473.56,1415.21,58.35,30953.92
3987,West,Commercial,536,463.54,72.46,11843.37
3988,South,Residential,2053.99,1724.68,329.31,87141.01
3989,North,Residential,1196.67,993.92,202.75,73612.81
3990,East,Residential,551.95,448.9,103.05,84636.44
3991,North,Commercial,733.37,617.04,116.33,36124.63
3992,East,Industrial,2174.19,1831.15,343.04,44641.25
3993,East,Commercial,2302.03,1875.46,426.57,73463.88
3994,Central,Industrial,567.09,500.31,66.78,45258.68
3995,North,Industrial,680.17,619.71,60.46,93088.23
3996,Central,Residential,1235.74,1105.66,130.08,56473.91
3997,West,Industrial,2487.43,2185.63,301.8,72446
3998,South,Industrial,1419.27,1229.67,189.6,38233.62
3999,South,Residential,2432.29,1973.57,458.72,80917.97
4000,Central,Residential,2071.63,1872.76,198.87,51978.86
4001,Central,Residential,1448.71,1371.68,77.03,11909.71
4002,North,Commercial,2463.69,2160.79,302.9,10339.91
4003,West,Commercial,1372.74,1101.52,271.22,37439.93
4004,South,Residential,1129.59,1092.56,37.03,34311.18
4005,Central,Commercial,516.56,415.63,100.93,6888.24
4006,North,Commercial,1320.64,1111.67,208.97,51534.16
4007,West,Industrial,1894.3,1815.88,78.42,12442.83
4008,North,Residential,669.72,632.6,37.12,58912.53
4009,North,Industrial,2402.33,1950.57,451.76,54977.3
4010,East,Industrial,1881.63,1806.9,74.73,35437.67
4011,Central,Industrial,1416.41,1191.75,224.66,5443.36
4012,North,Industrial,2494.74,2030.5,464.24,57759.94
4013,South,Residential,1012.68,887.2,125.48,46171.73
4014,West,Commercial,692.04,571.39,120.65,23896.1
4015,South,Commercial,816.95,790.61,26.34,98163.4
4016,Central,Industrial,881.36,721.44,159.92,20347.48
4017,East,Residential,850.83,829.19,21.64,76221.45
4018,Central,Residential,810.71,690.5,120.21,15397.95
4019,South,Commercial,2323.93,1948.01,375.92,42851.74
4020,East,Commercial,2285.26,1906.4,378.86,74446.24
4021,Central,Industrial,1089.5,986.52,102.98,28266.31
4022,West,Commercial,2467.19,2334.9,132.29,38812.27
4023,North,Commercial,1300.03,1150.66,149.37,19003.2
4024,East,Industrial,2127.93,1805.93,322,31074.13
4025,South,Residential,644.98,517.34,127.64,51177.93
4026,East,Residential,696.16,575.69,120.47,31638.73
4027,North,Industrial,2057.3,1791.8,265.5,75693.08
4028,East,Industrial,1139.17,933.24,205.93,22919.66
4029,Central,Residential,773.37,692.1,81.27,12095.47
4030,North,Commercial,2325.51,2256.34,69.17,81621.04
4031,West,Industrial,824.76,702.68,122.08,36493.66
4032,East,Commercial,814.58,762.25,52.33,28757.4
4033,Central,Industrial,1418.08,1382.9,35.18,80661.81
4034,West,Residential,1527.62,1442.08,85.54,31601.69
4035,East,Residential,1343.18,1265.78,77.4,72061.42
4036,North,Industrial,2453.31,2136.28,317.03,98694
4037,Central,Residential,1208.88,1102.04,106.84,17156.68
4038,North,Residential,2049.34,1946.05,103.29,48194.6
4039,Central,Commercial,1284.38,1122.08,162.3,65351.32
4040,East,Industrial,1734.23,1646.3,87.93,76941.56
4041,South,Residential,653.22,607.44,45.78,51430.86
4042,North,Industrial,2290.51,2123.01,167.5,73610.62
4043,Central,Commercial,899.62,746.32,153.3,36861.25
4044,East,Commercial,1489.59,1272.72,216.87,56906.83
4045,West,Residential,2255.54,1878.02,377.52,8161.42
4046,North,Commercial,920.42,893.06,27.36,71299.86
4047,West,Residential,923.06,876.62,46.44,97232.33
4048,West,Commercial,1816,1540.38,275.62,77394.09
4049,West,Residential,2418.17,1980.34,437.83,17917.19
4050,West,Industrial,2436.54,2186.69,249.85,21574.75
4051,East,Industrial,2239.5,2042.24,197.26,10465.99
4052,West,Residential,1367.5,1118.35,249.15,79954.08
4053,North,Residential,2187.18,1954.97,232.21,14025.35
4054,West,Residential,1255.49,1021.4,234.09,89279.12
4055,North,Residential,2311.03,2108.32,202.71,72067.29
4056,Central,Residential,644.12,539.58,104.54,40635.92
4057,West,Commercial,914.69,871.5,43.19,14050.25
4058,East,Residential,2048.02,1676.87,371.15,25171.68
4059,South,Commercial,704.08,682.1,21.98,7445.81
4060,South,Residential,548.53,452.59,95.94,63640.71
4061,East,Industrial,1508.89,1367.54,141.35,87053.32
4062,South,Industrial,686.78,567.25,119.53,74701.33
4063,West,Commercial,1527.41,1460.6,66.81,36842.84
4064,Central,Residential,1423.76,1352.06,71.7,56488.2
4065,North,Industrial,600.92,544.93,55.99,38558.9
4066,Central,Residential,614.15,581.08,33.07,56217.36
4067,South,Commercial,1932.44,1562.12,370.32,61389.79
4068,North,Industrial,1642.19,1461.08,181.11,28559.81
4069,South,Industrial,1332.64,1138.36,194.28,8990.16
4070,East,Industrial,695.28,647.01,48.27,53925.27
4071,West,Industrial,1609.09,1429.88,179.21,26330.18
4072,East,Commercial,2214.74,1851.31,363.43,86998.15
4073,Central,Residential,799.51,704.01,95.5,19529.77
4074,East,Residential,1147.67,952.48,195.19,52594.81
4075,East,Commercial,1187.33,1069.31,118.02,73632.34
4076,West,Residential,668.35,647.38,20.97,38123.34
4077,West,Industrial,2045.04,1707.6,337.44,35027.12
4078,South,Residential,825.73,757.65,68.08,76585.19
4079,North,Residential,2464.62,2327.41,137.21,48222.16
4080,South,Residential,1761.51,1587.37,174.14,18170.05
4081,North,Residential,752.48,602.68,149.8,36182.34
4082,South,Commercial,1489.14,1358.04,131.1,63626.52
4083,Central,Commercial,1095.59,969.55,126.04,83404.28
4084,Central,Industrial,1275.53,1033.26,242.27,52133.83
4085,North,Commercial,2316.17,1920,396.17,40119.9
4086,Central,Industrial,2262.99,2011.14,251.85,44945.44
4087,North,Residential,680.11,657.63,22.48,25214.37
4088,East,Industrial,2482.7,2357.94,124.76,48797.31
4089,East,Industrial,1669.93,1536.06,133.87,40220.04
4090,North,Residential,1339.62,1161.05,178.57,6778.49
4091,South,Industrial,689.66,581.15,108.51,47948.58
4092,Central,Commercial,1387.51,1182.48,205.03,23340.11
4093,South,Commercial,911.95,865.77,46.18,5227.56
4094,Central,Residential,1451.35,1249.13,202.22,81728.5
4095,North,Residential,1708.42,1666.84,41.58,52227.64
4096,North,Residential,1802.03,1658.99,143.04,97235.46
4097,Central,Residential,2477.05,1986.22,490.83,84477.6
4098,North,Industrial,1525.81,1423.72,102.09,91039.22
4099,East,Residential,1831.27,1537.54,293.73,70301.01
4100,West,Residential,1135.23,929.27,205.96,63141.4
4101,Central,Commercial,1986.67,1767.82,218.85,29593.63
4102,West,Commercial,1333.55,1109,224.55,59515.04
4103,South,Commercial,2427.65,2227.32,200.33,70864.96
4104,West,Residential,778.57,754.82,23.75,15839.53
4105,West,Commercial,1390.25,1119.39,270.86,59017.12
4106,Central,Residential,1934.74,1838.77,95.97,20252.17
4107,Central,Commercial,520.13,451.03,69.1,26852.47
4108,North,Residential,2043.44,1988.93,54.51,96227.14
4109,West,Residential,1668.9,1372.86,296.04,34731.96
4110,North,Commercial,2046.58,1767.75,278.83,26539.23
4111,East,Commercial,744.58,712.34,32.24,94293
4112,East,Residential,1947.76,1660.7,287.06,54343.65
4113,North,Residential,1937.86,1857.99,79.87,67762.09
4114,East,Residential,1940.8,1742.27,198.53,90014.12
4115,West,Commercial,1167.54,1066.41,101.13,10322.15
4116,North,Commercial,1211.79,1089.98,121.81,37200.8
4117,North,Residential,1069.19,928.4,140.79,59961.43
4118,East,Commercial,1388.55,1192.91,195.64,93111.44
4119,East,Commercial,919.95,835.44,84.51,26340.54
4120,Central,Residential,835.42,681.58,153.84,73417.86
4121,West,Industrial,1053.72,999.54,54.18,53952.23
4122,East,Residential,1768.87,1669.25,99.62,7947.22
4123,South,Industrial,2222.44,1980.23,242.21,9151.28
4124,East,Residential,2068.5,1988.15,80.35,46600.76
4125,Central,Residential,629.76,555.05,74.71,60214.36
4126,South,Residential,1212.92,1098.56,114.36,94620.94
4127,West,Industrial,2106.91,1733.69,373.22,91626.76
4128,East,Residential,758.52,681.7,76.82,87427.27
4129,Central,Industrial,955.19,884.41,70.78,49012.86
4130,North,Residential,692.96,601.85,91.11,61266.84
4131,North,Industrial,2084.12,1936.19,147.93,21065.64
4132,East,Commercial,530.64,493.84,36.8,83506.1
4133,North,Commercial,2289.74,2110.43,179.31,63686.44
4134,South,Industrial,834.46,775.65,58.81,41581.41
4135,South,Commercial,1316.79,1272.83,43.96,11552.15
4136,Central,Industrial,1185.84,1009.46,176.38,22365.86
4137,East,Commercial,735.33,633.9,101.43,17706.99
4138,South,Commercial,2135.06,1934.02,201.04,79358.13
4139,South,Commercial,2438.25,2281.47,156.78,14342.1
4140,Central,Commercial,2004,1962.72,41.28,94434.7
4141,South,Industrial,2430.32,2128.72,301.6,63507.64
4142,South,Industrial,1571.87,1472.15,99.72,49130.88
4143,East,Industrial,2105.38,1865.58,239.8,10706.5
4144,South,Industrial,1429.61,1147.14,282.47,31073.25
4145,West,Industrial,1796.47,1748.68,47.79,62585.69
4146,East,Commercial,1559.44,1526.36,33.08,8930.36
4147,South,Commercial,1687.67,1592.93,94.74,11161.87
4148,East,Commercial,1389.54,1267.35,122.19,96299.36
4149,Central,Residential,2146.04,1911.73,234.31,82546.89
4150,North,Commercial,1800.17,1572.04,228.13,71429.21
4151,South,Commercial,1445.59,1295.51,150.08,71426.25
4152,West,Industrial,2284.13,1892.16,391.97,48695.51
4153,Central,Industrial,1001.34,958.55,42.79,53595.04
4154,South,Industrial,1026.59,874.45,152.14,11801.41
4155,Central,Residential,2490.55,2012.33,478.22,7750.89
4156,South,Commercial,2169.87,2016.11,153.76,48065.09
4157,North,Commercial,1958.27,1728.76,229.51,18892.97
4158,West,Residential,1585.98,1541.52,44.46,56049.4
4159,North,Commercial,2409.99,2142.29,267.7,37406.09
4160,North,Industrial,2063.02,1723.01,340.01,40249.7
4161,East,Residential,1615.41,1474.13,141.28,23350.37
4162,Central,Industrial,906.27,752.79,153.48,40483.98
4163,South,Residential,2064.95,1866.4,198.55,84249.63
4164,West,Residential,1267.85,1162.18,105.67,56284.62
4165,West,Residential,1466.34,1376.48,89.86,74277.64
4166,East,Industrial,934,790.62,143.38,40268.73
4167,South,Residential,546.5,534.05,12.45,75321.92
4168,East,Commercial,1953.67,1657.7,295.97,24160.39
4169,West,Industrial,1585.88,1401.61,184.27,22505.35
4170,North,Industrial,1765.2,1578.69,186.51,21207.98
4171,East,Industrial,1454.91,1170.35,284.56,11431
4172,East,Commercial,741.93,701.1,40.83,73893
4173,Central,Commercial,558.16,468.23,89.93,7902.15
4174,Central,Residential,2469.86,2099.24,370.62,91918.29
4175,West,Commercial,991.7,956.14,35.56,47704.16
4176,North,Commercial,1617.7,1490.32,127.38,54336.3
4177,South,Residential,1401.87,1368.24,33.63,47675.97
4178,West,Residential,2214.97,1783.92,431.05,5039.46
4179,South,Commercial,580.05,539.82,40.23,63168.27
4180,West,Industrial,1160.02,1042.59,117.43,73623.69
4181,North,Residential,2113.18,2010.25,102.93,21070.76
4182,West,Industrial,1978.11,1839.9,138.21,65055.4
4183,East,Industrial,1726.32,1434.69,291.63,33566.16
4184,Central,Industrial,1792.48,1577.36,215.12,28383.65
4185,South,Industrial,904.08,733.22,170.86,5841.78
4186,West,Residential,742.48,694.96,47.52,7716.92
4187,North,Industrial,771.03,652.91,118.12,49937.81
4188,South,Industrial,612.96,510,102.96,40936
4189,South,Commercial,1589.2,1296.96,292.24,62023.28
4190,West,Residential,1597.57,1329.94,267.63,19556.89
4191,East,Commercial,1658.18,1529.74,128.44,71891.64
4192,North,Industrial,1409.44,1140.77,268.67,37506.19
4193,West,Commercial,687.12,659.38,27.74,81201.03
4194,West,Residential,891.49,840.07,51.42,94870.37
4195,North,Residential,2045.54,1696.04,349.5,97526.46
4196,South,Residential,741.21,637.44,103.77,47919.76
4197,West,Commercial,1130.13,998.9,131.23,87999.68
4198,East,Commercial,1818.3,1624.45,193.85,97837.41
4199,North,Residential,2478.57,2428.85,49.72,59465.27
4200,East,Industrial,2177.38,1910.48,266.9,82905.2
4201,South,Industrial,1098.55,1035.37,63.18,56020.18
4202,East,Residential,1071.5,960.21,111.29,67968.74
4203,North,Industrial,1787.96,1520.96,267,93621.25
4204,Central,Industrial,2377.55,2227.38,150.17,92809.16
4205,East,Commercial,1812.66,1730.91,81.75,57047.07
4206,Central,Commercial,1745.07,1589.32,155.75,21082.74
4207,North,Commercial,1670.87,1549.62,121.25,19291.35
4208,East,Residential,1789.77,1477.95,311.82,68436
4209,Central,Residential,564.91,459.75,105.16,68516.24
4210,West,Industrial,1101.73,994.52,107.21,6382.43
4211,Central,Residential,1122.24,912.48,209.76,41735.46
4212,East,Residential,731.2,609.95,121.25,84674.5
4213,North,Residential,1510.01,1452.67,57.34,9197.84
4214,East,Commercial,1072.9,958.65,114.25,25842.61
4215,North,Residential,1343.47,1276.65,66.82,98615.37
4216,East,Residential,1432.45,1149.02,283.43,72816.6
4217,West,Industrial,1709.47,1504.73,204.74,10954.53
4218,South,Commercial,1068.9,916.63,152.27,35104.81
4219,Central,Industrial,557.68,538.6,19.08,47672.65
4220,North,Industrial,1472.84,1420.08,52.76,82336.13
4221,Central,Commercial,1186.15,1020.73,165.42,54189.02
4222,East,Industrial,1671.33,1568.27,103.06,92452.78
4223,West,Commercial,2165.76,1959.99,205.77,63459.25
4224,Central,Industrial,1624.1,1348.74,275.36,6662.24
4225,North,Residential,1893.37,1812.63,80.74,31895.91
4226,South,Industrial,2201.12,1840.09,361.03,35893.29
4227,Central,Commercial,1767.93,1534.18,233.75,69710.85
4228,West,Residential,2296.25,2129.44,166.81,47321.09
4229,Central,Residential,2479.24,2082.02,397.22,67239.92
4230,North,Commercial,633.24,530.65,102.59,96300.84
4231,South,Commercial,876.69,851.37,25.32,21771.48
4232,West,Commercial,1656.33,1497.56,158.77,89897.72
4233,South,Residential,1262.59,1159.68,102.91,20118.41
4234,South,Residential,1812.75,1585.9,226.85,71497.1
4235,East,Commercial,1640.34,1575.26,65.08,8401.37
4236,North,Industrial,1665.27,1537.42,127.85,41461.18
4237,South,Residential,602.86,541.51,61.35,94023.86
4238,South,Residential,1781.99,1620.9,161.09,89202.81
4239,West,Residential,1233.08,1203.16,29.92,93219.76
4240,Central,Industrial,2140.96,1938.22,202.74,54278.12
4241,Central,Residential,2001.54,1638.53,363.01,82502.73
4242,West,Residential,1961.17,1689.7,271.47,5226.17
4243,West,Industrial,2276.08,2199.35,76.73,74321.61
4244,Central,Residential,1695.34,1452.19,243.15,62756.54
4245,South,Commercial,1852.47,1710.19,142.28,55799.52
4246,East,Industrial,1293.63,1251.86,41.77,80594.16
4247,West,Residential,1594.1,1375.82,218.28,72929.06
4248,East,Residential,1479.65,1422.03,57.62,76175.57
4249,South,Commercial,2416.92,2124.67,292.25,66804.52
4250,West,Commercial,1089.35,892.15,197.2,81279.03
4251,East,Residential,680.92,635.95,44.97,29618.95
4252,West,Commercial,1481.82,1306.61,175.21,6712.08
4253,Central,Residential,813.7,653.87,159.83,39254.37
4254,Central,Commercial,1870.45,1703.37,167.08,89077.33
4255,Central,Commercial,1576.04,1417.68,158.36,9814.08
4256,Central,Residential,1868.27,1770.55,97.72,33301.78
4257,West,Residential,1220.87,1128.16,92.71,64314.05
4258,North,Industrial,1007.02,942.57,64.45,80611.76
4259,East,Residential,1677.49,1391.45,286.04,44315.89
4260,West,Industrial,1879.31,1688.27,191.04,17799.48
4261,South,Commercial,709.49,646.21,63.28,13756.42
4262,North,Commercial,2005.01,1872.63,132.38,74727.78
4263,South,Commercial,2424.84,2177.43,247.41,27725.53
4264,West,Industrial,2125.18,1748.47,376.71,6068.09
4265,North,Commercial,2184.66,2048.17,136.49,28080.6
4266,West,Commercial,2451.49,2148.49,303,48000.87
4267,South,Industrial,1590.41,1422.37,168.04,46352.37
4268,West,Industrial,887.25,857.14,30.11,71069.86
4269,Central,Commercial,1898.04,1737.87,160.17,68379.58
4270,Central,Industrial,2049.99,1977.57,72.42,48789.06
4271,West,Commercial,2380.43,2150.33,230.1,39816.63
4272,North,Industrial,2085.66,1826.83,258.83,15269.61
4273,West,Residential,1048.16,915.16,133,20876.57
4274,Central,Commercial,2459.79,2048.86,410.93,5972.03
4275,West,Residential,2105.58,2004.14,101.44,66499.16
4276,East,Residential,1871.86,1560.29,311.57,44707.05
4277,Central,Residential,1195.53,970.57,224.96,92076.84
4278,East,Residential,2231.71,1846.59,385.12,65601.67
4279,East,Residential,1355.25,1326.99,28.26,60135.57
4280,North,Industrial,2040.89,1911.59,129.3,83353.07
4281,West,Residential,1546.1,1490.7,55.4,59910.66
4282,North,Industrial,1883.29,1797.32,85.97,71724.04
4283,South,Residential,1462.2,1310.99,151.21,85824.5
4284,West,Industrial,1519.58,1230.21,289.37,81918.86
4285,South,Commercial,727.71,582.31,145.4,76489
4286,South,Industrial,2439.12,2083.33,355.79,88869.49
4287,East,Industrial,2195.42,1788.61,406.81,99857.73
4288,East,Residential,500.87,477.64,23.23,21281.84
4289,North,Commercial,721.29,675.37,45.92,34256.35
4290,South,Commercial,2095.73,1797.5,298.23,17987.86
4291,East,Residential,2256.94,2145.97,110.97,97039.42
4292,South,Commercial,853.36,758.68,94.68,68330
4293,West,Industrial,2015.44,1965.12,50.32,27751.71
4294,Central,Industrial,633.47,523.47,110,66662.09
4295,North,Commercial,866.59,770.09,96.5,19768.87
4296,West,Commercial,1184.64,975.6,209.04,94293.7
4297,West,Industrial,1515.73,1413.49,102.24,26876.57
4298,West,Residential,1776.22,1641.08,135.14,79626.04
4299,Central,Residential,2467.59,2141.59,326,23419.43
4300,West,Industrial,1219.49,1076.83,142.66,46690.16
4301,West,Industrial,1976.07,1745.13,230.94,99391.27
4302,Central,Industrial,1968.64,1741.79,226.85,65643.13
4303,South,Industrial,1418.34,1209.3,209.04,62751.25
4304,Central,Residential,2305.9,2080.8,225.1,82669.08
4305,South,Commercial,1259.51,1231.01,28.5,60966.27
4306,South,Residential,2476.11,1981.1,495.01,81770.85
4307,Central,Residential,2016.47,1793.57,222.9,32559.66
4308,South,Residential,1816.73,1582.27,234.46,46818.09
4309,West,Residential,815.11,691.66,123.45,33050.82
4310,East,Residential,1812.82,1482.08,330.74,23456.47
4311,West,Industrial,1766.23,1653.8,112.43,11033.56
4312,East,Residential,784.28,731.3,52.98,82103.4
4313,North,Commercial,1602.67,1353.42,249.25,30621.78
4314,North,Industrial,1116.91,929.24,187.67,87697.18
4315,West,Commercial,1430.3,1198.2,232.1,53037.46
4316,East,Residential,907.55,852.92,54.63,53531.4
4317,East,Residential,1284.89,1082.94,201.95,81441.7
4318,South,Industrial,603.98,487.14,116.84,61098.03
4319,North,Commercial,1869.15,1776.02,93.13,59098.69
4320,South,Residential,1354.75,1097.24,257.51,5978.52
4321,North,Industrial,2113.05,1843.85,269.2,21942.43
4322,West,Industrial,1680.55,1573.65,106.9,8295.88
4323,North,Residential,930.02,880.97,49.05,44495.92
4324,North,Residential,769.28,693.91,75.37,80552.01
4325,West,Industrial,1676.99,1609.2,67.79,27522.6
4326,North,Residential,1292.25,1078.31,213.94,73546.38
4327,South,Industrial,609.49,488.21,121.28,53306.19
4328,Central,Commercial,2410.02,2354.54,55.48,46825.38
4329,West,Commercial,1174.3,1105,69.3,49234.5
4330,Central,Commercial,2304.29,2258.18,46.11,18063.32
4331,North,Industrial,1248.28,1029.25,219.03,77664.39
4332,South,Residential,2237.64,1904.8,332.84,75993.69
4333,North,Commercial,948.75,830.24,118.51,56585.71
4334,North,Commercial,2450.38,2328.76,121.62,37080.31
4335,West,Residential,2195.16,1896.3,298.86,79256.79
4336,South,Residential,2146.41,2072.63,73.78,24542.23
4337,Central,Residential,1382.84,1174.38,208.46,27266.71
4338,Central,Residential,1518.54,1284.45,234.09,29832.68
4339,West,Residential,1011.54,991.24,20.3,12939.29
4340,East,Commercial,617.22,499.73,117.49,32187.45
4341,South,Commercial,622.47,524.31,98.16,13325.29
4342,Central,Industrial,1206.59,1007.98,198.61,25586.71
4343,South,Residential,1683.91,1459.73,224.18,31312.88
4344,East,Commercial,810.44,782.87,27.57,10510.07
4345,North,Industrial,2429.32,2282.61,146.71,51100.77
4346,Central,Residential,1796.84,1548.27,248.57,92060.14
4347,South,Residential,1631.3,1432.18,199.12,79630.82
4348,West,Industrial,1786.14,1624.32,161.82,54569.63
4349,North,Residential,1431.72,1367.41,64.31,83037.08
4350,South,Industrial,1758.52,1561.91,196.61,50107.37
4351,North,Industrial,2389.21,2277.82,111.39,83675.78
4352,North,Industrial,777.37,746.58,30.79,58147.34
4353,North,Industrial,1142.64,1014.47,128.17,35337.82
4354,South,Industrial,1046.68,849.18,197.5,28478.95
4355,East,Commercial,2435.85,1984.13,451.72,30700.03
4356,East,Residential,1053.84,940.54,113.3,71154.96
4357,North,Industrial,2251.25,2139.9,111.35,55190.72
4358,North,Residential,682.22,584.96,97.26,22192.09
4359,West,Commercial,1302.73,1259.17,43.56,43381.81
4360,West,Residential,954.4,805.41,148.99,77793.4
4361,Central,Commercial,914.57,753.38,161.19,81783.04
4362,South,Residential,965.21,885.24,79.97,56287.32
4363,South,Residential,2118.58,1828.28,290.3,36676.15
4364,South,Industrial,719.4,642.09,77.31,49153.02
4365,North,Residential,1886.16,1758.59,127.57,72226.99
4366,East,Commercial,1784.14,1739.87,44.27,37506.1
4367,North,Industrial,549.97,514.54,35.43,33906.36
4368,West,Industrial,881.36,844.84,36.52,99219.42
4369,East,Residential,1199.71,1008.61,191.1,34523.47
4370,West,Residential,2429.5,2258.55,170.95,20742.59
4371,West,Commercial,1851.07,1661.59,189.48,8283.59
4372,North,Residential,1282.44,1076.32,206.12,92102.21
4373,East,Industrial,1064.11,892.67,171.44,44453.22
4374,West,Residential,1136.2,940.48,195.72,78955.79
4375,North,Industrial,1453.39,1383.2,70.19,28406.89
4376,Central,Industrial,1120.65,922.49,198.16,9415.87
4377,South,Commercial,506.53,432.55,73.98,72326.86
4378,Central,Commercial,802.38,778.25,24.13,16456.33
4379,North,Residential,1686.65,1378.8,307.85,58326.92
4380,West,Commercial,804.18,659.65,144.53,31977.22
4381,West,Commercial,1413.72,1220.83,192.89,70995.54
4382,North,Commercial,2055.46,1820.61,234.85,44194.25
4383,North,Commercial,2129.16,1970.51,158.65,78661.46
4384,North,Industrial,595.79,478.11,117.68,80772.47
4385,Central,Commercial,858.05,768.24,89.81,72006.78
4386,East,Industrial,2403.63,2246.4,157.23,57759.69
4387,West,Industrial,947.87,896.44,51.43,38549.54
4388,Central,Commercial,1602.23,1293.25,308.98,17253.4
4389,North,Industrial,1529.08,1471.68,57.4,34375.75
4390,South,Commercial,2206.83,1947.86,258.97,57509.06
4391,South,Industrial,1623.79,1580.06,43.73,20091.65
4392,Central,Industrial,1935.04,1549.08,385.96,68009.7
4393,West,Residential,948.79,767.28,181.51,69052.44
4394,South,Residential,752.91,630.72,122.19,86855.8
4395,South,Industrial,1864.96,1612.48,252.48,66880.17
4396,South,Commercial,794.7,653.5,141.2,66956.92
4397,North,Commercial,1820.82,1468.93,351.89,93520.45
4398,South,Commercial,1163.04,978.74,184.3,77233.8
4399,West,Residential,2272.86,2011.69,261.17,38753.44
4400,North,Residential,1981.65,1758.44,223.21,52146.64
4401,East,Commercial,2069.38,1667.87,401.51,32017.07
4402,South,Industrial,2191.52,1915.18,276.34,84021.73
4403,South,Commercial,1239.12,1171.65,67.47,89342.92
4404,West,Industrial,1350.97,1156.81,194.16,20338.88
4405,Central,Commercial,2367.12,1980.25,386.87,32479.89
4406,North,Residential,1968.27,1927.62,40.65,55264.55
4407,West,Industrial,986,882.89,103.11,18428.18
4408,East,Residential,950.21,915.44,34.77,81074.24
4409,South,Industrial,1227.9,1004.68,223.22,80017.31
4410,North,Residential,2442.73,2257.37,185.36,88892.59
4411,South,Commercial,1472.52,1275.95,196.57,89336.4
4412,West,Industrial,1737.14,1484.63,252.51,21644.16
4413,West,Residential,829.44,711.81,117.63,55860.4
4414,West,Residential,1188.6,1108.1,80.5,28501.48
4415,West,Industrial,1788.83,1522.12,266.71,77275.35
4416,Central,Commercial,693.03,627.31,65.72,83568.1
4417,Central,Commercial,539.91,451.91,88,41519.74
4418,South,Industrial,1135.78,1001.35,134.43,43862.74
4419,Central,Commercial,1165.87,1033.99,131.88,57190.58
4420,North,Commercial,1536.39,1469.51,66.88,12135.01
4421,North,Commercial,1719.02,1670.33,48.69,27261.74
4422,East,Residential,1772.8,1485.96,286.84,73756.41
4423,East,Commercial,1913.12,1689.2,223.92,96219
4424,West,Industrial,2092.28,1828.18,264.1,73696.94
4425,Central,Residential,960.72,772.22,188.5,24521.49
4426,West,Industrial,1398.26,1130.42,267.84,66066.45
4427,West,Industrial,1499.28,1368.84,130.44,72559.63
4428,Central,Residential,919.48,744.18,175.3,37846.07
4429,South,Commercial,792.74,766.8,25.94,53153.4
4430,East,Commercial,1742.98,1675.94,67.04,5115.39
4431,West,Industrial,2449.5,2238,211.5,38421.87
4432,West,Commercial,1429.09,1197.77,231.32,19513.28
4433,North,Residential,1832.72,1489.74,342.98,39218.91
4434,North,Industrial,1483.54,1277.67,205.87,45244.48
4435,South,Residential,1585.3,1359.82,225.48,32323.34
4436,West,Commercial,1256.46,1175.84,80.62,77998.33
4437,North,Commercial,2236.63,1842.12,394.51,25722.03
4438,Central,Commercial,2388.59,2295.15,93.44,52027.93
4439,North,Commercial,820.46,708.78,111.68,48136.86
4440,East,Industrial,1017.7,867.11,150.59,71954.06
4441,Central,Industrial,1635.85,1462.85,173,54877.16
4442,Central,Industrial,747.4,695.8,51.6,9993.95
4443,South,Residential,2092.47,1763.33,329.14,87857.95
4444,East,Commercial,2154.1,2084.8,69.3,63105.65
4445,North,Commercial,1964.55,1900.58,63.97,27309.9
4446,South,Residential,707.4,690.99,16.41,56372.31
4447,Central,Industrial,2198.75,2066.85,131.9,69282.1
4448,East,Industrial,707.07,575.36,131.71,89603.5
4449,East,Industrial,991.06,841.42,149.64,49276.09
4450,West,Commercial,735.5,643.04,92.46,76632.03
4451,East,Industrial,1426.23,1237.29,188.94,44331.59
4452,South,Industrial,1346.3,1193.86,152.44,27306.13
4453,West,Industrial,723.32,674,49.32,33126.18
4454,South,Commercial,1020.27,988.67,31.6,68835.81
4455,West,Commercial,1675.19,1549.32,125.87,40560.1
4456,South,Commercial,849.58,744.12,105.46,58551.7
4457,East,Commercial,612.05,539.91,72.14,14556.13
4458,Central,Commercial,1494.38,1432.87,61.51,97542.87
4459,North,Industrial,2243.76,2117.58,126.18,36574.06
4460,West,Industrial,1443.67,1204.08,239.59,75800.73
4461,South,Residential,2471.32,1990.1,481.22,74743.06
4462,South,Industrial,1643.78,1440.1,203.68,84887.15
4463,West,Residential,1869.06,1760.69,108.37,87394.88
4464,Central,Industrial,2458.31,2319.57,138.74,88211.83
4465,West,Residential,1532.87,1408.98,123.89,90720.66
4466,South,Residential,1265.06,1041.45,223.61,67307.48
4467,South,Commercial,2035.29,1845.81,189.48,16037.83
4468,East,Commercial,2181.31,1911.61,269.7,32853.66
4469,Central,Industrial,2372.02,1897.66,474.36,36386.38
4470,Central,Industrial,862.44,820.92,41.52,39749.07
4471,Central,Industrial,655.12,605.01,50.11,14197.37
4472,North,Residential,2302.67,1901.2,401.47,89762.7
4473,North,Commercial,1198.91,1171.09,27.82,16908.73
4474,Central,Residential,1500.75,1303.84,196.91,54420.48
4475,South,Industrial,601.28,537.86,63.42,68531.35
4476,West,Industrial,1522.49,1299.88,222.61,73888.21
4477,West,Residential,1064.35,975.91,88.44,60762.36
4478,Central,Commercial,977.45,868.73,108.72,51225.66
4479,West,Residential,2445.37,2164.36,281.01,50090.08
4480,South,Industrial,2075.28,1878.29,196.99,70398.64
4481,South,Residential,1976.52,1912.67,63.85,62240.28
4482,Central,Industrial,828.03,780.48,47.55,29081.29
4483,West,Industrial,578.6,485.63,92.97,62928.67
4484,Central,Commercial,1679.83,1349.68,330.15,82524.66
4485,South,Residential,2188.11,2117.9,70.21,94943.95
4486,South,Commercial,507.87,456.5,51.37,95761.23
4487,West,Commercial,2238.08,1857.31,380.77,22125.46
4488,East,Residential,1429.47,1295.19,134.28,25681.25
4489,North,Commercial,1782.28,1601.1,181.18,80730.48
4490,Central,Industrial,531.62,513.36,18.26,63560.91
4491,West,Residential,2171.01,1971.52,199.49,70622.58
4492,East,Residential,1888.59,1531.27,357.32,31671.59
4493,South,Commercial,1106.27,1051.57,54.7,95177.08
4494,East,Residential,2364.28,1988.72,375.56,53138.1
4495,West,Commercial,2463.37,2054.69,408.68,70329.43
4496,South,Commercial,1146.41,1062.64,83.77,66832.31
4497,Central,Residential,977.74,905.35,72.39,22376.04
4498,South,Residential,547.47,488.18,59.29,72732.24
4499,North,Residential,562.74,494.82,67.92,49027.87
4500,North,Commercial,972.62,848.69,123.93,57176.21
4501,North,Industrial,965.04,923.71,41.33,81082.11
4502,North,Residential,928.09,777.98,150.11,11132.1
4503,Central,Residential,2073.76,1860.16,213.6,28704.34
4504,North,Industrial,1069.45,960.13,109.32,21924.18
4505,South,Commercial,1683.29,1495.03,188.26,34840.96
4506,South,Commercial,1164.01,1028.25,135.76,16661.31
4507,Central,Industrial,631.45,505.2,126.25,82861.72
4508,East,Industrial,1954.52,1747.77,206.75,73020.96
4509,North,Commercial,536.05,484.6,51.45,88107.26
4510,North,Industrial,2227.67,1935.64,292.03,95711.58
4511,South,Industrial,591.29,518.67,72.62,50724.26
4512,East,Residential,1452.2,1291.72,160.48,82715.24
4513,Central,Commercial,644.57,516.82,127.75,17890.5
4514,East,Residential,1607.7,1345.92,261.78,44652.56
4515,South,Industrial,1093.57,1011.65,81.92,86948.22
4516,South,Industrial,1735.41,1592.39,143.02,59313.07
4517,South,Industrial,2182.32,1825.41,356.91,79235.49
4518,East,Commercial,1927.92,1668.47,259.45,45566.05
4519,South,Industrial,727.91,615.14,112.77,43448.03
4520,East,Commercial,2073.17,1976.11,97.06,56196.85
4521,North,Industrial,2220.42,2163.93,56.49,92876.48
4522,Central,Residential,1309.6,1056.82,252.78,82758.4
4523,East,Residential,798.09,640.2,157.89,81380.77
4524,South,Residential,1195.89,1051.2,144.69,45795.48
4525,Central,Industrial,1396.92,1159.22,237.7,40184.62
4526,East,Commercial,1805.93,1501.06,304.87,91938.73
4527,West,Residential,1487.37,1406.53,80.84,74671.91
4528,Central,Commercial,663.09,556.27,106.82,12272.06
4529,West,Industrial,2214.64,1800.49,414.15,30963.14
4530,Central,Residential,954.79,858.83,95.96,19633.78
4531,North,Industrial,785.52,738.5,47.02,20355.33
4532,South,Residential,1642.06,1320.1,321.96,69211.8
4533,Central,Industrial,1579.7,1441.65,138.05,94042.21
4534,North,Commercial,1565,1420.56,144.44,56426.35
4535,South,Residential,989.3,840.08,149.22,53422.43
4536,North,Residential,1473.77,1362.99,110.78,17560
4537,West,Commercial,1485.59,1228.17,257.42,50336.35
4538,West,Residential,730.56,647.85,82.71,57431.08
4539,North,Industrial,2297.7,1918.04,379.66,35133.85
4540,East,Residential,1189.64,978.65,210.99,46365.27
4541,Central,Industrial,1801.27,1720.81,80.46,60981.25
4542,North,Commercial,1695.8,1392.3,303.5,40527.21
4543,South,Industrial,1591.82,1321.13,270.69,22206.37
4544,West,Industrial,899.29,738.82,160.47,84591.72
4545,South,Commercial,581.49,520.95,60.54,8495.51
4546,North,Industrial,1978.11,1628.4,349.71,43396.68
4547,North,Residential,537.33,507.75,29.58,97179.48
4548,North,Industrial,2385.82,2005.68,380.14,63752.39
4549,West,Residential,793.27,773.27,20,44472.89
4550,East,Residential,2233.96,1971.65,262.31,67196.35
4551,West,Industrial,1836.58,1591.6,244.98,18368.51
4552,Central,Commercial,1711,1483.3,227.7,18806.67
4553,Central,Commercial,2475.01,2207.64,267.37,35327.86
4554,Central,Commercial,1625.07,1489.88,135.19,69755.61
4555,Central,Industrial,1857.86,1706.7,151.16,25608.27
4556,North,Commercial,814.3,717.44,96.86,97597.24
4557,West,Residential,1838.17,1734.53,103.64,76756.53
4558,North,Industrial,1881.93,1725.75,156.18,59972.06
4559,Central,Commercial,1429.52,1244,185.52,18202.36
4560,East,Residential,2465.22,2020.92,444.3,72323.37
4561,East,Industrial,1788.23,1445.18,343.05,57855.91
4562,West,Industrial,1266.7,1165.23,101.47,9282.79
4563,East,Residential,2451.45,2232.61,218.84,34385.43
4564,Central,Commercial,1400.04,1324.66,75.38,39983.99
4565,East,Industrial,2446.85,2006.35,440.5,32268.83
4566,West,Residential,575.36,494.94,80.42,57837.55
4567,East,Industrial,771.17,650.71,120.46,62694.13
4568,South,Commercial,563.2,479.14,84.06,60175.32
4569,North,Industrial,2489.15,2198.13,291.02,64923.93
4570,Central,Industrial,1300.54,1056.18,244.36,73649.09
4571,West,Industrial,1305.13,1072.89,232.24,36400.22
4572,West,Commercial,1722.91,1415.73,307.18,70786.17
4573,North,Commercial,2278.06,2005.7,272.36,31587.54
4574,Central,Industrial,2068.63,1921.45,147.18,25257.79
4575,East,Industrial,786.03,745.84,40.19,23894.37
4576,Central,Industrial,681.67,637.19,44.48,58579.37
4577,North,Industrial,2170.31,1942.94,227.37,65836.84
4578,South,Commercial,1056.45,958.77,97.68,90514.32
4579,Central,Residential,1498.13,1334.43,163.7,94069.92
4580,South,Residential,1778.03,1503.71,274.32,57414.09
4581,East,Commercial,2228.22,1832.94,395.28,93780.06
4582,Central,Residential,943.67,838.03,105.64,89175.13
4583,North,Commercial,1916.86,1687.32,229.54,80385.7
4584,North,Commercial,1748.95,1519.47,229.48,5672.92
4585,North,Residential,1757.64,1423.28,334.36,81354.01
4586,North,Residential,793.37,700.38,92.99,34699.06
4587,South,Residential,1315.66,1146.89,168.77,14946.83
4588,East,Industrial,2095.82,1977.94,117.88,67698.88
4589,East,Industrial,1328.03,1170.68,157.35,39736.08
4590,East,Commercial,1823.24,1546.96,276.28,16106.95
4591,North,Industrial,2222.47,1942.25,280.22,7291.09
4592,North,Industrial,2236.24,1924.02,312.22,15852.27
4593,Central,Commercial,1790.31,1490.93,299.38,47478.4
4594,West,Commercial,1920.68,1726.62,194.06,72708.76
4595,Central,Industrial,669.83,601.51,68.32,98509.19
4596,West,Residential,2022.31,1792.23,230.08,19227.28
4597,North,Commercial,1895.95,1708.05,187.9,62070.56
4598,South,Commercial,1366.6,1184.57,182.03,33962.99
4599,Central,Residential,601.99,507.94,94.05,67703.29
4600,South,Residential,2034.88,1871.33,163.55,99708.75
4601,West,Commercial,2308.54,1872.17,436.37,43938.75
4602,South,Industrial,1466.33,1308.5,157.83,72194.85
4603,South,Commercial,563.66,490.66,73,6591.08
4604,Central,Commercial,2031.38,1841.34,190.04,70847.41
4605,Central,Commercial,1244.33,1038.42,205.91,76003.68
4606,West,Industrial,860.24,776.82,83.42,78079.93
4607,West,Commercial,1103,932.69,170.31,45421.01
4608,South,Commercial,813.91,717.59,96.32,63406.13
4609,West,Residential,1863.21,1786.6,76.61,75580.22
4610,South,Industrial,1052.22,877.05,175.17,45590.95
4611,North,Residential,552.52,495.6,56.92,83286.32
4612,East,Commercial,2138.04,1865.66,272.38,74254.93
4613,East,Residential,1658.46,1535.19,123.27,34329.24
4614,Central,Residential,2327.64,2236.32,91.32,60753.37
4615,Central,Residential,1058.73,1028.28,30.45,22730.09
4616,South,Residential,1049.85,925.16,124.69,21077.87
4617,West,Industrial,2081.03,1822.92,258.11,39052.73
4618,Central,Commercial,691.3,634.36,56.94,91129.31
4619,Central,Residential,1722.61,1641.95,80.66,84771.67
4620,North,Commercial,2472.03,2121.62,350.41,31604.44
4621,North,Commercial,2367.7,1957.24,410.46,39923.22
4622,Central,Commercial,2087.16,2041.64,45.52,86636.95
4623,East,Residential,1018.37,952.65,65.72,14486.48
4624,Central,Industrial,1943.4,1740.26,203.14,24474.57
4625,North,Industrial,1859.31,1710.19,149.12,72597.18
4626,East,Residential,1978.96,1902.46,76.5,58199.99
4627,West,Residential,793.84,641.1,152.74,13622.85
4628,Central,Residential,871.23,791.19,80.04,71231.95
4629,West,Residential,2010.99,1917.81,93.18,71297.41
4630,West,Industrial,2448.68,2059.61,389.07,91448.38
4631,North,Residential,1570.48,1401.91,168.57,70031.65
4632,North,Commercial,2452.58,2346.61,105.97,97049.41
4633,West,Commercial,1466.85,1180.55,286.3,90145.05
4634,Central,Residential,2493.4,2331.35,162.05,36235.7
4635,South,Commercial,1494.1,1268.53,225.57,44202.3
4636,East,Industrial,2406.06,2042.04,364.02,76587.63
4637,West,Commercial,1217.24,1067.54,149.7,17305.54
4638,East,Industrial,1172.64,1068.83,103.81,41020.55
4639,South,Industrial,801.66,684.66,117,93833.83
4640,Central,Industrial,1392.89,1130.67,262.22,70032.21
4641,South,Commercial,885.15,780.33,104.82,90491.35
4642,East,Commercial,968.42,818.02,150.4,46214.08
4643,Central,Industrial,1459.41,1324.64,134.77,9441.05
4644,West,Industrial,1771.21,1568.59,202.62,87305.31
4645,North,Commercial,699.28,605.3,93.98,40340.62
4646,Central,Industrial,928.99,762.66,166.33,77191.22
4647,North,Industrial,2245.93,2105.6,140.33,17503.52
4648,West,Residential,1714.26,1521.86,192.4,31093.44
4649,West,Residential,1242.09,1093.9,148.19,47281.99
4650,North,Residential,2064.13,1876.21,187.92,60132.49
4651,South,Industrial,1089.91,1056.96,32.95,26360.53
4652,South,Residential,945.6,894.75,50.85,41261.03
4653,Central,Industrial,2309.84,2020.18,289.66,34259.4
4654,Central,Commercial,2006.17,1898.01,108.16,87327.41
4655,North,Residential,2446.95,2263.29,183.66,19360.14
4656,East,Commercial,2196.04,2071.35,124.69,81523.02
4657,South,Industrial,1020.87,871.17,149.7,42962.49
4658,Central,Industrial,974.47,795.97,178.5,54852.86
4659,East,Residential,784.88,753.74,31.14,98652.13
4660,West,Industrial,2013.91,1674.23,339.68,13144.54
4661,East,Commercial,922.55,820.18,102.37,11289.21
4662,East,Residential,2357.18,2236.87,120.31,12944.76
4663,South,Industrial,1842.94,1569.94,273,60794.59
4664,Central,Residential,1843.89,1655.8,188.09,37249.86
4665,South,Commercial,1341.54,1290.18,51.36,85769.62
4666,South,Commercial,2217.76,1826.56,391.2,70344.82
4667,East,Commercial,559.2,456.42,102.78,5743.73
4668,North,Industrial,595.89,484.39,111.5,41231.64
4669,South,Residential,2067.35,1868.74,198.61,37461.73
4670,Central,Commercial,823.66,777.71,45.95,97527.99
4671,North,Industrial,619.04,589.72,29.32,90265.68
4672,South,Residential,1642.31,1359.56,282.75,89635.13
4673,Central,Industrial,1140.76,961.61,179.15,52170.09
4674,West,Residential,1133.2,1021.84,111.36,6182.49
4675,Central,Residential,2427.22,2338.11,89.11,63422.11
4676,East,Residential,746.9,693.49,53.41,27339.49
4677,South,Industrial,1296.24,1228.48,67.76,76382.41
4678,East,Industrial,1425.71,1246.66,179.05,79566.04
4679,Central,Residential,1222.27,1006.43,215.84,29530.28
4680,South,Residential,1558.16,1448.52,109.64,84029.21
4681,Central,Industrial,1227.02,1053.12,173.9,38479.93
4682,North,Commercial,953.71,798.19,155.52,45492.32
4683,South,Residential,722.39,671.08,51.31,36549.8
4684,East,Residential,1249.83,1037.17,212.66,92677.91
4685,East,Residential,569.54,481.13,88.41,37792.69
4686,Central,Commercial,1319.1,1085,234.1,27604.84
4687,Central,Residential,2368.1,2229.51,138.59,64026.89
4688,West,Commercial,1108.9,1047.14,61.76,27522.04
4689,North,Industrial,1749.73,1462.58,287.15,54789.01
4690,East,Commercial,1770.43,1565.88,204.55,24009.89
4691,North,Residential,1735.44,1410.17,325.27,92932.99
4692,East,Industrial,1897.53,1766.84,130.69,41459.31
4693,West,Commercial,1249.9,1145.88,104.02,56748.21
4694,Central,Commercial,2441.22,2177.94,263.28,93007.11
4695,Central,Industrial,2008.61,1722.45,286.16,25206.23
4696,East,Commercial,2206.46,1834.26,372.2,47770.73
4697,North,Industrial,1017.34,956.33,61.01,92820.94
4698,North,Industrial,624.24,523.53,100.71,6633.08
4699,West,Residential,1158.1,1019.85,138.25,84990.41
4700,West,Commercial,1509.27,1215.49,293.78,6059.73
4701,South,Industrial,1614.89,1546.24,68.65,89290.55
4702,Central,Industrial,1048.74,921.07,127.67,75462.73
4703,South,Industrial,2279.8,2198.52,81.28,7711.6
4704,East,Residential,1210.18,1094.96,115.22,37146.62
4705,North,Industrial,720.77,661.1,59.67,98307.54
4706,Central,Commercial,724.98,679.26,45.72,45224.27
4707,Central,Commercial,1079.79,915.84,163.95,68589.25
4708,South,Commercial,1372.35,1299.57,72.78,8335.29
4709,Central,Residential,717.85,662.08,55.77,52911.94
4710,East,Residential,2199.32,2130.04,69.28,11816.99
4711,South,Industrial,2260.51,1947.71,312.8,61218.13
4712,Central,Industrial,1439.29,1299.47,139.82,76358.99
4713,North,Commercial,2027.98,1713.27,314.71,76069.35
4714,East,Commercial,2208.84,1788.84,420,77107.74
4715,East,Industrial,1054.79,960.47,94.32,54819.82
4716,North,Industrial,2244.57,1883.52,361.05,12339.73
4717,North,Commercial,2008.43,1958.49,49.94,68844.64
4718,Central,Commercial,1912.58,1767.44,145.14,68406.91
4719,South,Residential,1045.92,992.78,53.14,30199.34
4720,East,Industrial,515.58,496.69,18.89,38853.54
4721,North,Industrial,1958.05,1813.31,144.74,31632.26
4722,North,Residential,1710.59,1562.75,147.84,13532.8
4723,Central,Residential,838.12,733.53,104.59,38824.33
4724,West,Industrial,1153.67,942.39,211.28,99011.98
4725,East,Commercial,1731.94,1597.76,134.18,35119.35
4726,Central,Commercial,1648.92,1378.25,270.67,46520.78
4727,South,Commercial,1224.83,1031.38,193.45,69706.99
4728,Central,Commercial,2214.78,1970.46,244.32,5184.68
4729,West,Residential,2276.9,2205.49,71.41,89038.08
4730,Central,Commercial,1119.65,1062.14,57.51,88782.49
4731,West,Residential,2477.74,2104.96,372.78,23459.23
4732,West,Commercial,1941.56,1779.88,161.68,87101.04
4733,South,Residential,1062.49,880.34,182.15,73681.73
4734,North,Industrial,1135.5,914.8,220.7,95552.79
4735,North,Industrial,1324.85,1211.66,113.19,10414.8
4736,West,Commercial,1779.48,1640.77,138.71,9649.91
4737,West,Commercial,912.21,741.31,170.9,52163.2
4738,West,Commercial,1138.4,1089.98,48.42,30854.25
4739,South,Industrial,2493.57,2306.47,187.1,47326.6
4740,East,Industrial,2467.43,2008.35,459.08,95298.55
4741,Central,Commercial,1193.08,1151.43,41.65,69580.45
4742,East,Commercial,1366.24,1162.71,203.53,67197.34
4743,North,Industrial,1140.07,1064.29,75.78,7525.89
4744,Central,Commercial,2158.75,1933.84,224.91,30406.58
4745,East,Residential,1979.61,1782.09,197.52,47122.18
4746,West,Commercial,1558.11,1467.38,90.73,49915.15
4747,Central,Industrial,1101.14,1054.82,46.32,23907.27
4748,North,Commercial,2251.29,1860.81,390.48,49328.33
4749,East,Commercial,1678.75,1563.63,115.12,56922.76
4750,North,Commercial,2191.13,2049.67,141.46,78932.23
4751,Central,Industrial,2406.98,1993.36,413.62,76942.59
4752,West,Commercial,2426.67,2073.84,352.83,96465.27
4753,South,Residential,2386.19,2053.24,332.95,22683.76
4754,West,Residential,1602.74,1525.49,77.25,80763.64
4755,North,Commercial,1165.22,1030.9,134.32,11397.83
4756,East,Industrial,1185.12,1143.24,41.88,99089.23
4757,West,Commercial,1641.56,1591.42,50.14,56026.44
4758,East,Industrial,513.22,429.63,83.59,63513.38
4759,North,Industrial,689.95,618.32,71.63,74439.17
4760,Central,Commercial,2320.15,1940.82,379.33,16246.67
4761,North,Commercial,1942.95,1667.91,275.04,62366
4762,Central,Commercial,2090.7,1759.84,330.86,59452.14
4763,West,Residential,1648.95,1431.75,217.2,26602.42
4764,West,Industrial,1776.52,1606.65,169.87,48167.36
4765,South,Industrial,2386.43,2207.12,179.31,72911.31
4766,Central,Residential,2316.57,1979.19,337.38,47156.5
4767,East,Residential,832.93,783.8,49.13,45154.35
4768,North,Residential,1101.27,929.68,171.59,31602.9
4769,West,Industrial,509.67,473.65,36.02,98497.41
4770,North,Industrial,1190.82,1048.46,142.36,91867.52
4771,North,Commercial,900.58,881.42,19.16,38474.04
4772,Central,Industrial,1760.38,1638.24,122.14,90803.79
4773,South,Residential,1579.13,1278.61,300.52,67433.52
4774,West,Residential,1522.36,1457.54,64.82,52478.89
4775,East,Residential,1190.76,1003.16,187.6,87663.27
4776,East,Commercial,905.45,774.7,130.75,12768.95
4777,West,Commercial,2006.97,1913.78,93.19,55310.62
4778,South,Residential,2291.71,1952.92,338.79,27524.95
4779,South,Industrial,1713.98,1435.25,278.73,45847.08
4780,West,Commercial,1582.72,1304.53,278.19,78905.97
4781,North,Commercial,2036.42,1645.68,390.74,39959.3
4782,South,Industrial,2496.79,2229.1,267.69,17247.79
4783,West,Commercial,1569.09,1350.53,218.56,76370.17
4784,West,Residential,1383.78,1331.58,52.2,22608.95
4785,South,Commercial,625.8,539.54,86.26,19063.16
4786,South,Industrial,1730.52,1579.22,151.3,41438.67
4787,South,Commercial,831.81,676.56,155.25,13535.77
4788,Central,Residential,1291.88,1196.12,95.76,12895.77
4789,East,Residential,1908.89,1710.71,198.18,41763.61
4790,East,Residential,2401.21,2092.95,308.26,81609.87
4791,North,Industrial,2278.42,2190.21,88.21,32546.08
4792,South,Industrial,2274.44,2109.81,164.63,19958.55
4793,North,Industrial,1450.79,1311.02,139.77,6870.3
4794,West,Commercial,1959.48,1686.05,273.43,73925.45
4795,North,Industrial,1395.82,1317.24,78.58,12969.02
4796,North,Residential,2002.09,1829.71,172.38,58159.53
4797,East,Residential,2130.93,1995.77,135.16,67153.01
4798,West,Residential,1429.5,1383.22,46.28,80650.58
4799,East,Commercial,584.07,557.68,26.39,98086.1
4800,Central,Residential,2120.79,1971.78,149.01,29767.51
4801,South,Residential,2080.14,1789.02,291.12,51813.56
4802,West,Residential,1484.38,1330.3,154.08,95651.03
4803,Central,Industrial,1920.18,1706.29,213.89,55855.16
4804,Central,Residential,1108,1067.74,40.26,59880.48
4805,Central,Industrial,2465.7,2058.33,407.37,38853.57
4806,East,Industrial,1750.5,1445.73,304.77,76043.22
4807,West,Commercial,699.06,595.41,103.65,11812.79
4808,East,Residential,2217.15,1874.49,342.66,94620.36
4809,North,Industrial,1407.98,1229.26,178.72,11615.7
4810,Central,Commercial,1797.34,1732.63,64.71,60825.39
4811,West,Industrial,1995.84,1679.08,316.76,42398.59
4812,East,Commercial,509.54,425.39,84.15,55125.49
4813,North,Residential,1354.06,1271.79,82.27,33130.47
4814,West,Industrial,700.43,595.95,104.48,65921.69
4815,South,Industrial,1578.76,1495.73,83.03,54684.12
4816,West,Industrial,2097.27,1777.84,319.43,12487.65
4817,South,Residential,1461.55,1336.55,125,84797.24
4818,East,Residential,2018.66,1848.23,170.43,17338.8
4819,East,Commercial,2129.89,1867.35,262.54,71840.07
4820,West,Residential,779.53,624.41,155.12,31711.1
4821,South,Residential,2203.08,1920.48,282.6,80217.55
4822,Central,Commercial,519.6,428.11,91.49,95565.42
4823,Central,Residential,1873.12,1778.44,94.68,85594.39
4824,North,Industrial,1345.67,1153.3,192.37,26020.65
4825,North,Industrial,1116.23,1005.32,110.91,86155.02
4826,Central,Commercial,1455.99,1412.16,43.83,72522.64
4827,Central,Industrial,859.99,815.88,44.11,56072.56
4828,North,Commercial,995.02,893.07,101.95,84166.54
4829,North,Industrial,1224.17,1161.35,62.82,57230.29
4830,Central,Industrial,2044.71,1893.24,151.47,33714.78
4831,Central,Commercial,888.62,734.69,153.93,9438.22
4832,East,Industrial,696.35,561.12,135.23,22847.77
4833,Central,Residential,1540.12,1313.27,226.85,71760.34
4834,Central,Industrial,1463.99,1212.21,251.78,5649.92
4835,Central,Commercial,513.39,433.78,79.61,70985.45
4836,Central,Commercial,955.61,802.66,152.95,54599.18
4837,Central,Commercial,2415.29,2287.59,127.7,63441.79
4838,South,Commercial,1471.35,1421.54,49.81,41144.4
4839,Central,Industrial,1685.48,1365.25,320.23,16707.35
4840,East,Industrial,666.1,618.79,47.31,23036.44
4841,South,Industrial,2300.17,2045.71,254.46,56643.87
4842,East,Commercial,1847.53,1480.26,367.27,15646.48
4843,Central,Industrial,535.14,469.56,65.58,54780.95
4844,South,Residential,1054.9,912,142.9,55421.52
4845,East,Residential,1019.64,878.73,140.91,38028.13
4846,West,Commercial,702.67,635.01,67.66,47068.92
4847,Central,Industrial,1311.36,1153.32,158.04,95897.52
4848,North,Residential,1738.28,1645.35,92.93,15976.72
4849,Central,Commercial,773.33,677.3,96.03,63007.43
4850,West,Commercial,2145.58,2095.19,50.39,73514.39
4851,North,Residential,2462.76,2216.83,245.93,62869.08
4852,Central,Residential,1897.42,1583.99,313.43,74550.76
4853,Central,Residential,1213.99,972.93,241.06,11106.85
4854,South,Residential,1470.27,1392.57,77.7,80699
4855,North,Commercial,1262.43,1154.51,107.92,57767.3
4856,Central,Residential,1847.96,1680.36,167.6,71549.98
4857,South,Industrial,1806.15,1575.02,231.13,39522.37
4858,Central,Residential,974.08,856.65,117.43,5285.82
4859,West,Industrial,1105.54,1028.47,77.07,41375.93
4860,West,Industrial,1775.22,1480,295.22,76807.08
4861,West,Industrial,1863.15,1796.71,66.44,6429.86
4862,North,Commercial,1364.91,1318.51,46.4,95554.57
4863,East,Commercial,2001.73,1617.53,384.2,44877.29
4864,Central,Residential,963,817.95,145.05,71028.79
4865,West,Residential,1957.63,1627.09,330.54,18568.12
4866,East,Industrial,1293.32,1237.36,55.96,10500.5
4867,South,Residential,1957.94,1671.03,286.91,31938.05
4868,West,Residential,1771.21,1511.78,259.43,49259.85
4869,North,Commercial,817.39,673.59,143.8,91574.2
4870,North,Industrial,2487.46,2409.99,77.47,77807.24
4871,North,Commercial,2382.02,1947.58,434.44,86822.76
4872,Central,Commercial,642.06,544.7,97.36,65056.19
4873,South,Industrial,1799.05,1643.81,155.24,92712.01
4874,West,Commercial,1917.97,1731.95,186.02,24334.59
4875,South,Industrial,2458.62,2115.1,343.52,50275.82
4876,East,Residential,1339.27,1086.1,253.17,48266.15
4877,West,Commercial,1049.7,910.33,139.37,45448.19
4878,North,Commercial,1266.19,1132.67,133.52,6151.14
4879,West,Residential,1442.27,1308.41,133.86,32463.52
4880,South,Residential,1048.04,845.71,202.33,27076.12
4881,Central,Industrial,552.16,488.17,63.99,68343.44
4882,East,Commercial,1972.32,1667.19,305.13,66105.95
4883,West,Residential,1574.66,1535.27,39.39,62215.35
4884,North,Industrial,768.01,708.57,59.44,11693.44
4885,West,Commercial,2044.19,1775.41,268.78,24162.88
4886,Central,Commercial,1175.84,1068.9,106.94,85761.36
4887,North,Commercial,1383.06,1195.11,187.95,9748.39
4888,Central,Residential,824.69,663.5,161.19,70031.04
4889,West,Industrial,1736.48,1395.91,340.57,45333.23
4890,East,Residential,1875.74,1792.76,82.98,91906.41
4891,West,Residential,960.5,932.93,27.57,56046.47
4892,Central,Commercial,1953.42,1879.72,73.7,5987.49
4893,North,Residential,1051.11,1016.19,34.92,36278.94
4894,West,Commercial,2125.05,1933.45,191.6,16930.6
4895,Central,Industrial,2243.33,2059.97,183.36,65864.29
4896,South,Industrial,1056.69,880.41,176.28,23788.82
4897,North,Residential,803.87,679.52,124.35,29417.06
4898,Central,Residential,1887.82,1599.27,288.55,19985.29
4899,North,Residential,530.37,467.75,62.62,98650.88
4900,South,Industrial,1404.55,1321.76,82.79,49020.96
4901,West,Residential,1343.47,1135.46,208.01,74694.35
4902,South,Residential,728.59,646.47,82.12,41251.99
4903,West,Residential,833.59,707.44,126.15,83089.61
4904,North,Industrial,1850.13,1645.73,204.4,87300.28
4905,East,Commercial,1199.06,1097.33,101.73,92418.95
4906,North,Industrial,1780.11,1659.54,120.57,93834.24
4907,North,Industrial,2187.96,1826.35,361.61,17661.92
4908,South,Industrial,918.72,865.18,53.54,54091.95
4909,North,Residential,1791.85,1654.05,137.8,67873.39
4910,North,Residential,2475.5,2384.07,91.43,68366.42
4911,North,Industrial,799.28,676.95,122.33,36175.39
4912,East,Residential,1092.02,969.89,122.13,64369.05
4913,South,Commercial,2249.8,2140.54,109.26,70423.91
4914,East,Industrial,1429.54,1292.45,137.09,18646.86
4915,East,Commercial,2287.04,2076.68,210.36,34326.42
4916,East,Commercial,520.68,416.95,103.73,31741.87
4917,West,Residential,1743.44,1680.74,62.7,89489.16
4918,South,Industrial,2313.18,2051.23,261.95,77943.89
4919,Central,Residential,1381.03,1308.09,72.94,84610.47
4920,Central,Industrial,684.91,615.09,69.82,92960.15
4921,North,Residential,2024.23,1875.49,148.74,64016.66
4922,West,Industrial,2368.02,2001.04,366.98,7247.46
4923,North,Commercial,782.85,669.06,113.79,44756.94
4924,West,Residential,873.91,802.19,71.72,63247.35
4925,North,Industrial,1446.28,1266.96,179.32,58405.06
4926,Central,Industrial,1047.17,857.77,189.4,71802.22
4927,South,Residential,1802.4,1575.94,226.46,40902.73
4928,South,Residential,874.03,808.27,65.76,72501.15
4929,North,Residential,2050.29,1936.21,114.08,84901.93
4930,South,Residential,1330.55,1300.01,30.54,10945.28
4931,Central,Residential,2118.75,2049.79,68.96,56864.86
4932,South,Industrial,1485.18,1196.51,288.67,13311.86
4933,Central,Commercial,2165.05,1743.85,421.2,62000.84
4934,West,Residential,2126.67,1940.3,186.37,24999.64
4935,West,Commercial,1502.33,1423.54,78.79,78163.9
4936,West,Commercial,2117.65,1700.07,417.58,19222.98
4937,West,Commercial,1885.65,1802.52,83.13,6107.14
4938,West,Industrial,2445.9,2256.07,189.83,90202.28
4939,Central,Residential,1126.57,1014.99,111.58,47876.38
4940,Central,Industrial,1607.05,1515.05,92,61872.55
4941,South,Industrial,2293.05,1956.44,336.61,71988.92
4942,North,Residential,812.71,748.68,64.03,57174.32
4943,North,Residential,2330.76,1907.42,423.34,50913.5
4944,North,Residential,2227,1821.55,405.45,95329.46
4945,East,Industrial,1489.78,1315.72,174.06,48096.07
4946,South,Residential,1761.46,1485.38,276.08,61976.18
4947,South,Residential,2297.03,2087.3,209.73,46554.56
4948,East,Commercial,1199.7,1024.41,175.29,45277.23
4949,Central,Industrial,2298.53,2090.79,207.74,12470.03
4950,West,Commercial,1597.98,1396.35,201.63,53035.89
4951,South,Commercial,1500.74,1366.61,134.13,35229.33
4952,West,Commercial,1869.63,1586.04,283.59,92265.44
4953,North,Commercial,1479.69,1253.64,226.05,64746.28
4954,East,Residential,740.32,674.77,65.55,99396.6
4955,Central,Commercial,555.05,534.95,20.1,60864.25
4956,East,Commercial,1524.45,1223.55,300.9,19032.31
4957,East,Industrial,1290.98,1070.4,220.58,27163.11
4958,Central,Industrial,969.93,911.97,57.96,40453.86
4959,East,Commercial,1885.57,1763.48,122.09,50090.27
4960,East,Industrial,1600.24,1452.93,147.31,96134.93
4961,Central,Residential,1897.05,1727.95,169.1,16780.07
4962,West,Residential,1594.29,1403.32,190.97,23386.66
4963,Central,Industrial,1149.57,1042.34,107.23,66958
4964,South,Commercial,1004.3,940.23,64.07,87611.63
4965,Central,Industrial,2054.68,1862.75,191.93,68697.8
4966,South,Commercial,710.12,675.23,34.89,90506.53
4967,East,Industrial,1358.46,1296.3,62.16,33870.44
4968,East,Commercial,2065.91,1679.77,386.14,66279.76
4969,Central,Commercial,1001.28,930.72,70.56,59154.17
4970,West,Residential,1424.94,1361.99,62.95,64170.04
4971,West,Industrial,2146.64,1812.26,334.38,71471.57
4972,West,Industrial,528.64,469.61,59.03,96213.56
4973,East,Commercial,933.87,872.72,61.15,7196.65
4974,Central,Commercial,1808.28,1535.9,272.38,73518.2
4975,South,Industrial,1013.3,900.72,112.58,45182.79
4976,Central,Residential,1699.81,1404.87,294.94,93482.24
4977,South,Industrial,755.89,664.53,91.36,61817.7
4978,East,Industrial,813.06,663.87,149.19,94373.21
4979,East,Residential,750.57,706.35,44.22,60759.51
4980,West,Residential,1112.67,912.37,200.3,61641.52
4981,South,Residential,1866.38,1600.4,265.98,91446.31
4982,North,Residential,1264.63,1029.12,235.51,81440.32
4983,East,Commercial,1334.83,1232.17,102.66,16094.32
4984,Central,Industrial,911.21,735.01,176.2,15082.85
4985,South,Residential,1774.72,1651.58,123.14,24508.25
4986,South,Industrial,1104,1051.46,52.54,91371.31
4987,Central,Residential,2289.19,1898.66,390.53,39879.23
4988,South,Commercial,1048.43,1001.53,46.9,34328.77
4989,East,Residential,1832.36,1659.44,172.92,17567.72
4990,East,Residential,1484.52,1292.73,191.79,62231.16
4991,Central,Residential,2202.62,1804.06,398.56,58644.25
4992,Central,Residential,1829.3,1600.37,228.93,39967.72
4993,Central,Industrial,917.21,775.44,141.77,77835.8
4994,North,Residential,2098.08,2007.45,90.63,57770.99
4995,Central,Residential,730.95,651.56,79.39,93212.37
4996,North,Industrial,1027.15,942.3,84.85,91024.29
4997,South,Industrial,1150.25,977,173.25,76143.4
4998,South,Industrial,1695.67,1636.03,59.64,62306.61
4999,South,Commercial,1065.8,921.17,144.63,19125.86
5000,North,Commercial,2051.35,1693.28,358.07,75882.95
5001,West,Residential,1261.85,1230.02,31.83,88728.14
5002,East,Residential,1831.42,1592.77,238.65,47794.24
5003,West,Residential,2224.92,2100.01,124.91,9293.9
5004,West,Industrial,1446.61,1329.46,117.15,22522.29
5005,South,Commercial,1751.6,1558.21,193.39,44856.57
5006,West,Residential,907.77,798,109.77,96444.77
5007,South,Commercial,1446.07,1274.52,171.55,52595.41
5008,South,Residential,1908.69,1743.13,165.56,30170.47
5009,Central,Residential,2350.6,2039.04,311.56,13450.98
5010,North,Commercial,743.6,674.08,69.52,52579.64
5011,South,Industrial,2188.6,1832.1,356.5,24895.95
5012,South,Residential,1069.51,936.42,133.09,98737.46
5013,Central,Residential,1822.28,1738.89,83.39,41270.31
5014,South,Residential,1850.52,1724.14,126.38,74971.64
5015,Central,Commercial,2110.35,1893.58,216.77,67049.21
5016,Central,Industrial,1413.54,1247.34,166.2,52451.94
5017,South,Industrial,710.82,572.81,138.01,46229.46
5018,South,Industrial,2051.68,1714.1,337.58,90158.57
5019,Central,Industrial,1754.68,1711.86,42.82,32540.17
5020,East,Commercial,2495.41,2431.09,64.32,69172.17
5021,North,Commercial,2302.91,2194.06,108.85,11882.61
5022,Central,Residential,1704.54,1613.83,90.71,59082.1
5023,East,Commercial,2091.3,1746.2,345.1,97300.06
5024,North,Commercial,918.95,739.75,179.2,73222.98
5025,East,Residential,1103.82,1070.32,33.5,30440.91
5026,Central,Commercial,2059.12,1722.34,336.78,58080.78
5027,North,Industrial,1279.79,1250.15,29.64,89022.12
5028,South,Industrial,1131.86,947.56,184.3,80057.09
5029,East,Commercial,2279.7,1989.99,289.71,36730.54
5030,Central,Industrial,1622.16,1345.37,276.79,96016.65
5031,Central,Commercial,714.15,613.21,100.94,72404.87
5032,Central,Commercial,2389.68,2042.88,346.8,93133.65
5033,North,Industrial,960.61,864.36,96.25,15588.66
5034,North,Industrial,895.08,809.51,85.57,44270.17
5035,Central,Residential,762.34,696.71,65.63,46334.53
5036,East,Residential,762.7,639.48,123.22,75055.53
5037,South,Commercial,1420.09,1239.13,180.96,79874.56
5038,South,Residential,1282.06,1041.24,240.82,39361.39
5039,Central,Commercial,1890.48,1526.69,363.79,89957.63
5040,East,Industrial,1303.99,1177.15,126.84,48714.34
5041,North,Commercial,2151.17,1924.43,226.74,12034.47
5042,East,Commercial,1321.08,1234.34,86.74,28635.8
5043,South,Commercial,1692.31,1458.39,233.92,56748.95
5044,South,Commercial,1947.91,1680.75,267.16,75990.53
5045,West,Commercial,1069.42,951.66,117.76,12670.61
5046,South,Industrial,659.07,602.81,56.26,72168.28
5047,East,Residential,2203.83,2135.76,68.07,20064.21
5048,West,Commercial,628.87,602.01,26.86,86338.67
5049,West,Industrial,831.46,768.07,63.39,29026.15
5050,Central,Residential,1578.86,1285.82,293.04,24130.05
5051,East,Industrial,911.95,863.85,48.1,66966.69
5052,South,Commercial,1995.62,1903.36,92.26,40858.53
5053,West,Commercial,2262.77,2003.97,258.8,64414.2
5054,West,Industrial,1749.33,1561.43,187.9,94182.84
5055,Central,Residential,1050.77,849.78,200.99,62744.47
5056,South,Residential,581.32,498.52,82.8,66576.41
5057,Central,Residential,2452.93,2219.5,233.43,75951.26
5058,East,Industrial,970.06,903.86,66.2,73325.96
5059,West,Commercial,2311.65,2002.77,308.88,69759.44
5060,Central,Commercial,722.4,634.33,88.07,79683
5061,West,Residential,528.73,426.08,102.65,40491.69
5062,East,Residential,866.94,743.58,123.36,31229.67
5063,East,Industrial,724.2,609.25,114.95,25716.27
5064,Central,Residential,1376.27,1303.57,72.7,70932.56
5065,Central,Residential,1316.32,1174.94,141.38,39314.24
5066,North,Industrial,2306.58,2072.01,234.57,64771.51
5067,Central,Industrial,1130.95,906.93,224.02,73279.92
5068,West,Residential,929.27,860.94,68.33,50532.85
5069,West,Industrial,1509.15,1268.45,240.7,28845.12
5070,North,Commercial,1046.47,924.73,121.74,88812.2
5071,North,Industrial,942.19,835.66,106.53,41368.59
5072,East,Commercial,685.54,630.17,55.37,16485.69
5073,East,Industrial,1436.69,1233.17,203.52,55031.37
5074,East,Commercial,1259.25,1192.22,67.03,82030.05
5075,West,Residential,724.39,657.76,66.63,72621.42
5076,East,Commercial,576.26,481.04,95.22,99480.97
5077,North,Commercial,1808.65,1714.51,94.14,19473.67
5078,West,Residential,935.78,838.06,97.72,51647.09
5079,North,Industrial,1266.6,1107.72,158.88,87715.84
5080,West,Commercial,652.26,540.35,111.91,97589.59
5081,South,Residential,1397.09,1334.09,63,84822.66
5082,West,Residential,1300.53,1273.07,27.46,17076.5
5083,East,Industrial,524.75,444.19,80.56,57591.56
5084,North,Commercial,605.7,550.16,55.54,41834.79
5085,East,Residential,1454.32,1267,187.32,59383.88
5086,West,Commercial,1540.49,1258.71,281.78,61896.04
5087,Central,Industrial,1538.35,1472.08,66.27,95030.03
5088,South,Residential,1716.4,1612.02,104.38,99303.33
5089,North,Commercial,2266.19,2049.08,217.11,93291.53
5090,West,Industrial,1305.33,1235.16,70.17,56396.23
5091,West,Commercial,752.57,692.06,60.51,7290.59
5092,West,Industrial,1041.7,1012.42,29.28,50472.3
5093,North,Commercial,504.61,480.08,24.53,74988.57
5094,South,Industrial,1168.28,1005.48,162.8,67112.94
5095,South,Industrial,1679.73,1416.54,263.19,95167.95
5096,East,Commercial,2157.1,2106.92,50.18,12712.99
5097,South,Commercial,2012.49,1748.05,264.44,83423.52
5098,North,Residential,2219.25,2055.62,163.63,37403.4
5099,Central,Industrial,1237,990.84,246.16,54170.39
5100,East,Industrial,1891.74,1634.07,257.67,79175.26
5101,West,Industrial,1114.63,1044.14,70.49,59981.36
5102,East,Industrial,1457.07,1214.67,242.4,83305.13
5103,West,Residential,2217.02,2105.31,111.71,76447.07
5104,North,Residential,2281.35,1936.28,345.07,53530.49
5105,South,Residential,1702.03,1382.24,319.79,39516.03
5106,West,Industrial,1228.11,1122.88,105.23,37502.33
5107,South,Commercial,1142.09,1093.39,48.7,16178.84
5108,West,Residential,1468.52,1233.51,235.01,45326.07
5109,Central,Industrial,1799.89,1722.41,77.48,82680.57
5110,North,Residential,2486.69,2246.28,240.41,94769.46
5111,Central,Commercial,1428.4,1271.39,157.01,51073.1
5112,Central,Commercial,1381.76,1296.17,85.59,35627.86
5113,North,Residential,606.15,545.04,61.11,95213.02
5114,South,Commercial,921.22,792.59,128.63,6737.74
5115,North,Industrial,1336.5,1175.45,161.05,61098.34
5116,South,Residential,614.39,550.31,64.08,80270.01
5117,Central,Industrial,1374.54,1164.51,210.03,80690.6
5118,Central,Commercial,2049.67,1764.23,285.44,62983.29
5119,North,Industrial,1553.36,1420.99,132.37,23958.59
5120,East,Industrial,1668.62,1493.25,175.37,83416.88
5121,South,Commercial,740.19,695.4,44.79,34549.15
5122,South,Industrial,1804.48,1717.6,86.88,5874.35
5123,East,Residential,961.26,828.73,132.53,66146.21
5124,West,Commercial,2309.16,1904.32,404.84,88318.66
5125,South,Industrial,677.54,581.67,95.87,19688.25
5126,East,Residential,1611.87,1357.75,254.12,47516.81
5127,Central,Residential,2265.66,2156.44,109.22,12300.73
5128,North,Commercial,1914.26,1746.06,168.2,69358.98
5129,West,Residential,1622.23,1394.05,228.18,93663.64
5130,West,Residential,1524.86,1486.73,38.13,77884.8
5131,North,Industrial,1795.54,1668.11,127.43,57766.12
5132,Central,Residential,518.76,437.8,80.96,93174.06
5133,North,Residential,2357.58,2173.14,184.44,49118.18
5134,North,Commercial,1909.71,1852.87,56.84,79391.9
5135,West,Commercial,1259.78,1149.94,109.84,40686.25
5136,South,Residential,2260.38,2039.82,220.56,57398.31
5137,Central,Commercial,1930.79,1577.2,353.59,70114.47
5138,North,Industrial,1449.8,1321.2,128.6,35861.52
5139,South,Residential,1106.49,1072.7,33.79,31348.51
5140,South,Commercial,1404.55,1311.05,93.5,24770.91
5141,Central,Industrial,2293.37,2068.77,224.6,30960.17
5142,East,Residential,1696.59,1549.86,146.73,75088.67
5143,South,Commercial,949.92,815.84,134.08,31336.42
5144,North,Residential,2344.81,1968.75,376.06,77684.25
5145,East,Residential,1237.49,1095.86,141.63,79161.35
5146,Central,Industrial,1883.66,1716.93,166.73,91308.6
5147,Central,Residential,1907.66,1529.96,377.7,68770.02
5148,East,Commercial,2119.77,1858.37,261.4,65836.28
5149,Central,Residential,1151.96,1063.45,88.51,44538.57
5150,East,Commercial,1017.91,943.44,74.47,20474.63
5151,North,Commercial,870.79,736.6,134.19,56994.7
5152,Central,Residential,1545.35,1250.08,295.27,25164.58
5153,Central,Industrial,2026.15,1917.67,108.48,33348.99
5154,South,Commercial,641.66,558.03,83.63,82752.63
5155,South,Commercial,605.91,592.36,13.55,42663.91
5156,East,Commercial,1269.82,1027.35,242.47,64077.21
5157,West,Commercial,2095.16,1952.77,142.39,6721.27
5158,East,Industrial,1186.35,1141.13,45.22,22883.06
5159,North,Residential,899.1,764.51,134.59,96082.44
5160,East,Industrial,2405.97,2212.44,193.53,56820.07
5161,Central,Residential,2201.54,1834.69,366.85,62699.28
5162,South,Industrial,587.02,504.86,82.16,67882.99
5163,South,Commercial,1621.37,1554.51,66.86,68121.82
5164,East,Industrial,1787.27,1719.48,67.79,81355.15
5165,South,Industrial,1784.35,1660.56,123.79,85303.27
5166,Central,Industrial,1084.07,965.38,118.69,52229.78
5167,West,Residential,544.61,518.29,26.32,33032.32
5168,North,Residential,1849.55,1536.11,313.44,7789.8
5169,South,Industrial,971.67,828.64,143.03,36581.97
5170,North,Commercial,857.93,757.16,100.77,8868.59
5171,East,Commercial,1055.89,969.02,86.87,66469.78
5172,South,Industrial,1625.92,1306.95,318.97,15178.47
5173,East,Residential,1796.56,1478.69,317.87,45062.61
5174,North,Residential,1999.31,1820.84,178.47,96089.23
5175,North,Residential,862.36,748.67,113.69,6227.07
5176,North,Commercial,667.14,584.2,82.94,71578.35
5177,North,Commercial,1493.61,1401.07,92.54,66157.27
5178,South,Commercial,803.17,658.8,144.37,32545.22
5179,West,Commercial,715.87,671.79,44.08,10055.98
5180,West,Industrial,878.17,815.77,62.4,84754.95
5181,South,Residential,1471.62,1245.33,226.29,87326.72
5182,East,Industrial,1740.29,1624.98,115.31,12825.7
5183,North,Commercial,1553.67,1286.96,266.71,39406.6
5184,East,Residential,2306.69,1928.35,378.34,88875.61
5185,West,Commercial,711.43,682.14,29.29,52955.67
5186,West,Commercial,1143.89,1051.35,92.54,24146.57
5187,West,Residential,1230.79,1142.09,88.7,63315.44
5188,East,Residential,1203.84,1036.39,167.45,23651.14
5189,South,Residential,613.97,528.51,85.46,83780.86
5190,South,Commercial,556.49,479.32,77.17,31373.14
5191,East,Industrial,1422.07,1374.92,47.15,47641.06
5192,East,Commercial,1222.17,1038.35,183.82,94858.95
5193,North,Commercial,747.04,719.36,27.68,95397.72
5194,West,Residential,1781.62,1499.92,281.7,57983.89
5195,South,Commercial,1089.23,983.29,105.94,65984.37
5196,East,Industrial,1225.62,1040.56,185.06,68397.95
5197,Central,Industrial,1291.23,1201.3,89.93,40083.74
5198,Central,Industrial,2386.42,2335.41,51.01,85555.38
5199,East,Residential,2086.85,1897.26,189.59,82623.86
5200,West,Commercial,1884.8,1835.25,49.55,83526.19
5201,South,Residential,610.39,511.25,99.14,85387.82
5202,Central,Residential,2498.62,2234.03,264.59,28412.6
5203,South,Industrial,1043.92,883.51,160.41,43695.16
5204,East,Industrial,2196.95,2106.62,90.33,79204.68
5205,South,Industrial,844.02,724.93,119.09,80639.43
5206,West,Commercial,922.19,809.48,112.71,62222.8
5207,North,Industrial,2433.13,2029.48,403.65,60428.99
5208,Central,Residential,2183.08,2097.43,85.65,24638.04
5209,South,Industrial,2327.72,2038.9,288.82,32351.21
5210,North,Residential,2147.37,1959.51,187.86,57334.64
5211,Central,Industrial,1709.78,1529.77,180.01,79724.63
5212,East,Commercial,2424.74,2108.02,316.72,53221.22
5213,West,Commercial,2295.73,2222.99,72.74,89378.09
5214,North,Commercial,2101.13,1701.82,399.31,20577.2
5215,West,Industrial,2468.82,2373.52,95.3,37225.03
5216,West,Commercial,1547.15,1489.16,57.99,63440.5
5217,North,Residential,1270.69,1135.13,135.56,73221.96
5218,East,Industrial,818.83,791.21,27.62,69807.55
5219,East,Commercial,1447.29,1207.63,239.66,85732.64
5220,Central,Commercial,728.95,604.13,124.82,10736.06
5221,Central,Commercial,573.18,527.21,45.97,78310.13
5222,North,Residential,1565.56,1453.25,112.31,77202.54
5223,West,Commercial,739.65,631.74,107.91,45102.68
5224,North,Residential,1760.01,1614.34,145.67,56583.25
5225,East,Industrial,721.36,578.59,142.77,65729.95
5226,East,Commercial,1415.67,1299.33,116.34,74779.15
5227,South,Residential,2413.77,2035.63,378.14,96902.03
5228,South,Commercial,1433.98,1403.97,30.01,55521.69
5229,North,Commercial,936.94,833.06,103.88,59263.92
5230,East,Commercial,989.57,960.15,29.42,52187.79
5231,West,Industrial,1885.16,1597.61,287.55,21836.56
5232,North,Commercial,2462.67,2173.45,289.22,27012.36
5233,Central,Residential,1191.52,1035.12,156.4,88677.08
5234,West,Industrial,945.97,850.18,95.79,29508.8
5235,North,Residential,2322.74,2172.6,150.14,12856.16
5236,Central,Residential,2116.67,1813.7,302.97,76496.3
5237,South,Commercial,1370.06,1273.06,97,95822.78
5238,East,Commercial,1642.53,1433.09,209.44,65278.74
5239,East,Commercial,1457.42,1381.84,75.58,79822.53
5240,West,Commercial,1460.1,1171.23,288.87,98148.33
5241,North,Commercial,1235.25,1142.56,92.69,44335.62
5242,North,Residential,1872.83,1618.75,254.08,88261.85
5243,South,Residential,1859.49,1718.78,140.71,82755.36
5244,South,Commercial,1485.48,1392.29,93.19,70014.24
5245,North,Residential,1378.48,1216.3,162.18,40704.26
5246,East,Industrial,1920.88,1670.96,249.92,12018.84
5247,South,Industrial,719.64,662.27,57.37,35987.19
5248,East,Residential,1584.41,1359.65,224.76,31876.64
5249,North,Industrial,1006.84,984.88,21.96,55809.32
5250,North,Industrial,1727.52,1571.03,156.49,77736.45
5251,Central,Residential,2309.32,2223.91,85.41,41324.61
5252,East,Commercial,2238.53,2062.08,176.45,88335.37
5253,West,Commercial,1558.62,1269.78,288.84,58950.33
5254,South,Commercial,571.7,559.43,12.27,74641.99
5255,South,Commercial,1782.11,1510.04,272.07,24588.4
5256,South,Commercial,961.24,864.99,96.25,85670.7
5257,South,Industrial,1280.74,1213.99,66.75,35215.51
5258,Central,Commercial,2251.06,1944.01,307.05,66022.92
5259,South,Industrial,1410.83,1223.05,187.78,15464.43
5260,East,Industrial,2473.58,2209.49,264.09,87658.07
5261,West,Residential,2289.81,2145.53,144.28,49596.99
5262,East,Residential,530.54,464.62,65.92,46762.52
5263,North,Industrial,1539.02,1360.45,178.57,53579.61
5264,South,Industrial,1122.32,918.74,203.58,52752.13
5265,South,Industrial,2094.63,1764.31,330.32,98582.69
5266,South,Commercial,795.98,649.37,146.61,21702.83
5267,North,Commercial,1442.66,1284.62,158.04,60067.47
5268,East,Industrial,959.14,934.72,24.42,13574.02
5269,South,Residential,1270.45,1102.41,168.04,81854.57
5270,East,Residential,2091.8,1842.39,249.41,66586.75
5271,West,Industrial,1789.17,1569.04,220.13,77576.58
5272,Central,Commercial,599.81,587.09,12.72,85590.95
5273,South,Industrial,765.22,709.31,55.91,66652.94
5274,Central,Industrial,1915.13,1839.1,76.03,30491.66
5275,South,Residential,1652.77,1586.77,66,84836.68
5276,West,Commercial,1419.1,1220.34,198.76,7224.02
5277,West,Residential,1915.39,1643.53,271.86,64079.63
5278,East,Residential,542.01,488.02,53.99,52297.21
5279,North,Commercial,1592.57,1491.31,101.26,64376.83
5280,Central,Commercial,1784.59,1710.71,73.88,89386.73
5281,Central,Industrial,1546.34,1443.5,102.84,99590.21
5282,East,Industrial,1352.52,1125.85,226.67,57947.84
5283,Central,Industrial,1288.68,1115.2,173.48,85841.25
5284,East,Industrial,1862.33,1686.32,176.01,73453.9
5285,North,Residential,1786.56,1673.05,113.51,54419.44
5286,South,Residential,1801.53,1537.54,263.99,40037.92
5287,North,Commercial,805.62,668.31,137.31,57285.43
5288,North,Industrial,887.3,764.9,122.4,79887.24
5289,West,Industrial,1007.23,942.94,64.29,96689.69
5290,North,Industrial,1997,1799.43,197.57,62996.19
5291,West,Commercial,956,814.81,141.19,76433.41
5292,West,Industrial,796.91,644.94,151.97,89903.34
5293,South,Industrial,1523.88,1259.5,264.38,24767.73
5294,South,Commercial,1006.05,908.97,97.08,54098.05
5295,Central,Residential,967.89,874.99,92.9,75419.72
5296,East,Residential,1359.23,1241.13,118.1,13424.99
5297,South,Commercial,1852.96,1631.47,221.49,10349.44
5298,Central,Commercial,1140.2,1038.98,101.22,27719.85
5299,Central,Residential,2024.32,1824.55,199.77,90579.08
5300,East,Industrial,1215.24,1075.52,139.72,84173.54
5301,East,Residential,888.25,710.77,177.48,24862.52
5302,Central,Commercial,1578.96,1357.54,221.42,68618.73
5303,East,Commercial,712.96,698.06,14.9,38937.52
5304,North,Industrial,1422.23,1338.76,83.47,58149.86
5305,East,Residential,2284.72,2214.1,70.62,17663.51
5306,South,Industrial,936.88,892.45,44.43,73659.74
5307,East,Industrial,2382.79,2082.28,300.51,68175.84
5308,West,Commercial,1673.55,1462.08,211.47,56632.21
5309,South,Industrial,2399.88,2053.55,346.33,46824.66
5310,North,Industrial,2194.65,1817.25,377.4,35531.73
5311,West,Commercial,1101.95,1007.81,94.14,30461.9
5312,Central,Industrial,2390.25,2187.58,202.67,64839.69
5313,West,Industrial,1442.85,1288.84,154.01,67687.12
5314,North,Commercial,1121.66,953.18,168.48,47028.39
5315,Central,Industrial,2139.39,1828.65,310.74,95948.57
5316,South,Industrial,1855.65,1582.32,273.33,51820.05
5317,West,Residential,1332.9,1182.72,150.18,74274.79
5318,South,Residential,1882.4,1724.65,157.75,28106.59
5319,East,Industrial,2180.35,1875.38,304.97,66199.38
5320,West,Commercial,1737.46,1499.96,237.5,99828.47
5321,Central,Industrial,1325.72,1204.26,121.46,53072.45
5322,East,Residential,2074.73,1802.49,272.24,13427.26
5323,Central,Industrial,1615.27,1466.55,148.72,7385.72
5324,East,Industrial,2032.72,1837.68,195.04,31363.26
5325,West,Industrial,1779.72,1533.34,246.38,74747.99
5326,West,Commercial,722.95,590.97,131.98,77928.61
5327,South,Industrial,1355.27,1311.7,43.57,60684.61
5328,Central,Commercial,516.41,459.14,57.27,58972.77
5329,Central,Commercial,2418.56,2043.61,374.95,56547.01
5330,Central,Residential,869.36,775.58,93.78,77724.56
5331,South,Commercial,1012.59,934.61,77.98,8317.35
5332,West,Industrial,1045.26,959.26,86,80019.08
5333,South,Commercial,867.18,819.7,47.48,25405.67
5334,South,Industrial,2366.25,2154.68,211.57,17958.52
5335,Central,Residential,831.45,751.2,80.25,63045.28
5336,Central,Industrial,2042.15,1729.85,312.3,34753.58
5337,East,Industrial,940.56,914.19,26.37,26608.91
5338,South,Commercial,1481.88,1210.36,271.52,55932.66
5339,Central,Industrial,685.14,657.01,28.13,21733.92
5340,West,Industrial,1029.59,944.49,85.1,47491.81
5341,East,Industrial,716.17,686.39,29.78,27326.28
5342,Central,Industrial,1654.41,1368.29,286.12,87600.91
5343,West,Industrial,1906.83,1778.94,127.89,56393.4
5344,West,Residential,596.76,501.61,95.15,99573.24
5345,East,Residential,2462.91,2099.22,363.69,46276.38
5346,South,Residential,1784.53,1589.71,194.82,91799.66
5347,East,Commercial,2027.21,1678.42,348.79,44650.39
5348,East,Commercial,1649.78,1367.54,282.24,46791.04
5349,East,Residential,2386.3,1942.21,444.09,71852.38
5350,West,Residential,2192.5,1994.51,197.99,85088.2
5351,West,Commercial,2395.03,1961.07,433.96,66940.86
5352,South,Residential,2001.07,1740.52,260.55,27859.28
5353,West,Commercial,1941.06,1810.94,130.12,79667.08
5354,East,Industrial,1818.37,1674.74,143.63,14236.96
5355,West,Residential,798.51,689.23,109.28,35693.06
5356,West,Commercial,1194.38,1002.07,192.31,72496.31
5357,Central,Commercial,2457.7,1967.22,490.48,70194.37
5358,West,Residential,1802.83,1690.84,111.99,5929.02
5359,Central,Commercial,2466.95,2319.58,147.37,14909.85
5360,Central,Commercial,707.84,646.88,60.96,16467.15
5361,Central,Residential,1523.12,1455.21,67.91,6448.45
5362,North,Commercial,1854.53,1709.47,145.06,10165.73
5363,South,Industrial,1261.88,1108.71,153.17,52096.07
5364,South,Residential,2263.89,2114.07,149.82,71263.46
5365,East,Commercial,1683.49,1384.11,299.38,20747.56
5366,North,Residential,2204.56,2137.72,66.84,20581.25
5367,North,Residential,1202.07,1018.58,183.49,30191.49
5368,South,Commercial,1774.13,1637.54,136.59,47502.07
5369,East,Industrial,2092.1,1754.52,337.58,99141.02
5370,Central,Commercial,2486.15,2143.08,343.07,7656.3
5371,North,Commercial,954.05,807.43,146.62,95735.54
5372,East,Residential,856.5,758.14,98.36,95215.89
5373,Central,Residential,532.74,485.21,47.53,19538.79
5374,Central,Residential,2023.28,1778.33,244.95,66800.53
5375,East,Industrial,1184.27,966.31,217.96,35120.58
5376,East,Industrial,2323,2126.67,196.33,87886.04
5377,Central,Commercial,1818.89,1686,132.89,57500.22
5378,North,Residential,1601.33,1296.97,304.36,44785.57
5379,South,Commercial,1577.81,1534.46,43.35,40909.68
5380,West,Commercial,1191.61,1075.6,116.01,45043.57
5381,West,Industrial,1454.68,1192.34,262.34,61856.99
5382,South,Industrial,1757.41,1545.22,212.19,5565.23
5383,Central,Industrial,655.97,605.84,50.13,27579.25
5384,South,Residential,1512.16,1283.31,228.85,37585.55
5385,South,Commercial,1797.4,1665.1,132.3,98009.24
5386,East,Residential,2460.17,2336.07,124.1,8279.09
5387,North,Industrial,1445.95,1182.83,263.12,54173.09
5388,Central,Commercial,708.94,671.55,37.39,86425.65
5389,South,Industrial,510.05,409.23,100.82,53796.08
5390,East,Residential,1945.24,1572.69,372.55,11349.69
5391,Central,Commercial,894.97,783.81,111.16,44123.82
5392,North,Industrial,1439.31,1168.02,271.29,99892.72
5393,Central,Commercial,1428.45,1229.94,198.51,19439.17
5394,East,Residential,1816.12,1472.21,343.91,92444.82
5395,Central,Residential,1650.08,1387.07,263.01,92823.14
5396,West,Residential,1610.29,1440.16,170.13,24768
5397,East,Commercial,1666.33,1345.8,320.53,19884.37
5398,East,Industrial,2347.24,1973.72,373.52,46906.26
5399,South,Industrial,1867.87,1700.51,167.36,20373.56
5400,Central,Residential,1793.65,1568.55,225.1,54966.6
5401,Central,Commercial,2410.29,2087.5,322.79,18984.01
5402,West,Industrial,594.2,518.91,75.29,88624.81
5403,East,Commercial,2145.81,1755.64,390.17,49173.65
5404,East,Residential,1813.61,1682.78,130.83,41235.44
5405,West,Industrial,1098.05,966.12,131.93,72574.63
5406,Central,Industrial,1404.86,1300.23,104.63,58920.07
5407,West,Industrial,1968.87,1651.87,317,72488.71
5408,Central,Residential,802.14,776.55,25.59,95347.49
5409,West,Residential,1048.44,1019.8,28.64,66232.64
5410,West,Commercial,2252.08,2100.17,151.91,70659.46
5411,Central,Industrial,788.73,714.02,74.71,26423.1
5412,West,Commercial,642.57,529.64,112.93,70257.88
5413,Central,Commercial,1876.55,1519.5,357.05,86932.06
5414,East,Industrial,2309.72,2048.09,261.63,64598.47
5415,North,Industrial,1308.42,1241.44,66.98,67358.43
5416,East,Commercial,1090.14,1039.02,51.12,91137.9
5417,Central,Commercial,1837.88,1530.46,307.42,61323.5
5418,South,Industrial,1383.32,1170.96,212.36,34436.79
5419,East,Industrial,842.44,742.19,100.25,43230.27
5420,North,Industrial,659.43,643.37,16.06,33610.46
5421,Central,Commercial,1479.87,1185.91,293.96,82363.51
5422,Central,Industrial,1072.65,1045.21,27.44,68215.75
5423,West,Industrial,1488.37,1371.19,117.18,40328.07
5424,East,Commercial,2351.5,1946,405.5,63567.82
5425,East,Industrial,1391.87,1146.52,245.35,70432.7
5426,North,Commercial,1904.11,1771.31,132.8,43685.5
5427,North,Commercial,1503.28,1313.48,189.8,61550.79
5428,South,Residential,2243.67,2027.43,216.24,94395.63
5429,North,Commercial,2139.24,1835.91,303.33,29436.67
5430,Central,Industrial,2095.83,1869.56,226.27,27241.83
5431,West,Industrial,617.84,571.37,46.47,37156.59
5432,South,Residential,2324.84,2082.81,242.03,32034.19
5433,Central,Industrial,942.59,845.47,97.12,92531.12
5434,South,Industrial,875.34,782.2,93.14,89390.81
5435,East,Residential,1641.81,1450.18,191.63,72739.45
5436,West,Commercial,2093.84,2047.47,46.37,64081.48
5437,Central,Residential,946.66,761.26,185.4,95241.85
5438,Central,Residential,1128.24,914.89,213.35,40866.67
5439,North,Industrial,2183.35,1885.79,297.56,91800.97
5440,West,Residential,2275.76,1952.1,323.66,59327.13
5441,East,Residential,550.86,505.1,45.76,24295.92
5442,North,Residential,549.51,499.17,50.34,37214.42
5443,North,Residential,2036.75,1857.37,179.38,57451.01
5444,North,Industrial,508.8,432.27,76.53,6294.81
5445,West,Residential,1295.63,1261.93,33.7,8096.19
5446,North,Commercial,2204.71,2111.15,93.56,40503.8
5447,West,Commercial,2115.78,1844.09,271.69,55707.53
5448,Central,Industrial,1337.51,1299.21,38.3,27389.61
5449,West,Residential,1501.39,1351.18,150.21,37435.27
5450,Central,Residential,2358.12,2256.77,101.35,90184.41
5451,Central,Residential,1563.91,1486.95,76.96,44076.37
5452,South,Industrial,1159.33,972.69,186.64,17117.48
5453,East,Residential,1399.05,1148.37,250.68,22988.77
5454,South,Commercial,1564.21,1328.15,236.06,24587.28
5455,East,Residential,1157.6,1060.36,97.24,69287.77
5456,Central,Residential,1293.17,1051.32,241.85,52081.57
5457,North,Residential,2119.66,1788.16,331.5,51671
5458,South,Industrial,2246.87,2037.4,209.47,72120.92
5459,South,Commercial,1114.53,1077.37,37.16,89247.59
5460,North,Industrial,795.96,645.44,150.52,45884.38
5461,Central,Residential,2428.56,2117.97,310.59,96742.54
5462,East,Industrial,1918.68,1548.77,369.91,67834.26
5463,North,Residential,543.72,526.25,17.47,60691.07
5464,South,Commercial,1395.44,1192.79,202.65,62444.77
5465,North,Industrial,1952.77,1668.16,284.61,19803.76
5466,West,Residential,557.42,516.3,41.12,99314.65
5467,West,Commercial,851.75,779.76,71.99,86659.99
5468,West,Industrial,1701.11,1523.55,177.56,70556.03
5469,South,Residential,2443.97,2013.05,430.92,48095.97
5470,Central,Industrial,1131.13,931.38,199.75,19470.39
5471,Central,Commercial,2363.55,2264.1,99.45,38657.63
5472,South,Commercial,1728.03,1563.16,164.87,52225.76
5473,East,Industrial,1570.79,1281.56,289.23,14611.93
5474,South,Residential,2283.95,1994.31,289.64,93829.08
5475,Central,Industrial,1648.69,1517.18,131.51,39861.81
5476,East,Residential,2357.14,2124.58,232.56,73287.94
5477,West,Residential,1922.72,1827.85,94.87,60674.45
5478,West,Residential,519.99,446.82,73.17,7522.72
5479,North,Industrial,756.19,627.18,129.01,71352.51
5480,Central,Commercial,2216.21,2164.15,52.06,46938.64
5481,South,Residential,1203.99,1032.43,171.56,11805.94
5482,West,Industrial,996.3,873.46,122.84,70712.05
5483,North,Commercial,1033.59,853.34,180.25,29437.5
5484,East,Industrial,702.27,659.86,42.41,53246.99
5485,West,Residential,2394.34,2055.98,338.36,53664.8
5486,South,Residential,2499.16,2403.64,95.52,64257.03
5487,East,Residential,2081.53,1954.81,126.72,89030.58
5488,East,Residential,1761.2,1700.86,60.34,9906.22
5489,East,Residential,2198.35,2072.06,126.29,8338.91
5490,East,Commercial,2466.42,2103.13,363.29,14968.38
5491,South,Industrial,2256.28,1846.77,409.51,60060.48
5492,West,Residential,702.45,591.53,110.92,36451.54
5493,West,Residential,532.01,477.28,54.73,90936.16
5494,Central,Commercial,1131.2,997.67,133.53,18270.48
5495,North,Industrial,2019.08,1923.51,95.57,50454.92
5496,West,Industrial,2234.21,1962.68,271.53,25484.32
5497,West,Commercial,1748.25,1549.1,199.15,95180.65
5498,Central,Commercial,1500.79,1385.16,115.63,83555.69
5499,East,Commercial,2128.1,1782.33,345.77,62597.29
5500,Central,Residential,1331.38,1188.96,142.42,44164.18
5501,North,Commercial,2454.43,2343.53,110.9,76515.77
5502,West,Residential,1983.78,1652.68,331.1,43101.06
5503,West,Residential,1415.49,1159.78,255.71,33193.22
5504,Central,Industrial,2233.06,2094.45,138.61,65938.78
5505,South,Industrial,1259.71,1123.42,136.29,16274.96
5506,North,Industrial,1952.75,1856.83,95.92,94810.56
5507,North,Industrial,1460.39,1367.69,92.7,81530.33
5508,South,Commercial,2036.39,1758.92,277.47,26272.72
5509,North,Industrial,1055.9,923,132.9,23924.15
5510,West,Industrial,1943.98,1675.8,268.18,26649
5511,East,Residential,673.29,599.04,74.25,24243.33
5512,West,Residential,1522.54,1322.5,200.04,63402.43
5513,Central,Residential,871.68,839.46,32.22,42670.95
5514,East,Industrial,1421.18,1206.57,214.61,46445.4
5515,Central,Industrial,921.91,749.37,172.54,10262.13
5516,Central,Commercial,1189,1083.12,105.88,96474
5517,South,Commercial,2441.16,2371.33,69.83,62729.05
5518,West,Residential,632.97,584.36,48.61,5200.26
5519,North,Industrial,1366.1,1166.14,199.96,37357.34
5520,East,Residential,1130.45,1088.14,42.31,57498.77
5521,North,Industrial,1737.38,1613.86,123.52,96045.24
5522,East,Commercial,1888.35,1662.86,225.49,25151.81
5523,East,Commercial,1091.05,1039.06,51.99,25660.78
5524,South,Residential,1877.19,1830.58,46.61,23848.18
5525,West,Commercial,2018.49,1877.18,141.31,8165.15
5526,South,Commercial,722.43,646.81,75.62,69542.32
5527,Central,Industrial,989.97,807.57,182.4,69861.48
5528,East,Residential,2278.9,1986.48,292.42,54862.21
5529,West,Industrial,1211.14,987.95,223.19,38302.44
5530,West,Commercial,557.49,532.87,24.62,57795.64
5531,Central,Commercial,592.21,500.85,91.36,14766.5
5532,South,Residential,1484.95,1248.21,236.74,16769.17
5533,West,Industrial,995.45,889.17,106.28,64627.04
5534,East,Residential,1274.72,1050.71,224.01,81301.16
5535,West,Industrial,1852.91,1620.32,232.59,96180.19
5536,Central,Industrial,1085.64,989.31,96.33,21416.11
5537,East,Residential,1104.3,1009.02,95.28,23086.82
5538,East,Commercial,1389.88,1352.17,37.71,63414.22
5539,South,Residential,2173.63,1968.72,204.91,76575.07
5540,South,Commercial,1226.07,1154.71,71.36,31321.37
5541,Central,Commercial,1189.52,976.28,213.24,65417.48
5542,West,Industrial,549.84,506.73,43.11,32522.79
5543,North,Commercial,2312.3,2117.14,195.16,50949.39
5544,East,Residential,626.4,535.71,90.69,37718.2
5545,North,Industrial,2037.29,1681.49,355.8,13575.68
5546,West,Residential,796.37,752.16,44.21,30307.2
5547,West,Commercial,2240.09,1933.75,306.34,44112.05
5548,North,Residential,1947.57,1873.36,74.21,55382.56
5549,East,Industrial,1541.18,1327.44,213.74,5206.18
5550,North,Residential,2252.15,2076.12,176.03,17883.82
5551,Central,Commercial,702.11,614.54,87.57,22257.53
5552,East,Industrial,1866.94,1648.36,218.58,26366.53
5553,East,Residential,1126.34,901.47,224.87,92712.18
5554,South,Residential,1933.64,1762.65,170.99,16214.07
5555,West,Residential,1574.15,1317.61,256.54,51343.27
5556,Central,Industrial,2254.45,2167.39,87.06,50296.14
5557,West,Commercial,913,886.17,26.83,59429.55
5558,East,Industrial,2487.76,2184.16,303.6,98042.47
5559,South,Commercial,1074.19,973.52,100.67,60723.03
5560,South,Residential,1826.31,1756.27,70.04,10861.18
5561,North,Commercial,2201.8,2103.11,98.69,26483.8
5562,West,Residential,633.61,596.47,37.14,72414.23
5563,West,Commercial,686.72,587.55,99.17,20164.32
5564,North,Industrial,718.32,686.94,31.38,70822.15
5565,North,Commercial,2468.47,2346.07,122.4,70280.14
5566,East,Residential,1178.74,1038.22,140.52,55329.47
5567,West,Commercial,1393.8,1124.81,268.99,30646.58
5568,Central,Industrial,2135.08,2084.4,50.68,20167.3
5569,South,Commercial,1682.4,1404.79,277.61,7155.55
5570,North,Commercial,860.17,793.1,67.07,96510.69
5571,West,Industrial,647.41,581.21,66.2,18394.73
5572,Central,Commercial,1734.88,1518.65,216.23,21642.04
5573,South,Industrial,558.08,446.86,111.22,15963.82
5574,North,Residential,840.87,746.48,94.39,67317.14
5575,West,Industrial,1877.64,1599.19,278.45,79437.41
5576,East,Industrial,1721.35,1458.19,263.16,73350.17
5577,West,Residential,1573.57,1450.45,123.12,35172.9
5578,North,Residential,1327.41,1142.37,185.04,31183.84
5579,Central,Industrial,895.58,773.75,121.83,50480.85
5580,South,Residential,1953.58,1649.29,304.29,15406.53
5581,Central,Industrial,682.9,584.11,98.79,49066.46
5582,East,Industrial,2473.19,2421.38,51.81,41137.51
5583,South,Industrial,552.53,508.85,43.68,12080.93
5584,North,Residential,1820.64,1772.16,48.48,71357.29
5585,South,Industrial,2255.14,1945.37,309.77,56787.9
5586,West,Industrial,1043.47,879.29,164.18,57610.51
5587,West,Residential,1609.22,1404.57,204.65,43117.22
5588,South,Commercial,2492.43,2168.22,324.21,33494.41
5589,South,Residential,2010.59,1780.34,230.25,75443.31
5590,South,Residential,896.44,758.06,138.38,61415.22
5591,East,Industrial,1310.86,1153.24,157.62,11367.23
5592,North,Residential,1144.34,962.4,181.94,80344.07
5593,South,Industrial,1216.49,1084.34,132.15,71251.97
5594,Central,Commercial,634.27,539.05,95.22,31139.34
5595,East,Industrial,562.86,453.25,109.61,91884.7
5596,South,Commercial,2034.47,1869.26,165.21,99744.83
5597,South,Commercial,2402.21,2097.04,305.17,56835.1
5598,South,Industrial,1183.88,1059,124.88,43658.42
5599,Central,Industrial,2044.53,1775.41,269.12,99207.57
5600,South,Residential,2010.87,1939.71,71.16,56609.67
5601,North,Residential,843.34,686.19,157.15,99184.68
5602,East,Commercial,554.02,532.37,21.65,11781.13
5603,North,Industrial,1349.14,1219.09,130.05,28094.9
5604,North,Residential,663.71,633.27,30.44,55281.61
5605,East,Industrial,619.16,523.45,95.71,11042.7
5606,South,Commercial,1843.05,1715.93,127.12,49440.99
5607,Central,Residential,977.26,895.94,81.32,99048.69
5608,East,Residential,1954.42,1644.86,309.56,62447.22
5609,South,Residential,1330.38,1126.16,204.22,23579.55
5610,Central,Industrial,666.04,594.91,71.13,75265.04
5611,East,Residential,2469.48,2203.65,265.83,56294.5
5612,East,Commercial,930.11,866.59,63.52,64378.32
5613,East,Residential,1956.78,1617.88,338.9,73118.14
5614,North,Residential,1494.97,1349.84,145.13,67176.86
5615,West,Industrial,1737.47,1508.22,229.25,37660.45
5616,North,Industrial,1584.18,1451.16,133.02,75932.02
5617,South,Residential,925.13,890.23,34.9,51398.35
5618,West,Industrial,1356.44,1195.97,160.47,93960.22
5619,East,Commercial,753.02,707.38,45.64,31418.08
5620,East,Commercial,2476.9,1992.44,484.46,34197.04
5621,East,Commercial,1482.03,1194.26,287.77,11483.96
5622,South,Industrial,2025.21,1757.48,267.73,76246.57
5623,South,Commercial,2348.33,2049.31,299.02,91850.52
5624,Central,Residential,1536.91,1250.69,286.22,22849.52
5625,West,Residential,621.41,551.62,69.79,73426.44
5626,South,Residential,1734.31,1476.33,257.98,86796.91
5627,South,Residential,607.37,568.78,38.59,90238.43
5628,Central,Residential,1530.08,1474.08,56,6283.86
5629,South,Commercial,1996.6,1812.99,183.61,21083.7
5630,West,Commercial,693.74,622.19,71.55,57772.59
5631,Central,Residential,1763.18,1667.6,95.58,34117.01
5632,South,Residential,1013.72,865.5,148.22,51919.22
5633,West,Industrial,588.08,574.85,13.23,80178.78
5634,East,Residential,2432.56,2184.37,248.19,28851.65
5635,South,Commercial,1830.71,1618.66,212.05,81338.26
5636,East,Commercial,2222.17,2011.86,210.31,91286.81
5637,North,Industrial,1611.38,1356.37,255.01,22934.1
5638,North,Industrial,2321.5,2020.75,300.75,70091.57
5639,Central,Residential,1016.87,977.76,39.11,35176.43
5640,North,Residential,2183.22,1841.13,342.09,78250.21
5641,South,Industrial,1070.96,998.45,72.51,32444.62
5642,East,Industrial,832,768.97,63.03,92077.72
5643,West,Commercial,757.97,733.21,24.76,49379.12
5644,North,Commercial,1261.47,1136.6,124.87,16668.7
5645,Central,Industrial,591.06,529.85,61.21,50492.2
5646,South,Industrial,2266,2173.95,92.05,38215.12
5647,South,Commercial,2172.53,1764.7,407.83,85546.13
5648,Central,Commercial,1784.89,1709.23,75.66,51548.01
5649,East,Residential,812.81,782.05,30.76,42672.98
5650,South,Residential,2413.16,1961.84,451.32,99697.71
5651,East,Residential,1551.26,1483.68,67.58,44185.55
5652,East,Commercial,2283.11,2187.93,95.18,70576.21
5653,North,Residential,1858.57,1714.49,144.08,92164.94
5654,South,Commercial,1698.78,1647.78,51,84509.7
5655,Central,Industrial,2180.31,1807.59,372.72,78225.81
5656,North,Industrial,1725.12,1622.09,103.03,97824.73
5657,North,Commercial,1056.12,977.57,78.55,26696.64
5658,Central,Industrial,916.01,829.38,86.63,35600.61
5659,East,Industrial,948.27,923.5,24.77,58946.38
5660,West,Residential,2093.36,1808.93,284.43,15832.21
5661,East,Industrial,1277.92,1084.89,193.03,60111.99
5662,East,Residential,2173.4,2114.58,58.82,40409.07
5663,East,Residential,2319.92,2060.77,259.15,24155.13
5664,North,Commercial,714.9,580.56,134.34,16527.52
5665,West,Residential,2405.1,2036.83,368.27,8900.36
5666,North,Industrial,698.38,608.51,89.87,77580.86
5667,Central,Commercial,813.9,708.56,105.34,52720.18
5668,South,Commercial,2317.89,1947.44,370.45,5075.59
5669,West,Residential,2424.49,1968.22,456.27,75558.67
5670,South,Industrial,1260.73,1157.86,102.87,36757.32
5671,North,Industrial,2359.04,2080.56,278.48,66118.01
5672,East,Residential,2060.95,2019.68,41.27,69965.18
5673,Central,Industrial,1355.03,1292.85,62.18,21542.76
5674,North,Residential,756.55,641.65,114.9,63943.1
5675,South,Industrial,1306.17,1237.18,68.99,47235.96
5676,East,Commercial,1753.56,1454.16,299.4,79369.33
5677,Central,Commercial,1647.81,1365.54,282.27,82883.26
5678,North,Industrial,1334.22,1294.62,39.6,94417.74
5679,East,Industrial,1862.82,1747.26,115.56,57374.36
5680,Central,Industrial,1243.8,1162.84,80.96,7238.76
5681,North,Residential,2285.67,1921.64,364.03,71693.99
5682,West,Industrial,1022.39,874.71,147.68,94036.14
5683,West,Commercial,1718.43,1555.29,163.14,82438.91
5684,West,Residential,1850.33,1751.99,98.34,70993.08
5685,South,Industrial,1433.5,1335.16,98.34,45880.92
5686,Central,Residential,620.24,563.49,56.75,67950.69
5687,East,Residential,1479.6,1343.63,135.97,92296.79
5688,East,Commercial,829.74,796.98,32.76,72052.57
5689,East,Commercial,1096.55,1040.82,55.73,49912.36
5690,West,Residential,1598.03,1338.82,259.21,78165.1
5691,Central,Residential,1902.38,1539.74,362.64,66284.24
5692,South,Industrial,1064.15,945.58,118.57,8936.37
5693,North,Residential,1780.85,1722.72,58.13,84251.3
5694,East,Residential,1608.27,1490.33,117.94,78013.74
5695,West,Residential,1137.04,1076.76,60.28,10193.8
5696,North,Industrial,1210.34,1072.79,137.55,60872.28
5697,East,Residential,674.64,563.93,110.71,20184.71
5698,North,Commercial,905.93,744.13,161.8,33487.87
5699,South,Residential,1155.52,960.08,195.44,39082.56
5700,South,Commercial,2407.66,2105,302.66,56703.14
5701,Central,Industrial,2134.85,1979.2,155.65,96040.55
5702,North,Industrial,2198.52,2065.45,133.07,89810.66
5703,South,Commercial,1614.06,1560.04,54.02,63625.6
5704,East,Residential,988.06,945.96,42.1,52168.41
5705,North,Industrial,1198.31,1135.86,62.45,49688.56
5706,East,Commercial,2304.13,1918.36,385.77,53075.44
5707,East,Industrial,1988.49,1736.97,251.52,25390.76
5708,South,Industrial,1937.39,1676.17,261.22,46840.08
5709,East,Industrial,1588.19,1345.71,242.48,8719.14
5710,South,Residential,2099.53,1773.34,326.19,90829.19
5711,East,Commercial,2194.59,1900.3,294.29,12466.39
5712,South,Residential,1955.82,1706.46,249.36,44528.34
5713,South,Commercial,2239.17,1943.98,295.19,88681.15
5714,East,Residential,1582.56,1396.83,185.73,84964.41
5715,South,Industrial,862.85,699.41,163.44,43582.2
5716,South,Residential,1465.12,1205.1,260.02,55371.7
5717,East,Industrial,1249.56,1120.95,128.61,34641.11
5718,Central,Commercial,1911.22,1798.98,112.24,73243.05
5719,South,Industrial,1077.59,901.75,175.84,99894.16
5720,East,Industrial,1981.86,1795.15,186.71,44492.28
5721,Central,Commercial,769.56,747.85,21.71,17719.52
5722,West,Industrial,807.41,783.06,24.35,90265.71
5723,South,Industrial,1552.6,1472.45,80.15,80248.66
5724,North,Industrial,722.1,670.51,51.59,16723.46
5725,West,Residential,666.44,597.12,69.32,25908.84
5726,South,Commercial,1484.98,1333.18,151.8,7182.71
5727,West,Industrial,2465.38,2130.42,334.96,95438.52
5728,East,Commercial,1909.12,1685.12,224,50931.93
5729,West,Residential,2384.76,2107.32,277.44,46852.69
5730,North,Commercial,2055,1746.72,308.28,16302.82
5731,Central,Industrial,2383.56,1924.27,459.29,12983.43
5732,East,Residential,2223.33,2063.93,159.4,37757.51
5733,North,Commercial,1955.11,1749.42,205.69,72630.02
5734,West,Residential,1235.29,1136.6,98.69,67297.17
5735,East,Commercial,1798.47,1603.76,194.71,24732.8
5736,South,Commercial,2353.05,1952.45,400.6,60362.27
5737,South,Commercial,2006.74,1768.26,238.48,29924.77
5738,Central,Commercial,1828.21,1592.67,235.54,61799.96
5739,Central,Commercial,1629.13,1505.75,123.38,7915.07
5740,North,Industrial,1900.08,1565.45,334.63,74471.78
5741,West,Residential,802.06,700.78,101.28,87107.61
5742,East,Residential,1851.35,1676.61,174.74,42687.28
5743,East,Residential,571.27,492.67,78.6,49811.34
5744,South,Commercial,1546.11,1449.04,97.07,76687.02
5745,West,Industrial,1220.21,1153.98,66.23,56884.38
5746,North,Commercial,1598.65,1448.6,150.05,93299.74
5747,East,Commercial,2024.75,1700.54,324.21,46976.58
5748,South,Commercial,1064.53,969.71,94.82,53211.64
5749,North,Industrial,2491.64,2107.89,383.75,41631.89
5750,East,Commercial,553.92,511.51,42.41,8942.07
5751,North,Industrial,1721.96,1557.9,164.06,13333.93
5752,West,Commercial,1801.43,1668.82,132.61,74019.66
5753,West,Industrial,1296.99,1189.43,107.56,13606.07
5754,North,Industrial,1241.42,1008.26,233.16,27229.2
5755,West,Industrial,1114.6,1013.92,100.68,22424.26
5756,East,Industrial,1640.93,1438.21,202.72,59809.17
5757,North,Commercial,1595.66,1477.01,118.65,24422.81
5758,Central,Industrial,828.89,667.95,160.94,19940.36
5759,Central,Industrial,2244.46,2047.23,197.23,26318.23
5760,Central,Commercial,2375.14,2303.36,71.78,91150.67
5761,Central,Industrial,1670.68,1616.68,54,32317.49
5762,East,Commercial,2474.73,2124.21,350.52,38633.1
5763,North,Industrial,1886.64,1612.63,274.01,88580.69
5764,Central,Industrial,2039.94,1930.79,109.15,59774.95
5765,West,Residential,1567.27,1279.75,287.52,71121.83
5766,North,Residential,1226.11,1119.32,106.79,34083.51
5767,West,Industrial,2280.36,2142.44,137.92,52343.51
5768,South,Commercial,1157.96,1034.34,123.62,38524.57
5769,East,Commercial,1678.42,1517.4,161.02,70017.93
5770,East,Industrial,1421.22,1151.2,270.02,84347.89
5771,East,Commercial,1531.32,1242.7,288.62,70160.73
5772,South,Commercial,1595.56,1533.5,62.06,84013.18
5773,Central,Commercial,1389.66,1256.55,133.11,52402.08
5774,South,Industrial,1703.18,1556,147.18,40790.19
5775,East,Residential,1578.28,1308.54,269.74,53181.26
5776,North,Residential,2232.16,2135.62,96.54,70074.71
5777,South,Industrial,1505.33,1468.46,36.87,18804.2
5778,North,Commercial,1679.99,1477.86,202.13,75271.88
5779,North,Commercial,1162.03,1033.88,128.15,51513.78
5780,North,Commercial,1451.78,1204.22,247.56,16932.35
5781,South,Commercial,1290.14,1193.26,96.88,68789.38
5782,Central,Residential,2353.76,2062.76,291,92752.3
5783,South,Industrial,1930.92,1819.37,111.55,39711.98
5784,West,Commercial,966.07,913.14,52.93,68899.22
5785,North,Industrial,582.11,486.91,95.2,47067.45
5786,North,Commercial,818.91,675.03,143.88,86426.62
5787,East,Industrial,2386.03,2253.43,132.6,15258.29
5788,East,Commercial,2060.31,1906.96,153.35,83752.75
5789,South,Industrial,1548.59,1245.97,302.62,34765.32
5790,Central,Residential,2320.09,1969.64,350.45,15601.79
5791,West,Commercial,2010.7,1823.79,186.91,38321.74
5792,Central,Commercial,595.87,579.66,16.21,63460.11
5793,Central,Commercial,1301.4,1128.21,173.19,17008.6
5794,Central,Residential,793.06,656.16,136.9,22066.4
5795,North,Industrial,606.14,589.43,16.71,29093.67
5796,West,Commercial,2362.15,1936.67,425.48,29706.41
5797,Central,Residential,989.26,881.3,107.96,71632.57
5798,East,Residential,711.53,638.44,73.09,16000.49
5799,Central,Residential,1658.37,1327.18,331.19,39757.87
5800,Central,Residential,1553.32,1316.08,237.24,11873.29
5801,South,Industrial,500.31,479.92,20.39,50724.8
5802,North,Commercial,981.46,861.21,120.25,68766.12
5803,North,Industrial,2482.46,2189,293.46,53777.94
5804,Central,Industrial,1938.18,1875.31,62.87,43335.52
5805,East,Residential,2463.38,2288.8,174.58,27615.87
5806,Central,Residential,1519.99,1478.21,41.78,37655.68
5807,South,Industrial,1449.04,1340.46,108.58,17852.52
5808,East,Commercial,1246.75,1152.55,94.2,41727.88
5809,Central,Industrial,1231.29,1193.7,37.59,38357.51
5810,East,Commercial,1469.19,1298.67,170.52,73758.12
5811,Central,Industrial,2409.91,2310.84,99.07,97954.34
5812,Central,Residential,1994.81,1617.72,377.09,94098.07
5813,South,Residential,500.54,482.27,18.27,32278.33
5814,Central,Industrial,2172.37,1804.06,368.31,90686.41
5815,North,Industrial,2170.74,2019.04,151.7,22608.36
5816,South,Commercial,1852.74,1694.33,158.41,24941.2
5817,East,Commercial,902.82,802.9,99.92,5171.48
5818,North,Industrial,974.55,841.79,132.76,30689.49
5819,South,Commercial,1210.99,1046.55,164.44,6274.16
5820,North,Residential,1185.37,1017.08,168.29,64268.66
5821,Central,Residential,549.43,446.57,102.86,62531.71
5822,South,Commercial,515.49,415.13,100.36,76418.38
5823,North,Commercial,1020.13,982.64,37.49,39422.3
5824,North,Industrial,2305.42,1846.08,459.34,6423.97
5825,South,Commercial,596.12,574.64,21.48,39537.84
5826,Central,Industrial,1328.48,1203.48,125,61832.75
5827,West,Commercial,1627.21,1513.44,113.77,44087.23
5828,Central,Industrial,2279.89,2120.45,159.44,54430.51
5829,Central,Commercial,751.84,699.49,52.35,91683.46
5830,South,Industrial,1681.42,1630.57,50.85,5373.45
5831,Central,Commercial,2259.4,2047.36,212.04,51690.2
5832,South,Commercial,1879.89,1818.11,61.78,59615.17
5833,Central,Industrial,685.34,586.43,98.91,41461.33
5834,Central,Commercial,2493.66,2293.74,199.92,96921.08
5835,East,Industrial,1607.36,1429.8,177.56,31340.49
5836,East,Commercial,1672.27,1521.33,150.94,24316.27
5837,Central,Commercial,2037.34,1910.5,126.84,19411.11
5838,East,Commercial,1951.47,1644.69,306.78,51381.51
5839,North,Commercial,953.87,927.63,26.24,7655.92
5840,South,Residential,2194.65,1864.13,330.52,23592.75
5841,West,Residential,715.85,631.4,84.45,66076.44
5842,North,Commercial,1631.31,1440.52,190.79,51965.27
5843,North,Residential,1551.72,1417.13,134.59,66351.46
5844,West,Commercial,1197.03,1149.63,47.4,72440
5845,South,Commercial,924.97,879.34,45.63,64042.57
5846,West,Residential,1887.16,1627.86,259.3,99620.71
5847,Central,Residential,1630.34,1580.33,50.01,80895.13
5848,South,Commercial,2207.85,1839.51,368.34,5948.1
5849,East,Residential,1923.97,1788.07,135.9,92971.25
5850,Central,Residential,1737.67,1456.3,281.37,13076.53
5851,East,Commercial,2313.32,2023.45,289.87,38266.82
5852,Central,Industrial,573.23,494.82,78.41,32893.64
5853,East,Industrial,1405.05,1336.2,68.85,17175.79
5854,Central,Industrial,1831.07,1697.85,133.22,32070.89
5855,Central,Industrial,794.28,741.02,53.26,91359.48
5856,South,Industrial,801.22,652.05,149.17,27510.76
5857,South,Residential,1360.19,1111.74,248.45,86576.49
5858,West,Commercial,1513.54,1448.12,65.42,73815.06
5859,North,Residential,1065.17,1036.18,28.99,29331.59
5860,North,Commercial,1498.56,1241.79,256.77,43840.49
5861,Central,Commercial,1491.57,1441.03,50.54,93342.11
5862,East,Commercial,1978.6,1782.18,196.42,53108.95
5863,Central,Commercial,2018.34,1646.17,372.17,59228.39
5864,Central,Industrial,2421.48,1994.57,426.91,10957.09
5865,South,Industrial,884.97,715.99,168.98,6632.15
5866,Central,Residential,2089.94,1940.57,149.37,48673.64
5867,East,Commercial,926.87,856.03,70.84,19779.53
5868,South,Commercial,2254.45,1865.79,388.66,6420.37
5869,North,Industrial,521.03,490.45,30.58,96776.41
5870,Central,Commercial,1932.85,1699.13,233.72,21794.43
5871,Central,Commercial,2228.96,2043.7,185.26,12384.36
5872,Central,Industrial,2489.46,2389.15,100.31,17220.46
5873,East,Residential,1134.94,932.16,202.78,82443.93
5874,Central,Commercial,1825.7,1734.53,91.17,29002.95
5875,North,Industrial,1585.19,1311.89,273.3,65554.8
5876,South,Commercial,1173.44,973.09,200.35,38484.99
5877,South,Residential,1432.84,1182.58,250.26,40091.87
5878,East,Residential,1862.57,1512.87,349.7,77774.19
5879,West,Commercial,1753.31,1520.52,232.79,74441.1
5880,South,Industrial,2192.94,1792.7,400.24,36485.75
5881,Central,Residential,2477.8,2029.33,448.47,56399.19
5882,North,Industrial,2154.39,1979.06,175.33,5171.47
5883,North,Commercial,1936.46,1700.06,236.4,89169.49
5884,North,Commercial,1961.05,1683.13,277.92,77957.36
5885,East,Residential,2389.46,2286.24,103.22,85893.21
5886,Central,Industrial,791.65,701.67,89.98,10539.62
5887,North,Residential,1469.67,1255.52,214.15,33889.19
5888,South,Residential,1876.64,1649.06,227.58,98614.86
5889,Central,Commercial,1109.01,960.32,148.69,43147.76
5890,North,Commercial,1397.35,1309.13,88.22,88201.25
5891,South,Residential,1002.12,981.38,20.74,37574.69
5892,North,Commercial,1842.67,1594.32,248.35,6200.93
5893,North,Residential,1117.51,1077.23,40.28,82752.83
5894,South,Residential,928.86,869.36,59.5,71357.21
5895,North,Residential,1744.69,1619.03,125.66,23584.8
5896,North,Commercial,1519.94,1361.83,158.11,31943.3
5897,West,Industrial,2461.73,2125.28,336.45,26684.38
5898,South,Residential,1148.75,943.96,204.79,21668.04
5899,East,Residential,807.24,700.78,106.46,13740.02
5900,North,Commercial,819.61,669.97,149.64,86155.22
5901,Central,Residential,1861.74,1535.48,326.26,45325.86
5902,North,Industrial,898.28,729.03,169.25,31647.8
5903,West,Industrial,1392.89,1207.6,185.29,50675.42
5904,East,Residential,1440.41,1401.41,39,25386.27
5905,East,Industrial,1648.89,1545.08,103.81,99132.21
5906,East,Commercial,2298.54,1992.39,306.15,81876.77
5907,Central,Industrial,511.58,470.4,41.18,89741.35
5908,East,Industrial,1635.07,1373.78,261.29,25943.49
5909,West,Commercial,1227.24,1193.69,33.55,80906.1
5910,South,Residential,2249.37,1880.13,369.24,45614.9
5911,North,Industrial,2394.17,2103.52,290.65,38871.74
5912,West,Industrial,2435.53,2290.67,144.86,20305.16
5913,South,Residential,1721.29,1553.95,167.34,79377.5
5914,East,Commercial,2481.39,2171.5,309.89,9572.57
5915,North,Industrial,2091.21,1872.07,219.14,39732.39
5916,West,Industrial,744.74,672.87,71.87,24205.7
5917,East,Commercial,720.19,688.12,32.07,28680.79
5918,North,Commercial,1663,1461.97,201.03,75006.76
5919,North,Industrial,1314.92,1140.35,174.57,28414.21
5920,Central,Residential,1768.88,1643.4,125.48,45023.53
5921,Central,Residential,1979.09,1892,87.09,33303.27
5922,West,Commercial,1063.39,1012.12,51.27,26398.58
5923,South,Residential,562.73,495.93,66.8,38190.6
5924,Central,Industrial,1361,1226.75,134.25,86854.12
5925,North,Industrial,1182.41,1017.11,165.3,25945.55
5926,Central,Residential,1207.6,982.77,224.83,61758.07
5927,South,Residential,2154.05,1989.05,165,50671.74
5928,South,Residential,1045.57,855.96,189.61,85887.48
5929,South,Industrial,2343.49,2248.99,94.5,58314.73
5930,West,Industrial,2100.68,1938.87,161.81,14985.66
5931,South,Residential,965.44,886.85,78.59,63066.27
5932,South,Residential,1695.97,1357.05,338.92,61045.44
5933,East,Commercial,1463.63,1312.55,151.08,59053.53
5934,East,Industrial,2426.71,2125.13,301.58,52461.19
5935,East,Residential,957.97,860.64,97.33,59985.59
5936,Central,Residential,1491.91,1284.16,207.75,81330.66
5937,North,Commercial,1410.33,1274.08,136.25,24605.66
5938,West,Industrial,1598.05,1320.89,277.16,97394.1
5939,North,Commercial,1035.74,881.96,153.78,20018.14
5940,West,Industrial,819.38,762.99,56.39,66295.33
5941,Central,Industrial,1701.26,1644.73,56.53,6551.5
5942,Central,Commercial,863.04,705.53,157.51,90970.29
5943,South,Industrial,1258.52,1030.56,227.96,99238.18
5944,Central,Residential,1683.48,1538.57,144.91,8576.06
5945,North,Industrial,1478.07,1199.12,278.95,49615.61
5946,North,Residential,2096.83,1848.64,248.19,16942.29
5947,South,Commercial,526.17,458.61,67.56,54440.05
5948,Central,Residential,619.15,596.33,22.82,78143.62
5949,Central,Residential,2212.04,2006.24,205.8,6492.11
5950,Central,Commercial,1130.36,956.34,174.02,53034.85
5951,East,Industrial,687.92,581.5,106.42,87829.76
5952,West,Commercial,655.87,585.87,70,51422.09
5953,North,Industrial,1529.16,1382.58,146.58,69848.03
5954,North,Industrial,2068.17,1703.03,365.14,66581.81
5955,West,Commercial,1827.39,1731.95,95.44,86151.29
5956,East,Industrial,2156.4,1961.87,194.53,45889.29
5957,South,Residential,1825.54,1531.67,293.87,50089.35
5958,North,Commercial,507.97,486.82,21.15,53302.33
5959,South,Commercial,2318.04,1980.4,337.64,59920.47
5960,East,Industrial,2108.12,1712.81,395.31,6224.12
5961,South,Industrial,731.61,642.99,88.62,25989.51
5962,Central,Commercial,1321.74,1104.48,217.26,44026.15
5963,South,Industrial,2198.94,2096.49,102.45,54903.23
5964,North,Commercial,764.43,663.79,100.64,77109.84
5965,West,Industrial,823.56,736.52,87.04,71234.16
5966,North,Residential,923.43,740.88,182.55,50881.32
5967,South,Industrial,542.55,492.73,49.82,72673.34
5968,Central,Commercial,927.63,838.5,89.13,55911.33
5969,South,Residential,1517.26,1295.43,221.83,8070.3
5970,East,Commercial,1533.68,1332.54,201.14,82183.01
5971,North,Industrial,1984.88,1700.23,284.65,94463.75
5972,South,Residential,1483.32,1340.53,142.79,42240.17
5973,East,Industrial,1763.32,1718.49,44.83,54095.72
5974,Central,Industrial,987.5,811.09,176.41,97169.02
5975,South,Commercial,2391.57,2223.26,168.31,44954.14
5976,East,Industrial,1246.85,1000.41,246.44,70008.4
5977,East,Residential,1570.73,1439.69,131.04,75456.42
5978,North,Commercial,1656.32,1461.89,194.43,17885.73
5979,Central,Industrial,1108.79,1071.7,37.09,83061.74
5980,South,Commercial,566.47,537.92,28.55,53894.81
5981,North,Residential,1278.79,1078.6,200.19,17138.72
5982,West,Commercial,1252.33,1214.11,38.22,55823.34
5983,West,Industrial,2033.43,1659.61,373.82,76169.29
5984,East,Industrial,1730.19,1549.3,180.89,62023.38
5985,North,Industrial,2320.34,1919.15,401.19,33823.62
5986,West,Commercial,518,491.88,26.12,92123.38
5987,East,Residential,533.94,434.12,99.82,46576.84
5988,North,Residential,2184.38,1932.74,251.64,85485.51
5989,East,Industrial,945.52,891.66,53.86,30623.6
5990,West,Residential,1769.39,1614.67,154.72,40660.73
5991,North,Residential,1987.03,1853.47,133.56,13674.36
5992,Central,Industrial,1977.3,1701.5,275.8,30309.59
5993,West,Residential,2461.38,2204.44,256.94,20389.18
5994,Central,Residential,1214.07,1150.13,63.94,11986.36
5995,North,Commercial,2302.18,2087.93,214.25,73296.15
5996,North,Industrial,1717,1514.57,202.43,15206.54
5997,East,Industrial,2240.89,2155.69,85.2,7373.9
5998,West,Commercial,1809.04,1638.08,170.96,29700.21
5999,South,Commercial,757.67,730.39,27.28,52264.13
6000,East,Commercial,2095.9,1826.15,269.75,48207.73
6001,East,Residential,1174.76,1148.44,26.32,57865.77
6002,West,Residential,983.63,843.16,140.47,80503.4
6003,West,Residential,1529.31,1383.24,146.07,51997.15
6004,North,Residential,619.28,498.21,121.07,50469
6005,Central,Industrial,1663.98,1616.09,47.89,14314.2
6006,North,Residential,2083.31,1843.05,240.26,46053.67
6007,South,Industrial,1267.02,1140.39,126.63,24358.14
6008,South,Industrial,2133.59,1941.15,192.44,5422.97
6009,West,Residential,872.05,841.09,30.96,63112.05
6010,East,Industrial,753.56,627.45,126.11,83066.37
6011,Central,Commercial,2109.82,2000.62,109.2,31306.06
6012,Central,Industrial,805.61,725.58,80.03,79109.24
6013,West,Residential,2303.52,2154.13,149.39,34991.84
6014,North,Industrial,1938.83,1774.65,164.18,86593.36
6015,West,Industrial,561.61,458.42,103.19,77512.87
6016,South,Residential,1722.34,1440.13,282.21,29651.09
6017,West,Industrial,2182.54,1885.31,297.23,46107.3
6018,North,Industrial,2119.49,2060.5,58.99,37011.33
6019,Central,Residential,1004.61,839.65,164.96,46139.49
6020,South,Residential,956.53,831.13,125.4,26101.91
6021,Central,Industrial,1987.63,1746.7,240.93,34823.94
6022,West,Residential,1328.38,1103.13,225.25,86008.2
6023,South,Commercial,1511.67,1470.06,41.61,14525.95
6024,East,Residential,1431.84,1243.5,188.34,11203.83
6025,South,Industrial,2367.85,2091.52,276.33,93499.59
6026,West,Commercial,2475.1,2353.18,121.92,59237.16
6027,East,Industrial,2046.88,1694.57,352.31,21526.48
6028,West,Industrial,2357.95,2156.7,201.25,55312.01
6029,East,Commercial,1331.02,1161.25,169.77,77236.19
6030,South,Industrial,1940.15,1557.81,382.34,10989.19
6031,South,Residential,1113.7,905.77,207.93,60696.67
6032,North,Industrial,542.81,435.57,107.24,84024.36
6033,Central,Industrial,2494.39,2208.31,286.08,74203.01
6034,West,Residential,723.98,622.22,101.76,35054.2
6035,South,Commercial,1829,1572.72,256.28,27948.14
6036,West,Residential,1790.7,1469.78,320.92,48078.52
6037,West,Industrial,958.98,900.09,58.89,13538.58
6038,East,Commercial,2000.38,1686.89,313.49,14697.33
6039,West,Commercial,2066.12,1994.63,71.49,29189.12
6040,West,Industrial,925,833.76,91.24,57899.8
6041,South,Commercial,900.6,759.78,140.82,12114
6042,North,Commercial,2306.97,1869.49,437.48,49587.41
6043,West,Industrial,1717.13,1654.8,62.33,98979.75
6044,West,Residential,1470.97,1274.97,196,84260.59
6045,South,Industrial,1419.08,1200.33,218.75,22718.7
6046,East,Residential,1569.84,1287.9,281.94,69558.45
6047,South,Residential,1571.89,1448.92,122.97,43561.66
6048,East,Residential,2330.02,2127.64,202.38,84559.45
6049,West,Industrial,1813.25,1476.95,336.3,9758.04
6050,Central,Residential,1778.06,1623.73,154.33,90380.36
6051,East,Residential,1127.63,1046.99,80.64,70452.49
6052,North,Industrial,1989.52,1615.07,374.45,76248.67
6053,East,Residential,821.49,666.98,154.51,5013.72
6054,West,Industrial,1042.28,972.51,69.77,44372.85
6055,South,Residential,2265.75,1914.16,351.59,22128.81
6056,Central,Industrial,1542.16,1254.32,287.84,66879.38
6057,East,Residential,949.89,836.99,112.9,39990.27
6058,North,Commercial,1030.06,967.09,62.97,57246.63
6059,East,Commercial,538.22,448.51,89.71,21769.49
6060,West,Industrial,509.78,460.33,49.45,19988.01
6061,West,Industrial,550.11,494.16,55.95,53959.27
6062,South,Residential,2096.24,2023.1,73.14,45263.16
6063,East,Industrial,1123.15,961.26,161.89,46663.37
6064,South,Commercial,1339.76,1185.73,154.03,6116.55
6065,East,Residential,1196.41,1077.29,119.12,6404.27
6066,North,Industrial,616.91,568.08,48.83,45713.28
6067,Central,Residential,1939.62,1629.73,309.89,83606.47
6068,East,Residential,829.75,762.43,67.32,86659.12
6069,West,Commercial,2298.99,2054.43,244.56,24510.73
6070,South,Residential,2139.34,2039.33,100.01,46882.37
6071,West,Residential,1911.64,1642.08,269.56,79904.52
6072,South,Residential,1731.38,1388.19,343.19,55834.57
6073,South,Residential,1170.64,1040.36,130.28,56824.8
6074,West,Residential,2165.27,1778.71,386.56,95508.12
6075,South,Residential,698.99,561.5,137.49,53095.29
6076,East,Commercial,1062.83,909.69,153.14,97003.07
6077,East,Commercial,2412.67,2130.82,281.85,15453.42
6078,East,Commercial,643.95,594.96,48.99,21741.24
6079,East,Industrial,1830.44,1743.05,87.39,40114.5
6080,West,Industrial,1112.5,905.22,207.28,35458.49
6081,South,Commercial,2297.81,1879.05,418.76,53823.74
6082,East,Commercial,1350.5,1299.83,50.67,19048.59
6083,South,Commercial,2292.59,1957.97,334.62,96489.33
6084,East,Commercial,1422.44,1323.08,99.36,48729.74
6085,South,Commercial,1474.2,1388.42,85.78,56458.76
6086,East,Commercial,1223.47,1154.57,68.9,33216.9
6087,North,Residential,2411.05,2211.66,199.39,43076.61
6088,Central,Industrial,901.4,733.79,167.61,98308.45
6089,East,Industrial,2366.34,2208.29,158.05,94665.2
6090,West,Commercial,1286.6,1062.53,224.07,23241.09
6091,West,Commercial,983.85,961.24,22.61,45648.96
6092,Central,Commercial,1404.2,1325.97,78.23,12821.04
6093,West,Commercial,1690.8,1386.28,304.52,83824.24
6094,North,Commercial,1355.83,1230.1,125.73,84717.94
6095,Central,Residential,1862.58,1513.99,348.59,8102.35
6096,East,Commercial,2176.71,1868.66,308.05,49553.72
6097,South,Industrial,2136.54,1876.1,260.44,36032.8
6098,East,Residential,1531.96,1308.49,223.47,75918.52
6099,West,Residential,718.29,696.82,21.47,79203.34
6100,North,Residential,2254.59,2102.48,152.11,32381.35
6101,West,Residential,1677.02,1572.88,104.14,13790.18
6102,North,Industrial,519.96,430.68,89.28,27826.61
6103,West,Commercial,2109.8,1814.44,295.36,17703.32
6104,East,Commercial,1247.83,1114.63,133.2,17528.31
6105,Central,Industrial,1101.36,945.23,156.13,98556.67
6106,South,Industrial,1220.64,1107.64,113,81000.37
6107,Central,Industrial,1165.51,1110.5,55.01,83098.15
6108,North,Residential,625.18,507.39,117.79,76944.6
6109,Central,Industrial,2223.88,2143.3,80.58,92594.9
6110,East,Residential,1741.57,1591.99,149.58,90736.65
6111,North,Commercial,709.84,628.08,81.76,84402.36
6112,East,Industrial,1367.33,1188.06,179.27,71260.75
6113,West,Commercial,2070.08,1903.02,167.06,97702.79
6114,West,Commercial,1802.61,1610.87,191.74,80180.96
6115,South,Commercial,1279.24,1112.21,167.03,93991.26
6116,South,Industrial,1999.95,1805.59,194.36,14247.75
6117,South,Industrial,1569.63,1295.67,273.96,89424.89
6118,West,Commercial,1096.34,1000.13,96.21,57708.87
6119,North,Commercial,620.89,506.33,114.56,71167.07
6120,South,Industrial,1256.67,1217.98,38.69,73264.1
6121,South,Industrial,544.42,526.19,18.23,80626.41
6122,Central,Commercial,2327.05,1956.76,370.29,23415.04
6123,South,Commercial,1883.49,1833.06,50.43,18256.94
6124,East,Industrial,1740.7,1608.13,132.57,83657.26
6125,West,Industrial,552.59,460.32,92.27,5793.11
6126,Central,Industrial,1676.23,1438.7,237.53,6531.25
6127,South,Commercial,2479.75,1991.54,488.21,38877.46
6128,South,Commercial,1753.92,1717.51,36.41,83375.9
6129,West,Residential,1601.15,1505.33,95.82,82271.86
6130,South,Commercial,1095.2,965.85,129.35,56757.19
6131,West,Industrial,2335.84,1946.77,389.07,78373.95
6132,Central,Commercial,1602.22,1327.12,275.1,7846
6133,West,Residential,1351.32,1214.12,137.2,76807.09
6134,South,Industrial,1111.42,955.83,155.59,81390.32
6135,Central,Industrial,587.45,535.84,51.61,86691.78
6136,South,Residential,535.81,492.06,43.75,36595.14
6137,East,Industrial,901.57,805.14,96.43,73936.79
6138,North,Industrial,1400.61,1332.3,68.31,41316.19
6139,Central,Commercial,2432.38,2302.9,129.48,47068.61
6140,West,Industrial,1269.31,1016.88,252.43,69015.04
6141,East,Commercial,876.33,857.98,18.35,12211.53
6142,South,Residential,1022.63,820.54,202.09,7140.43
6143,North,Residential,1904.33,1620.18,284.15,73057.94
6144,North,Commercial,1837.04,1634.33,202.71,22272.83
6145,East,Commercial,2151.45,1925.72,225.73,34832.19
6146,East,Industrial,1050.62,873.11,177.51,34003.15
6147,East,Commercial,2198.62,1782.9,415.72,16055.26
6148,West,Industrial,2259.08,1922.43,336.65,9090.37
6149,West,Residential,933.82,786.25,147.57,38471.25
6150,West,Commercial,1334.66,1157.76,176.9,5728.39
6151,South,Residential,633.57,616.03,17.54,87747.66
6152,West,Industrial,550.42,517.2,33.22,50735.7
6153,East,Industrial,1758.03,1535.4,222.63,52609.3
6154,East,Residential,814.87,713.28,101.59,44410.62
6155,Central,Commercial,1592.41,1274.24,318.17,91491.44
6156,South,Residential,1220.04,1140.04,80,74235.78
6157,East,Residential,1315.92,1288.66,27.26,82417.13
6158,South,Commercial,2268.35,2031.06,237.29,64645.74
6159,North,Commercial,1349.21,1179.95,169.26,13656.21
6160,South,Industrial,1491.85,1441.76,50.09,71686.55
6161,East,Commercial,2302.75,1844.62,458.13,61888.27
6162,West,Residential,578.89,551.84,27.05,38424.61
6163,Central,Commercial,1453.89,1187.74,266.15,86728.5
6164,South,Industrial,1348.48,1205.39,143.09,46723.86
6165,East,Industrial,1113.47,1088.11,25.36,78028.27
6166,North,Residential,1915.07,1734.89,180.18,95213.43
6167,North,Industrial,1812.14,1751,61.14,20338.98
6168,North,Residential,2321.48,1955.92,365.56,77736.31
6169,Central,Residential,827.64,726.51,101.13,88110.32
6170,West,Industrial,905.8,844.82,60.98,32019.42
6171,East,Residential,1457.79,1367.85,89.94,37994.79
6172,West,Industrial,1902.74,1743.65,159.09,19919.41
6173,Central,Residential,1819.15,1485.88,333.27,65667.59
6174,Central,Commercial,1923.77,1678.25,245.52,11737.98
6175,West,Residential,2423.27,2045.07,378.2,36177.11
6176,East,Industrial,1434.55,1276.47,158.08,5499.92
6177,East,Industrial,1994.54,1598.06,396.48,14897.09
6178,East,Residential,1640.19,1457.96,182.23,49335.79
6179,West,Residential,2301.06,1891.86,409.2,79516.51
6180,North,Commercial,804.75,723.14,81.61,73102.67
6181,North,Residential,1947.59,1617.3,330.29,81341.98
6182,North,Commercial,1909.83,1572.24,337.59,88797.73
6183,Central,Industrial,2130.46,1777.25,353.21,21115.08
6184,West,Commercial,1378.48,1221.8,156.68,5603.58
6185,East,Commercial,1966.58,1676.11,290.47,43293.63
6186,East,Residential,1486.29,1331.58,154.71,32273.53
6187,North,Industrial,1679.94,1554.68,125.26,66031.76
6188,West,Industrial,1809.86,1766.77,43.09,96395.94
6189,West,Residential,2218.93,1896.7,322.23,66774.13
6190,Central,Industrial,716.06,650.59,65.47,12698.26
6191,East,Residential,2151.12,2029.04,122.08,32731.67
6192,West,Residential,2330.35,2030.76,299.59,80307.86
6193,South,Industrial,880.98,712.32,168.66,66706.06
6194,East,Industrial,1608.66,1393.53,215.13,43633.01
6195,North,Commercial,932.23,861.94,70.29,24196.23
6196,North,Commercial,764.17,636,128.17,89871.21
6197,Central,Industrial,2355.57,1975.96,379.61,89374.67
6198,West,Industrial,1388.59,1264.32,124.27,19786.62
6199,North,Industrial,1258.97,1129.51,129.46,85186.92
6200,West,Residential,1728.56,1398.47,330.09,80682.43
6201,East,Industrial,1549.3,1415.24,134.06,57360.39
6202,South,Commercial,839.5,747.26,92.24,93911.46
6203,Central,Industrial,2455.49,2320.6,134.89,60145.65
6204,East,Industrial,1864.32,1646.86,217.46,24328.7
6205,West,Residential,2437.3,2220.77,216.53,19301.09
6206,West,Residential,2236.37,2189.96,46.41,87384.24
6207,East,Residential,2406.63,2084.05,322.58,38178.45
6208,North,Commercial,1394.53,1307.14,87.39,43692.51
6209,North,Residential,992.74,889.84,102.9,56146.62
6210,Central,Residential,2326.02,2259.87,66.15,40732.87
6211,North,Commercial,2364.58,2282.18,82.4,82789.12
6212,West,Residential,1359.65,1134.51,225.14,58276.97
6213,South,Commercial,2340.14,1911.84,428.3,77859.43
6214,South,Residential,1066.36,874.3,192.06,7925.5
6215,South,Commercial,1481.59,1224.7,256.89,30883.53
6216,East,Industrial,2122.12,2025.47,96.65,89883.34
6217,North,Residential,2358.83,2280.39,78.44,39839.21
6218,East,Residential,1885.89,1626.16,259.73,67905.96
6219,Central,Residential,1147.87,926.65,221.22,66759.13
6220,South,Residential,823.19,776.81,46.38,7788.11
6221,North,Industrial,961.23,891.16,70.07,56699.62
6222,West,Commercial,1949.8,1614.11,335.69,94265.15
6223,East,Industrial,2206.3,1936.69,269.61,80622.63
6224,South,Residential,1181.54,1115.44,66.1,72623.39
6225,West,Residential,2169.14,2123.55,45.59,36328.38
6226,Central,Residential,851.29,807.27,44.02,67548.77
6227,Central,Industrial,1596.15,1406.15,190,52015.28
6228,Central,Industrial,1346.83,1258.29,88.54,55653.07
6229,North,Residential,518.71,453.56,65.15,56000.89
6230,West,Commercial,2424.55,2276.16,148.39,33654.98
6231,East,Residential,1767.62,1611.28,156.34,25623.58
6232,West,Residential,1710.76,1596.07,114.69,19412.74
6233,West,Industrial,2356.76,2221.39,135.37,58323.62
6234,Central,Commercial,1211.24,1158.28,52.96,23339.65
6235,South,Residential,1116.71,1044.55,72.16,96041.8
6236,West,Industrial,2462.97,2372.04,90.93,51537.22
6237,North,Commercial,2374.02,2130.46,243.56,95091.19
6238,West,Commercial,2481.67,2333.78,147.89,62455.08
6239,North,Industrial,818.44,801.98,16.46,28326.71
6240,Central,Industrial,2464.6,2360.61,103.99,10497.38
6241,East,Commercial,1941.33,1887.93,53.4,37650.18
6242,Central,Commercial,1344.78,1150.17,194.61,14081.27
6243,East,Residential,2172.78,1803.47,369.31,59692.89
6244,North,Residential,1438.48,1404.97,33.51,74272.97
6245,East,Industrial,2256.61,1850.04,406.57,58924.59
6246,West,Industrial,1049.85,998.01,51.84,21199.45
6247,East,Commercial,2105.52,2003.37,102.15,74582.56
6248,Central,Industrial,1694.4,1470.33,224.07,73825.85
6249,East,Industrial,1279.85,1087.83,192.02,47618.09
6250,East,Residential,1853.79,1709.83,143.96,23293.46
6251,North,Commercial,1691.08,1480.23,210.85,9924.75
6252,Central,Industrial,1417.94,1222.39,195.55,51129.46
6253,North,Residential,1606.27,1316.75,289.52,31993.13
6254,West,Commercial,2020.2,1906.41,113.79,88663.52
6255,North,Commercial,1948.85,1568.41,380.44,62172.16
6256,West,Industrial,745.83,675.5,70.33,38016.32
6257,West,Commercial,2113.71,1804.83,308.88,67888.84
6258,East,Commercial,709.72,652.19,57.53,5416.12
6259,South,Commercial,2066.42,1880.2,186.22,54044.43
6260,North,Industrial,2029.27,1643.42,385.85,53195.2
6261,South,Commercial,1784.63,1590.45,194.18,16927.35
6262,Central,Residential,1096.52,991.57,104.95,13079.3
6263,East,Industrial,1822.27,1688.07,134.2,79694.95
6264,West,Commercial,1683.1,1422.52,260.58,96265.29
6265,West,Industrial,1688.78,1428.13,260.65,31074.57
6266,South,Residential,1621.2,1513.42,107.78,89307.87
6267,North,Industrial,1129.62,912.7,216.92,74036.37
6268,East,Residential,2012.81,1713.52,299.29,85303.55
6269,East,Residential,1228.7,1142.57,86.13,19944.28
6270,West,Commercial,2090.99,1831.52,259.47,5863.91
6271,East,Industrial,1838.73,1772.5,66.23,23421.46
6272,Central,Commercial,1327.25,1298.22,29.03,56043.16
6273,South,Commercial,1392.16,1132.29,259.87,26393.25
6274,Central,Industrial,1222.26,1182.79,39.47,42510.92
6275,East,Residential,677.45,661.77,15.68,44848.39
6276,East,Residential,968.85,945.67,23.18,78939.78
6277,West,Industrial,1087.39,1045.54,41.85,49336.02
6278,South,Industrial,766.46,713.67,52.79,73959.34
6279,East,Commercial,1922.84,1618.86,303.98,77260.42
6280,West,Residential,1115.48,903.61,211.87,61638.31
6281,East,Residential,1452.36,1284.64,167.72,5896.38
6282,West,Commercial,2103.94,1884.41,219.53,22722.44
6283,West,Residential,1690.12,1406.03,284.09,56077.31
6284,North,Commercial,2017.3,1815.17,202.13,28103.69
6285,East,Commercial,1632.8,1422,210.8,94384.97
6286,Central,Commercial,2039.87,1895.53,144.34,12558.07
6287,West,Residential,969.72,883.53,86.19,58616
6288,East,Residential,1507.54,1428.23,79.31,54517.62
6289,West,Residential,935.82,908.7,27.12,7788.95
6290,East,Commercial,1460.59,1311,149.59,83906.49
6291,South,Commercial,2164.56,2020.97,143.59,22470.12
6292,North,Industrial,918.03,829.42,88.61,74184.4
6293,Central,Commercial,2400.03,2242.25,157.78,86014.67
6294,West,Commercial,1428.89,1338.01,90.88,9346.64
6295,North,Residential,2013.73,1637.62,376.11,80370.46
6296,Central,Industrial,1243.53,1166.33,77.2,57357.15
6297,East,Commercial,1106.16,915.95,190.21,75101.62
6298,South,Residential,505.37,443.38,61.99,58035.95
6299,Central,Residential,775.03,692.48,82.55,46187.47
6300,North,Residential,1291.99,1081.44,210.55,14700.81
6301,West,Industrial,2049.58,2002.42,47.16,90806.91
6302,South,Commercial,527.23,467.32,59.91,58649.94
6303,Central,Commercial,1790.74,1633.38,157.36,53486.17
6304,West,Commercial,1956.95,1760.13,196.82,52163.34
6305,North,Commercial,2210.91,2100.14,110.77,81552.07
6306,East,Residential,1694.42,1521.45,172.97,56931.69
6307,Central,Residential,1130.01,928.26,201.75,78777.18
6308,South,Industrial,1749.64,1404.84,344.8,44869.98
6309,West,Residential,1507.96,1221.26,286.7,29359.59
6310,Central,Residential,1638.87,1391.52,247.35,15125.64
6311,West,Industrial,943.94,807.94,136,95331.58
6312,North,Commercial,1578.77,1486.42,92.35,56979.68
6313,Central,Industrial,2276.59,1916.34,360.25,35150.3
6314,North,Industrial,2343.47,2256.75,86.72,94407.16
6315,West,Residential,792.14,643.68,148.46,65728.52
6316,North,Residential,664.19,605.63,58.56,99542.58
6317,West,Commercial,1977.32,1900.86,76.46,75086.27
6318,West,Residential,853.64,836.14,17.5,81870.86
6319,Central,Residential,2329.38,1967.98,361.4,13652.87
6320,South,Industrial,2360.71,2039.19,321.52,75236.05
6321,Central,Residential,2305.11,2075.3,229.81,54165.48
6322,Central,Commercial,1256.75,1094.54,162.21,24811.15
6323,West,Industrial,2300.28,1907.58,392.7,9659.78
6324,Central,Residential,1658.96,1537.93,121.03,9614.64
6325,North,Industrial,1244.32,1162.33,81.99,98538.76
6326,Central,Commercial,2096.27,1935.88,160.39,65560.88
6327,Central,Residential,1614.23,1507.43,106.8,95642.04
6328,Central,Residential,1068.1,858.94,209.16,46059.51
6329,North,Industrial,2319.76,2200.12,119.64,34518.48
6330,Central,Commercial,1258.16,1206.24,51.92,25285.16
6331,East,Commercial,2214.34,2043.87,170.47,61919.52
6332,East,Industrial,1841.41,1695.51,145.9,34690.05
6333,East,Industrial,2142.7,1771.28,371.42,52881.33
6334,East,Industrial,1877.36,1790.59,86.77,84631.62
6335,Central,Industrial,1889.54,1796.51,93.03,32727.28
6336,South,Commercial,992.58,853.49,139.09,54368.12
6337,Central,Commercial,715.01,653.24,61.77,70507.22
6338,Central,Industrial,1776.95,1456.08,320.87,13455.95
6339,Central,Residential,1781.44,1467.6,313.84,77463.29
6340,West,Residential,1477.21,1240.87,236.34,11113.54
6341,Central,Commercial,2276.56,2155.49,121.07,42413.88
6342,West,Commercial,1804.28,1662.07,142.21,88924.73
6343,South,Residential,1137.56,986.44,151.12,79486.73
6344,South,Residential,698.14,622.27,75.87,69387.84
6345,Central,Commercial,2397.31,2170.57,226.74,79617.71
6346,Central,Industrial,1519.76,1451.67,68.09,27291.99
6347,Central,Industrial,1658.19,1493.28,164.91,52801.78
6348,South,Industrial,1286.6,1162.64,123.96,24857.12
6349,West,Commercial,762.59,744.68,17.91,48120.87
6350,North,Industrial,1330.69,1268.91,61.78,74159.16
6351,West,Commercial,2057,1796.38,260.62,61870.06
6352,South,Industrial,1342.3,1314.77,27.53,17649.27
6353,North,Residential,1400.47,1369.84,30.63,45912.41
6354,East,Industrial,2449.09,2355.55,93.54,7814
6355,North,Industrial,893.74,764.31,129.43,8221.82
6356,Central,Commercial,1395.08,1266.94,128.14,50214.65
6357,North,Industrial,1432.46,1260.06,172.4,20694.06
6358,West,Residential,746.58,672.54,74.04,85570.14
6359,Central,Residential,1168.74,957.36,211.38,18056.24
6360,North,Industrial,2141.01,1961.58,179.43,45587.13
6361,North,Residential,1266.68,1037.72,228.96,55254.15
6362,Central,Residential,2154.5,1787.24,367.26,83746
6363,East,Commercial,1345.27,1152.67,192.6,67675.49
6364,North,Residential,589.92,537.51,52.41,27519.05
6365,South,Industrial,2010.36,1619.61,390.75,95801.78
6366,East,Industrial,1451.45,1350.99,100.46,99709.49
6367,North,Industrial,900.89,727.24,173.65,68987.19
6368,North,Industrial,1016.88,816.26,200.62,59648.49
6369,Central,Residential,2007.26,1639.81,367.45,98889.37
6370,West,Commercial,1058.07,988.3,69.77,37423.82
6371,South,Commercial,2361.74,2213.99,147.75,60477.43
6372,North,Commercial,2189.75,1890.2,299.55,21667.66
6373,West,Commercial,1446.5,1300.47,146.03,18985.9
6374,Central,Residential,1230.57,1017.63,212.94,46053.78
6375,Central,Commercial,1821.72,1604.56,217.16,46852.79
6376,West,Commercial,1049.48,922.76,126.72,70303.36
6377,East,Industrial,1751.34,1524.96,226.38,75349.75
6378,West,Commercial,1611.8,1353.52,258.28,75803.14
6379,Central,Industrial,1833.46,1669.81,163.65,84002.08
6380,East,Industrial,2381.25,2259.32,121.93,52722.18
6381,East,Industrial,1689.09,1417.6,271.49,26407.43
6382,East,Industrial,832.99,668.1,164.89,47297.66
6383,Central,Residential,1643.71,1324.59,319.12,89742.27
6384,West,Commercial,1147.82,1122.05,25.77,70238.43
6385,South,Industrial,540.31,453.7,86.61,90243.56
6386,North,Industrial,699.25,625.95,73.3,70516.76
6387,West,Industrial,2430.16,2363.91,66.25,58365.56
6388,North,Commercial,2329.96,2169.97,159.99,57360.85
6389,South,Residential,2221.47,2123.22,98.25,74793.03
6390,East,Industrial,603.59,483.78,119.81,66540.48
6391,South,Residential,709.58,646.11,63.47,54965.01
6392,North,Commercial,2054.39,1771.18,283.21,93792.31
6393,South,Residential,859.69,783.17,76.52,42896.2
6394,South,Commercial,1206.49,1129.81,76.68,76339.52
6395,South,Residential,1968.76,1716.72,252.04,47681.57
6396,North,Commercial,1305.76,1157.43,148.33,62706.29
6397,West,Commercial,2472.08,2201.4,270.68,36842.45
6398,North,Industrial,2082.56,1982.7,99.86,92086.42
6399,West,Commercial,819.24,748.59,70.65,26107.55
6400,West,Residential,1992.1,1612.42,379.68,51102.53
6401,Central,Commercial,2222,1873.72,348.28,61609.36
6402,East,Industrial,654.74,610.93,43.81,91665.41
6403,East,Industrial,1552.9,1452.76,100.14,55291.3
6404,East,Commercial,2080.67,1997.73,82.94,77920.63
6405,North,Residential,1577.66,1493.85,83.81,34433.07
6406,Central,Residential,700.44,612.09,88.35,21579.74
6407,East,Industrial,1195.7,1009.17,186.53,10962.47
6408,East,Commercial,1126.68,1070.16,56.52,58843.25
6409,South,Residential,1125.21,918.22,206.99,58924.73
6410,Central,Commercial,1374.52,1130.15,244.37,21207.44
6411,East,Industrial,783.91,740.92,42.99,26408.38
6412,East,Commercial,1494.93,1264.49,230.44,13842.2
6413,East,Industrial,1804.41,1672.33,132.08,32222.52
6414,South,Residential,1335.91,1137.75,198.16,23815.02
6415,East,Commercial,1500.36,1456.58,43.78,45537.25
6416,North,Industrial,1989.26,1623.72,365.54,99023.11
6417,West,Commercial,2036.42,1909.44,126.98,57265.91
6418,East,Residential,1272.31,1033.67,238.64,27899.54
6419,West,Industrial,503.97,413.12,90.85,58476.52
6420,North,Commercial,2029.86,1935.96,93.9,73218.84
6421,East,Industrial,2202.46,1988.72,213.74,27391.22
6422,West,Residential,1758.3,1545.71,212.59,19083.99
6423,South,Residential,711.2,628.96,82.24,29530.6
6424,West,Industrial,1487.5,1453.41,34.09,35154.61
6425,South,Commercial,992.92,893.54,99.38,41196.27
6426,North,Commercial,1687.28,1590.22,97.06,62825.53
6427,East,Industrial,1524.46,1459.89,64.57,99788.4
6428,West,Residential,1489.53,1399.23,90.3,79735.32
6429,East,Industrial,1288.19,1068.3,219.89,20441.39
6430,Central,Residential,674.91,639.94,34.97,85922.48
6431,West,Commercial,1699.24,1591.02,108.22,88561.66
6432,South,Residential,2175.34,1810.08,365.26,22704.67
6433,East,Industrial,2026.83,1801.86,224.97,24774.76
6434,South,Commercial,2019.47,1833.67,185.8,70365.75
6435,South,Residential,2112.8,1913.57,199.23,28863.86
6436,East,Industrial,1323.85,1176.67,147.18,86385.78
6437,North,Industrial,1907.59,1581.93,325.66,96879.65
6438,Central,Residential,2280.84,2184.6,96.24,68434.95
6439,South,Commercial,2366.14,2241.28,124.86,18862.68
6440,South,Commercial,1036.61,986.8,49.81,92027.08
6441,West,Residential,2369.45,2316.24,53.21,44328.44
6442,North,Residential,1944.37,1881.1,63.27,99864.55
6443,South,Residential,2077.48,1834.12,243.36,61411.12
6444,North,Industrial,742.58,667.82,74.76,73811.16
6445,East,Residential,1523.7,1298.51,225.19,12092.74
6446,North,Commercial,1614.85,1451.14,163.71,64856.11
6447,South,Industrial,1687.68,1361.39,326.29,22827.91
6448,South,Commercial,2066.46,1699.56,366.9,74524.75
6449,North,Residential,1515.36,1305.51,209.85,81795.78
6450,South,Industrial,1339.24,1308.99,30.25,46860.05
6451,South,Commercial,1430.08,1193.38,236.7,9055.83
6452,East,Industrial,511.32,420.93,90.39,43613.69
6453,South,Commercial,1975.35,1806.12,169.23,65762.36
6454,East,Commercial,1709.85,1396.45,313.4,98704.04
6455,South,Industrial,692.2,596.79,95.41,37626.29
6456,East,Residential,1230.39,1113.8,116.59,65130.59
6457,East,Residential,2146.67,1822.18,324.49,98334.52
6458,West,Residential,1911.38,1634.43,276.95,56973.48
6459,North,Residential,572.95,469.64,103.31,19567.84
6460,North,Commercial,1562.65,1482.62,80.03,75523.49
6461,North,Commercial,2131.22,2023.29,107.93,78597.33
6462,Central,Commercial,2497.55,2376.62,120.93,36522.41
6463,West,Residential,1715.91,1576.67,139.24,76586.63
6464,North,Residential,1222.6,1049.04,173.56,20409.35
6465,North,Industrial,1613.3,1488.19,125.11,65518.46
6466,East,Commercial,2005.81,1910.88,94.93,98624.34
6467,Central,Industrial,731.36,667.31,64.05,34514.44
6468,North,Residential,1047.76,840.21,207.55,83852.49
6469,East,Industrial,602.06,484.18,117.88,50526.63
6470,South,Industrial,647.19,549.29,97.9,96758.45
6471,North,Industrial,2451.05,2367.93,83.12,53654.48
6472,South,Residential,1917.02,1617.86,299.16,84621.48
6473,North,Residential,1613.95,1438.15,175.8,26157.15
6474,South,Commercial,1937.01,1823.81,113.2,50146
6475,East,Industrial,1768.22,1458.02,310.2,99331.04
6476,East,Commercial,1513.78,1325.24,188.54,83453.55
6477,South,Residential,2326.04,1878.42,447.62,56070.69
6478,East,Residential,1732.57,1689.09,43.48,88142.36
6479,South,Industrial,1082.92,872.47,210.45,44285.27
6480,South,Residential,1180.66,1095.98,84.68,48805.2
6481,Central,Industrial,855.88,687.74,168.14,51610.48
6482,South,Commercial,2465.62,2111.78,353.84,43467.85
6483,Central,Industrial,1660.91,1458.9,202.01,55617.46
6484,South,Industrial,1056.1,960.19,95.91,87067.25
6485,Central,Residential,871.11,786.05,85.06,39558.89
6486,West,Residential,2189.67,1899.66,290.01,80225.65
6487,East,Industrial,795.32,749,46.32,60425.85
6488,Central,Residential,609.5,593.27,16.23,88058.43
6489,South,Industrial,666.16,534.16,132,14243.77
6490,West,Commercial,1855.42,1507.02,348.4,59056.78
6491,Central,Commercial,1931.54,1815.82,115.72,19063.23
6492,West,Commercial,1923.55,1721.47,202.08,89923.1
6493,Central,Residential,1626.98,1323.09,303.89,12659.32
6494,Central,Commercial,1087.19,881.03,206.16,6008.94
6495,North,Residential,2150.18,1942.14,208.04,80504.67
6496,North,Residential,555.41,450.87,104.54,27550.82
6497,South,Industrial,1908.66,1847.15,61.51,92348.88
6498,North,Commercial,2462.79,2270.7,192.09,18620.24
6499,South,Residential,1270.11,1174.27,95.84,55478.1
6500,Central,Industrial,1876.08,1705.27,170.81,77540.55
6501,North,Industrial,2044.69,1843.05,201.64,70896.24
6502,Central,Residential,2343.54,2289.7,53.84,80410.56
6503,East,Residential,778.99,759.44,19.55,69204.52
6504,West,Residential,2346.31,1932.04,414.27,47659.68
6505,South,Commercial,2361.39,2098.15,263.24,10832.36
6506,North,Industrial,1304.83,1182.69,122.14,77940.57
6507,East,Commercial,1252.01,1180.08,71.93,67490.42
6508,East,Industrial,2327.86,2044.37,283.49,63529.37
6509,East,Residential,1145,1068.32,76.68,81091.64
6510,South,Residential,1703.18,1614.15,89.03,92692.31
6511,North,Commercial,681.01,643.03,37.98,7644.65
6512,East,Commercial,1341.04,1212.21,128.83,67320.05
6513,South,Industrial,1360.2,1265.9,94.3,28460.16
6514,Central,Industrial,1661.53,1611.13,50.4,30032.08
6515,South,Industrial,923.95,751.81,172.14,76406.37
6516,Central,Residential,2416.49,1972.93,443.56,7612.68
6517,Central,Industrial,1454.29,1391.78,62.51,37280.84
6518,West,Residential,1506.7,1332.03,174.67,64770.06
6519,South,Commercial,2277.58,1847.45,430.13,17831.46
6520,Central,Commercial,1633.1,1587.69,45.41,62491.54
6521,North,Residential,802.12,713.2,88.92,93792.47
6522,Central,Commercial,2001.75,1733.39,268.36,61286.07
6523,Central,Residential,1235.25,1208.47,26.78,91640.59
6524,South,Industrial,966.99,809.1,157.89,60858.53
6525,South,Industrial,1141.47,948.39,193.08,15770.89
6526,South,Industrial,1815.96,1530.36,285.6,58787.16
6527,Central,Commercial,1383.91,1126.55,257.36,82207.65
6528,East,Commercial,2377.92,2052.31,325.61,10420.59
6529,South,Commercial,1759.15,1540.84,218.31,6937.51
6530,East,Residential,2380.38,1999.52,380.86,75202.43
6531,Central,Residential,1815.41,1634.79,180.62,59019.89
6532,South,Residential,1726.27,1536.7,189.57,67778.91
6533,West,Residential,2220.85,2134.11,86.74,45510.91
6534,North,Residential,2087.98,1672.24,415.74,20579.63
6535,North,Commercial,2354,2200.78,153.22,38029.85
6536,Central,Residential,533.49,444.67,88.82,18827.23
6537,West,Industrial,1985.82,1885.85,99.97,69533.4
6538,West,Residential,1843.49,1695.53,147.96,76668.86
6539,Central,Commercial,1121.64,1070.79,50.85,22124.24
6540,North,Commercial,1546.89,1255.81,291.08,84880.69
6541,Central,Residential,1224.52,998.46,226.06,55713.49
6542,North,Residential,519.07,420.18,98.89,51259.95
6543,West,Residential,2186.16,1803.19,382.97,13682.8
6544,Central,Commercial,872.4,796.51,75.89,39404.61
6545,East,Commercial,1280.85,1033.16,247.69,80271.8
6546,Central,Residential,1854.75,1786.47,68.28,81451.82
6547,North,Commercial,1574.87,1272.04,302.83,67287.64
6548,West,Industrial,2095.45,1892.01,203.44,73400.03
6549,West,Commercial,959.41,774.48,184.93,98033.66
6550,North,Commercial,2401.44,2296.36,105.08,59323.63
6551,East,Commercial,2360.47,2031.87,328.6,36114.22
6552,West,Industrial,1075.88,888.85,187.03,26902.17
6553,Central,Industrial,2424.14,2111.71,312.43,88264.06
6554,Central,Industrial,2133.52,1849.57,283.95,11142.29
6555,East,Commercial,1458.69,1305.09,153.6,85769.69
6556,Central,Industrial,2132.03,1783.19,348.84,25022.54
6557,North,Residential,1551.28,1277.1,274.18,80293.1
6558,East,Commercial,761.76,716.85,44.91,45467.52
6559,Central,Industrial,1689.73,1369.18,320.55,38342.94
6560,South,Industrial,1614.33,1314.94,299.39,54441.73
6561,South,Industrial,1482.12,1285.48,196.64,67946.22
6562,East,Industrial,2161.75,1743.18,418.57,79015.87
6563,North,Industrial,1776.39,1638.14,138.25,57804.08
6564,West,Residential,942.74,855.67,87.07,8379.26
6565,North,Commercial,2469.47,2302.96,166.51,78698.79
6566,Central,Residential,2024.04,1667.63,356.41,40945.1
6567,Central,Residential,1039.5,937.88,101.62,21397.43
6568,South,Industrial,2119.22,1809.65,309.57,19524.99
6569,East,Commercial,900.29,742.2,158.09,70101.18
6570,East,Commercial,1618.55,1343.74,274.81,17774.8
6571,Central,Industrial,2140.87,1811.25,329.62,54389.33
6572,West,Commercial,610.49,562.95,47.54,96265.47
6573,West,Commercial,2358.92,2237.4,121.52,7937.3
6574,South,Residential,2287.62,2092.43,195.19,59037.92
6575,East,Commercial,1336.82,1147.88,188.94,33164.95
6576,North,Commercial,2180.27,1772.76,407.51,68082.75
6577,East,Residential,1991.9,1744.77,247.13,64697
6578,North,Industrial,2289.7,1994.47,295.23,51524.19
6579,East,Commercial,1324.88,1136,188.88,99525.44
6580,Central,Industrial,669.58,649.16,20.42,99320.14
6581,North,Industrial,1181.93,1052.87,129.06,91090.22
6582,East,Industrial,1183.28,983.7,199.58,68552.65
6583,South,Commercial,857.57,736.56,121.01,34171.39
6584,East,Residential,1636.45,1561.34,75.11,22671.82
6585,West,Commercial,1335.57,1105.67,229.9,25402.79
6586,West,Commercial,1273.43,1051.22,222.21,46144.8
6587,North,Commercial,2081.26,1738.15,343.11,22925.05
6588,East,Residential,1519.47,1238.87,280.6,67364.21
6589,North,Commercial,1610.47,1563.52,46.95,41526.68
6590,West,Industrial,2366.15,2263.37,102.78,7884.06
6591,Central,Industrial,1555.84,1505.12,50.72,26109.71
6592,West,Residential,1683.34,1494.98,188.36,67752.55
6593,West,Industrial,1714.29,1561.68,152.61,40021.72
6594,North,Residential,1501.11,1338.49,162.62,15423.1
6595,Central,Residential,1304.59,1183.38,121.21,42893.69
6596,East,Industrial,1257.45,1053.12,204.33,98345.26
6597,East,Commercial,897.98,841.08,56.9,26098.98
6598,North,Residential,1934.64,1851.05,83.59,44092.48
6599,North,Industrial,1283.01,1069.42,213.59,40195.4
6600,Central,Residential,1670.63,1488.9,181.73,59014.32
6601,North,Commercial,1328.55,1269.7,58.85,19761.12
6602,North,Industrial,2422.57,1976.8,445.77,56432.63
6603,Central,Residential,1916.76,1850.64,66.12,43559
6604,Central,Residential,1608.49,1558.66,49.83,92592.71
6605,West,Commercial,1224.19,1017.96,206.23,20915.95
6606,Central,Residential,886.5,825.34,61.16,88247.62
6607,South,Commercial,926.98,797.77,129.21,84495.18
6608,Central,Industrial,521.38,453.96,67.42,15809.01
6609,West,Commercial,1685.01,1619.09,65.92,79308.78
6610,West,Commercial,1182.69,1147,35.69,86354.76
6611,North,Industrial,595.29,581.18,14.11,75565.66
6612,Central,Commercial,2257.76,2026,231.76,74673.95
6613,South,Commercial,761.77,734.72,27.05,88206.35
6614,North,Commercial,2194.71,2129.53,65.18,18529.53
6615,South,Residential,2015.22,1877.5,137.72,72311.66
6616,North,Residential,997.14,861.55,135.59,97135.14
6617,South,Commercial,1804.23,1602.36,201.87,58939.64
6618,East,Commercial,1707.07,1654.07,53,22131.93
6619,West,Industrial,1309.5,1228.56,80.94,35891.2
6620,East,Residential,1960.07,1836.96,123.11,45598.47
6621,West,Commercial,1819.01,1572.19,246.82,19331.05
6622,West,Industrial,2384.06,1926.47,457.59,65618.06
6623,Central,Residential,2329.94,2281.6,48.34,89028.38
6624,North,Residential,522.98,484.78,38.2,57083.02
6625,Central,Industrial,1751.73,1690.02,61.71,36808.12
6626,West,Residential,1683.07,1349,334.07,33652.95
6627,West,Industrial,2204.98,1863.02,341.96,12914.39
6628,East,Residential,2028.2,1823.27,204.93,85361.44
6629,East,Industrial,1102.13,1013.54,88.59,93227.11
6630,Central,Commercial,692.78,654.69,38.09,50434.67
6631,North,Commercial,2112.81,1992.5,120.31,94816.78
6632,South,Commercial,2316.88,2087.92,228.96,65171.76
6633,South,Commercial,2140.12,2008.04,132.08,29166.17
6634,East,Industrial,1024.32,928.98,95.34,90008.06
6635,South,Industrial,1414.15,1254.39,159.76,33037.89
6636,North,Industrial,2145.07,1848.84,296.23,43399.87
6637,West,Residential,1347.89,1222.34,125.55,61659.66
6638,Central,Industrial,1550.57,1412.29,138.28,9483.66
6639,West,Commercial,826.76,795,31.76,77490.53
6640,West,Commercial,977.7,909.53,68.17,15442.8
6641,South,Industrial,1623.74,1507.16,116.58,54022.73
6642,Central,Commercial,1790.08,1646.03,144.05,6095.48
6643,East,Industrial,2362.76,2190.14,172.62,17549.32
6644,West,Residential,997.52,963.38,34.14,32536.61
6645,North,Commercial,1108.34,975.83,132.51,41511.76
6646,North,Industrial,2487.88,2152.06,335.82,63830.58
6647,East,Commercial,1202.71,1004.27,198.44,32622.11
6648,East,Industrial,1644.85,1330.65,314.2,92497.66
6649,Central,Residential,510.13,444.37,65.76,50326.72
6650,North,Residential,1270.26,1117.93,152.33,18597.21
6651,North,Industrial,1344.5,1120.8,223.7,16667.41
6652,East,Commercial,1262.3,1018.22,244.08,50623.32
6653,South,Commercial,1790.49,1574.64,215.85,36842.32
6654,South,Commercial,1377.13,1153.02,224.11,37765.16
6655,Central,Industrial,1295.5,1053.11,242.39,53777.52
6656,West,Residential,1643.22,1370.05,273.17,26492.91
6657,Central,Residential,2446.25,2187.81,258.44,83540.66
6658,East,Industrial,1146.81,993.56,153.25,84221.65
6659,North,Residential,1584.68,1542.66,42.02,92180.64
6660,North,Residential,1897.28,1605.44,291.84,96909.64
6661,North,Residential,1573.68,1533.67,40.01,38768.34
6662,West,Residential,1631.34,1499.34,132,75115.03
6663,West,Commercial,1819.39,1627.92,191.47,96253.12
6664,West,Residential,2312.38,1890.3,422.08,55038.28
6665,Central,Residential,1251.97,1109.58,142.39,56864.99
6666,Central,Residential,2075.09,1914.92,160.17,87456.87
6667,Central,Industrial,2073.69,1876.42,197.27,29754.54
6668,North,Industrial,1612.05,1555.47,56.58,49536.5
6669,East,Residential,1251.77,1192.23,59.54,63437.7
6670,South,Residential,2006.62,1730.49,276.13,20342.81
6671,South,Residential,1542.04,1234.08,307.96,76113.42
6672,Central,Industrial,537.86,505.71,32.15,63235.01
6673,North,Residential,2213.04,1881.58,331.46,82551.47
6674,South,Industrial,1812.79,1584.78,228.01,22893.4
6675,Central,Industrial,1568.15,1450.49,117.66,67355.45
6676,East,Commercial,926.03,897.5,28.53,29277.91
6677,North,Residential,1683.31,1591.66,91.65,74833.33
6678,North,Residential,1249.25,1115.63,133.62,24362.72
6679,South,Residential,964.9,924.69,40.21,70029.52
6680,East,Industrial,1949.47,1697.02,252.45,79334.38
6681,Central,Commercial,2167.33,1835.47,331.86,24147
6682,East,Commercial,502.31,482.42,19.89,15391.43
6683,Central,Industrial,1941.96,1802.11,139.85,80068.27
6684,West,Commercial,1897.51,1634.57,262.94,46729.93
6685,Central,Commercial,569.23,485.32,83.91,62751.36
6686,West,Residential,1646.92,1355.61,291.31,60884.61
6687,East,Industrial,538.38,511.39,26.99,43124.76
6688,West,Commercial,1815.42,1455.7,359.72,55805.24
6689,East,Industrial,1202.38,1161.2,41.18,76999.7
6690,West,Industrial,2174.31,2035.71,138.6,33273.63
6691,Central,Industrial,2183.49,1941.06,242.43,84498.39
6692,East,Residential,1971.24,1704.02,267.22,65585.02
6693,West,Commercial,1423.34,1261.43,161.91,34306.62
6694,Central,Residential,769.43,744.07,25.36,69495.12
6695,East,Industrial,1191.73,1028.43,163.3,40122.95
6696,South,Industrial,1192.27,1133.13,59.14,24471.86
6697,South,Residential,1445.64,1378.03,67.61,38730.58
6698,Central,Industrial,1105.22,947.32,157.9,84207.16
6699,West,Residential,956.56,919.84,36.72,18582.74
6700,West,Industrial,552.62,470.48,82.14,52238.44
6701,East,Industrial,1558.9,1285.97,272.93,19102.16
6702,North,Industrial,1223.25,1006.77,216.48,13372.51
6703,West,Commercial,2082.8,2030.92,51.88,21549.49
6704,Central,Industrial,1279.11,1162.16,116.95,52643.23
6705,Central,Commercial,1004,867.93,136.07,70143.52
6706,Central,Commercial,593.95,543.1,50.85,64246.21
6707,East,Industrial,1406.7,1371.9,34.8,7359.43
6708,East,Residential,963.42,836.05,127.37,14919.8
6709,West,Residential,1127.37,984.22,143.15,32965.78
6710,Central,Industrial,986.88,890.89,95.99,37967.03
6711,Central,Residential,593.11,553.23,39.88,96940.8
6712,South,Residential,1073.1,939.59,133.51,22145.93
6713,Central,Industrial,1755.92,1712.26,43.66,5631.34
6714,East,Residential,790.86,708.48,82.38,59835.29
6715,North,Residential,1716.68,1473.36,243.32,10780.58
6716,West,Residential,2497.04,2125.33,371.71,65852.71
6717,South,Commercial,2094.08,1929.97,164.11,7248.57
6718,East,Industrial,783.55,730.15,53.4,32548.74
6719,Central,Industrial,1887.32,1769.67,117.65,58151.87
6720,East,Industrial,1149.58,975.93,173.65,28647.92
6721,West,Industrial,1221.84,1117.58,104.26,22329.12
6722,West,Industrial,1935.18,1605.46,329.72,13815.62
6723,East,Industrial,2474.48,2101.89,372.59,5353.69
6724,West,Industrial,704.62,687.53,17.09,22491.89
6725,East,Residential,1509.22,1329.16,180.06,58589.82
6726,Central,Industrial,1121.56,1098.94,22.62,17761.79
6727,North,Commercial,1535.39,1477.58,57.81,50399.31
6728,East,Commercial,549.7,457.41,92.29,5240.42
6729,South,Residential,502.19,445.9,56.29,24163.23
6730,East,Residential,2416.88,2095.59,321.29,52755.74
6731,North,Residential,531.44,449.81,81.63,75748.6
6732,Central,Industrial,690.56,592.81,97.75,44815.81
6733,East,Industrial,507.9,422.34,85.56,62064.45
6734,Central,Residential,875.19,847.33,27.86,5365.51
6735,North,Commercial,1816.65,1722.82,93.83,94427.03
6736,Central,Commercial,2359.02,2094.58,264.44,31990.07
6737,Central,Residential,598.62,488.52,110.1,89546.22
6738,South,Industrial,829.32,785.78,43.54,63139.48
6739,East,Industrial,1956.68,1789.25,167.43,44789.28
6740,Central,Commercial,1318.01,1164.08,153.93,58479.63
6741,Central,Industrial,1558.66,1361.81,196.85,15771.34
6742,South,Commercial,1445.02,1171.57,273.45,56042.05
6743,South,Commercial,1253.54,1162.89,90.65,44908.93
6744,North,Residential,1753.69,1568.08,185.61,8995.17
6745,South,Commercial,1686.93,1349.57,337.36,68811.75
6746,East,Commercial,1634.51,1416.22,218.29,58963.25
6747,North,Residential,1262.21,1130.01,132.2,92726.5
6748,West,Residential,1798.92,1637.08,161.84,88612.64
6749,Central,Commercial,1337.02,1147.01,190.01,41796.51
6750,West,Residential,2471.92,2119.63,352.29,6224.35
6751,North,Industrial,1122.64,991.09,131.55,39182.6
6752,East,Residential,549.39,531.44,17.95,92175.08
6753,Central,Residential,941.12,809.92,131.2,21299.38
6754,Central,Industrial,2143.38,1960.96,182.42,70126.92
6755,South,Residential,1632.66,1536.91,95.75,18466.11
6756,North,Residential,1291.69,1164.1,127.59,21060.32
6757,West,Commercial,513.33,457.62,55.71,84596.09
6758,West,Commercial,2057.04,1815.97,241.07,95960.07
6759,North,Commercial,1928.88,1710.45,218.43,19129.32
6760,South,Industrial,1436.94,1232.67,204.27,99334.94
6761,Central,Industrial,2360.86,2021.5,339.36,81679.69
6762,North,Residential,1477.21,1404.22,72.99,88965.05
6763,Central,Residential,812.11,656.85,155.26,63048.92
6764,West,Residential,1501.36,1291.26,210.1,72444.79
6765,North,Commercial,500.46,481.82,18.64,93722.68
6766,West,Industrial,871.32,839.57,31.75,31934.8
6767,East,Residential,1122.08,960.35,161.73,93331.29
6768,East,Residential,1989.21,1925.24,63.97,95384.79
6769,West,Commercial,2340.94,2013.41,327.53,77907.69
6770,East,Residential,671.69,551.93,119.76,73238.87
6771,East,Commercial,1115.98,1079.35,36.63,58532.87
6772,East,Industrial,1176.93,1040.37,136.56,10692.98
6773,South,Residential,960.58,832.68,127.9,39105.53
6774,West,Residential,1696.78,1357.84,338.94,41632.25
6775,Central,Commercial,822.16,758.62,63.54,23958.23
6776,Central,Residential,2391.84,2164.52,227.32,47493.09
6777,West,Residential,1317.84,1211.57,106.27,78833.52
6778,East,Industrial,1506.39,1395.23,111.16,54680.2
6779,North,Residential,1908.28,1787.82,120.46,80562.82
6780,South,Industrial,765.22,639.52,125.7,5730.68
6781,South,Residential,2193.19,2028.61,164.58,61918.41
6782,West,Commercial,2133.38,2077.15,56.23,19945.21
6783,Central,Industrial,2394.28,2101.35,292.93,19573.29
6784,North,Industrial,665.4,627.6,37.8,69943.73
6785,North,Industrial,725.39,704.9,20.49,77252.38
6786,East,Industrial,828.01,729.25,98.76,69695.64
6787,Central,Residential,1660.57,1489.85,170.72,76000.41
6788,North,Commercial,1676.1,1509.67,166.43,90926.15
6789,East,Commercial,728.48,666.93,61.55,56711.25
6790,West,Commercial,1934.2,1587.09,347.11,74486.47
6791,Central,Commercial,1870.69,1621.25,249.44,44744.72
6792,East,Residential,1264.29,1210.68,53.61,17410.62
6793,Central,Commercial,1191.31,1101.89,89.42,44764.04
6794,East,Commercial,1651.9,1353.29,298.61,46393.96
6795,East,Commercial,2198.88,1847.68,351.2,37988.73
6796,East,Residential,1214.61,1081.21,133.4,32364.04
6797,Central,Residential,1990.84,1868.4,122.44,11236.79
6798,East,Commercial,1185.32,1076.37,108.95,40304.06
6799,East,Commercial,2244.1,2034.52,209.58,56660.04
6800,South,Residential,816.53,681.15,135.38,57548.29
6801,North,Commercial,1665.87,1528.17,137.7,19721.36
6802,North,Residential,819.35,782.76,36.59,7584.79
6803,East,Residential,1239.12,1010,229.12,57472.3
6804,South,Commercial,1862.42,1567.91,294.51,48454.83
6805,Central,Commercial,1506.88,1426.71,80.17,50667.4
6806,South,Industrial,1951.09,1601.47,349.62,79279.9
6807,West,Industrial,954.98,870.72,84.26,8398.99
6808,West,Commercial,1966.87,1620.57,346.3,38284.82
6809,West,Residential,1754.91,1475.47,279.44,24700.47
6810,West,Commercial,1629.48,1410.27,219.21,5647.72
6811,North,Industrial,2123.57,1769.34,354.23,66905.12
6812,East,Commercial,502.33,467.99,34.34,67030.34
6813,Central,Commercial,762.62,630.49,132.13,97624.26
6814,East,Commercial,571.62,559.7,11.92,91543.7
6815,West,Industrial,1888.95,1695.64,193.31,73753.95
6816,North,Industrial,629.22,609.52,19.7,30080.13
6817,South,Residential,1010.11,830.49,179.62,92127.17
6818,Central,Residential,1378.86,1294.16,84.7,86989.78
6819,East,Commercial,1639.08,1457.3,181.78,16044.56
6820,North,Commercial,1364.01,1154.58,209.43,89267.59
6821,West,Industrial,556.27,472.82,83.45,52943.86
6822,Central,Industrial,1161.41,1099.45,61.96,42471.78
6823,West,Industrial,700.22,629.93,70.29,75284.26
6824,North,Residential,1931.48,1561.61,369.87,70373.95
6825,North,Residential,863.4,768.09,95.31,15034.95
6826,West,Commercial,2407.39,1933.3,474.09,63909.11
6827,Central,Residential,2494.1,2293.75,200.35,6388.63
6828,Central,Commercial,2250.25,1885.06,365.19,76284.97
6829,North,Industrial,1633.77,1539.16,94.61,38059.15
6830,West,Industrial,2192.37,1943.12,249.25,65354.8
6831,West,Industrial,2386.18,2156.22,229.96,90451.37
6832,North,Industrial,2163.79,2050.18,113.61,21655.03
6833,East,Industrial,1226.08,1017.96,208.12,75169.14
6834,Central,Commercial,1757.41,1504.27,253.14,23722.92
6835,North,Residential,1534.28,1410.69,123.59,95216.08
6836,Central,Commercial,1928.4,1764.42,163.98,18646.68
6837,North,Commercial,610.2,530.77,79.43,52064.68
6838,West,Industrial,1332.47,1191.85,140.62,73287.57
6839,Central,Residential,2203.31,2113.35,89.96,31949.36
6840,West,Residential,1715.83,1479.79,236.04,43706.53
6841,Central,Residential,1854.21,1573.11,281.1,72078.77
6842,West,Commercial,882.43,780.5,101.93,31814.61
6843,Central,Residential,1543.13,1241.94,301.19,12587.19
6844,South,Residential,2300.83,2102.05,198.78,69623.86
6845,South,Commercial,1997.88,1861.04,136.84,17170.64
6846,Central,Industrial,2197.58,1962.57,235.01,92490.83
6847,West,Commercial,2221.94,2006.4,215.54,64177.61
6848,East,Commercial,1431.73,1345.07,86.66,75159.2
6849,Central,Commercial,1523.34,1428.11,95.23,21400.91
6850,South,Industrial,1438.46,1398.65,39.81,27657.66
6851,West,Industrial,1016.79,862.64,154.15,61674.47
6852,Central,Residential,2089.91,1736.05,353.86,72481.17
6853,North,Residential,1932.14,1844.68,87.46,58451.77
6854,North,Commercial,1191.45,1084.51,106.94,32873.5
6855,Central,Residential,869.23,796.91,72.32,83393.91
6856,West,Industrial,1556.44,1328.02,228.42,50900.82
6857,South,Residential,1267.52,1203.16,64.36,71148.87
6858,South,Industrial,1179.16,1120.59,58.57,26430.94
6859,Central,Industrial,2443.33,2200.93,242.4,95591.97
6860,South,Residential,1240.63,1165.16,75.47,78719.82
6861,Central,Residential,793.96,738.71,55.25,55718.28
6862,Central,Residential,1800.37,1517.62,282.75,93492.53
6863,South,Commercial,2279.66,2164.81,114.85,89876.76
6864,North,Residential,2330.93,2234.01,96.92,26160.7
6865,Central,Residential,1128.24,991.22,137.02,40867.65
6866,Central,Industrial,2000.47,1960.16,40.31,48953.43
6867,South,Industrial,900.4,849.53,50.87,8796.29
6868,East,Residential,2487.47,2220.58,266.89,77479.87
6869,West,Residential,1293.06,1132.94,160.12,46355.17
6870,West,Residential,1028.9,835.07,193.83,33751.47
6871,Central,Industrial,1269.47,1174.96,94.51,99368.33
6872,West,Residential,1135.54,1070.58,64.96,13960.15
6873,Central,Industrial,945.64,798.24,147.4,23899.95
6874,North,Commercial,925.25,809.84,115.41,68885.18
6875,North,Industrial,791.74,685.96,105.78,11406.42
6876,East,Commercial,1546.09,1257.47,288.62,37896.97
6877,South,Commercial,1927.31,1878.07,49.24,16911.74
6878,West,Residential,1471.83,1226.4,245.43,36192.99
6879,East,Residential,559.09,471.81,87.28,68168.52
6880,West,Residential,1230.22,1108.12,122.1,60198.21
6881,South,Commercial,1401.83,1282.43,119.4,42292.38
6882,North,Residential,2244.37,1933.31,311.06,86797.93
6883,Central,Residential,989.47,803.33,186.14,40361.35
6884,West,Commercial,1109.8,926.13,183.67,86747.05
6885,East,Residential,1522.48,1442.2,80.28,84732.19
6886,West,Residential,1378.52,1237.02,141.5,85620.72
6887,West,Commercial,901.26,838.62,62.64,76116.61
6888,West,Industrial,1999.18,1610.4,388.78,89023.93
6889,West,Commercial,692.03,560.04,131.99,70090
6890,East,Commercial,966.91,907.4,59.51,82881.5
6891,North,Commercial,2046.6,1767.67,278.93,10706.36
6892,Central,Commercial,973.36,944.38,28.98,78395.64
6893,North,Industrial,893.88,835.3,58.58,17775.21
6894,North,Industrial,2415.45,1955.54,459.91,15323.84
6895,East,Industrial,1853.55,1511.53,342.02,37272.96
6896,North,Industrial,1544.04,1495.45,48.59,69765.14
6897,Central,Commercial,1893.12,1654.15,238.97,59822.11
6898,West,Industrial,1897.75,1788.14,109.61,39139.61
6899,North,Industrial,1427.88,1359.01,68.87,77759.73
6900,Central,Commercial,1615.47,1348.4,267.07,25553.66
6901,East,Residential,2067.23,1684.58,382.65,6228.09
6902,West,Residential,1846.07,1527.52,318.55,35465.17
6903,East,Industrial,1207.94,1172.2,35.74,59010.23
6904,East,Residential,2470.42,2336.29,134.13,26303.47
6905,North,Commercial,1518.44,1345.69,172.75,84256.35
6906,Central,Residential,730.73,621.38,109.35,90490.96
6907,Central,Commercial,1444.68,1373.42,71.26,68361.43
6908,South,Industrial,2093.49,1865.94,227.55,28982.71
6909,North,Residential,1141.72,1044.6,97.12,30364.76
6910,South,Commercial,2214.31,1868.35,345.96,31712.81
6911,South,Commercial,1563.16,1285.19,277.97,45824.97
6912,Central,Industrial,1491.34,1324.37,166.97,72651.56
6913,Central,Residential,1217.24,1036.55,180.69,12881.32
6914,East,Residential,1010.82,952.08,58.74,36268.67
6915,North,Industrial,948.43,893.35,55.08,30332.71
6916,North,Residential,1409.47,1370.82,38.65,29034.29
6917,South,Industrial,1271.3,1109.23,162.07,10597.75
6918,North,Residential,1360.77,1222.03,138.74,89422.87
6919,West,Industrial,1774.74,1666.08,108.66,19206.13
6920,East,Industrial,2029.23,1682.75,346.48,96658.36
6921,North,Commercial,1067.83,918.38,149.45,87255.42
6922,South,Commercial,2477.17,2404.75,72.42,61628.56
6923,West,Industrial,982.75,885.22,97.53,47439.08
6924,Central,Commercial,624.5,579.87,44.63,8554.96
6925,East,Residential,1526.64,1301.07,225.57,94690.46
6926,North,Commercial,2393.28,1916.86,476.42,49048.3
6927,East,Residential,1766.64,1598.52,168.12,38097.65
6928,South,Industrial,1166.43,1001.4,165.03,9389.46
6929,Central,Residential,2427.06,1966.64,460.42,30628.04
6930,Central,Commercial,1447.14,1215.5,231.64,86962.84
6931,Central,Residential,2250.54,1842.58,407.96,88343.22
6932,East,Industrial,1844.26,1803.76,40.5,97879.64
6933,Central,Residential,1609.43,1540.38,69.05,19912.63
6934,Central,Residential,1514.41,1380.57,133.84,84797.61
6935,Central,Commercial,1565.27,1391.79,173.48,70653.21
6936,North,Residential,2400.21,1971.6,428.61,62594.41
6937,Central,Commercial,1159.68,978.58,181.1,10682.02
6938,North,Residential,1815.93,1650.98,164.95,51252.34
6939,East,Residential,716.73,641.11,75.62,56028.75
6940,South,Industrial,1133.68,1096.67,37.01,84182.46
6941,West,Commercial,1427.87,1283.05,144.82,54919.21
6942,North,Industrial,818.69,719.81,98.88,99721.09
6943,Central,Commercial,1975.83,1814.2,161.63,63769.57
6944,North,Industrial,1142.67,1013.25,129.42,93072.03
6945,West,Commercial,973.88,848.65,125.23,49509.4
6946,Central,Industrial,1800.23,1734.65,65.58,49609.42
6947,North,Residential,522.79,440.22,82.57,7746.69
6948,East,Industrial,2358.43,2100.54,257.89,56834.66
6949,South,Industrial,1690.64,1616.31,74.33,97556.86
6950,Central,Residential,715.7,653.56,62.14,33985.21
6951,Central,Industrial,1351.14,1118.01,233.13,87501.52
6952,East,Commercial,623.47,537.45,86.02,30940.55
6953,East,Industrial,1324.99,1172.67,152.32,64785.99
6954,West,Industrial,1195.26,1159.27,35.99,51886.22
6955,West,Residential,1400.54,1250.47,150.07,91365.62
6956,South,Industrial,1263.96,1132.34,131.62,98603.52
6957,West,Commercial,2196.89,2029.71,167.18,51067.2
6958,Central,Industrial,1056.27,889.24,167.03,50427.96
6959,East,Industrial,1472.48,1252.15,220.33,60009.62
6960,Central,Commercial,2498.99,2031.02,467.97,54231.64
6961,West,Residential,1772.35,1615,157.35,63601.04
6962,West,Commercial,2436.94,1965.61,471.33,54570.48
6963,East,Industrial,1347.87,1246.68,101.19,44555.51
6964,North,Commercial,1143.29,944.88,198.41,95101.69
6965,East,Industrial,991.12,962.75,28.37,59459.1
6966,Central,Commercial,2039.37,1913.74,125.63,12955.04
6967,North,Residential,1343.6,1211.1,132.5,47776.38
6968,South,Residential,1650.33,1343.07,307.26,29665.37
6969,East,Residential,1304.72,1244.03,60.69,44280.58
6970,North,Industrial,980.6,882.49,98.11,30588.96
6971,West,Residential,669.2,636.35,32.85,22006.6
6972,East,Industrial,1359.7,1282.61,77.09,64104.22
6973,South,Commercial,1967.44,1818.11,149.33,52186.73
6974,Central,Residential,1935.96,1638.29,297.67,18160.89
6975,South,Residential,1598.92,1309.14,289.78,12490.18
6976,South,Industrial,777.53,684.23,93.3,60704.9
6977,East,Residential,581.74,479.66,102.08,24262.87
6978,Central,Commercial,2476.72,2275.66,201.06,33245.67
6979,East,Residential,1346.6,1292.09,54.51,40416.4
6980,West,Industrial,810.21,727.1,83.11,25245.07
6981,West,Commercial,1403.92,1216.65,187.27,22532.62
6982,East,Commercial,553.37,476.19,77.18,88664.48
6983,West,Industrial,1098.14,914.13,184.01,98049.56
6984,North,Industrial,1895.54,1797.77,97.77,77733.26
6985,North,Commercial,858.13,732.08,126.05,99975.12
6986,West,Commercial,831.33,798.48,32.85,84669.12
6987,West,Residential,1145.61,996.28,149.33,91109.85
6988,West,Residential,1184.59,1150.18,34.41,22208.64
6989,South,Commercial,2029.22,1910.02,119.2,19730.1
6990,East,Commercial,1985.26,1776.8,208.46,6359.58
6991,South,Residential,747.9,630.37,117.53,58132.58
6992,Central,Residential,1732.14,1679.34,52.8,5913.42
6993,Central,Industrial,2410,2004.96,405.04,62413.05
6994,West,Commercial,2140.13,1750.45,389.68,96334.89
6995,East,Commercial,1233.39,1205.43,27.96,75996.67
6996,South,Residential,1020.96,840.25,180.71,86305.18
6997,West,Industrial,2316.87,2228.5,88.37,11957.85
6998,South,Industrial,1970.09,1655.46,314.63,48309.82
6999,West,Industrial,1257.87,1178.07,79.8,31156.3
7000,Central,Industrial,2425.3,2055.74,369.56,83590.88
7001,South,Residential,2052.13,1715.49,336.64,69134.48
7002,North,Residential,1294.61,1140.09,154.52,87620.77
7003,North,Residential,507.77,432.59,75.18,15699.64
7004,East,Industrial,1533.09,1275.88,257.21,12533.08
7005,North,Industrial,1491.72,1260.15,231.57,27646.77
7006,North,Residential,2291.07,2097.1,193.97,70187.15
7007,Central,Commercial,2312.26,2184.71,127.55,87777.56
7008,West,Commercial,830.58,688.74,141.84,24453.65
7009,South,Industrial,1855.79,1698.44,157.35,33987
7010,West,Residential,1497.58,1433.16,64.42,93721.21
7011,Central,Commercial,772,747.86,24.14,13761.92
7012,South,Residential,1416.07,1179.25,236.82,82887.68
7013,East,Residential,1209.96,1005.2,204.76,45649.58
7014,North,Residential,2477.26,2140.96,336.3,10700.79
7015,North,Commercial,688.2,573.35,114.85,10157.9
7016,East,Residential,1307.41,1169.14,138.27,22138.69
7017,West,Industrial,1522.23,1227.26,294.97,94451
7018,East,Commercial,1603.73,1459.84,143.89,79685.85
7019,East,Residential,601.37,524.58,76.79,7774.76
7020,North,Residential,610.43,515.55,94.88,38597
7021,South,Industrial,1579.4,1492.22,87.18,96800.66
7022,South,Industrial,1219.09,995.92,223.17,14270.99
7023,Central,Industrial,1703.19,1516.26,186.93,6526.5
7024,East,Industrial,2205.91,2095.91,110,26506.98
7025,South,Residential,1531.76,1318.53,213.23,87781.34
7026,South,Residential,2321.79,2181.64,140.15,90362.06
7027,West,Commercial,1764.54,1460.89,303.65,51523.66
7028,South,Residential,635.42,539.78,95.64,21735.14
7029,West,Residential,2295.65,2011.92,283.73,73246.09
7030,South,Industrial,1592.62,1370.59,222.03,12931.92
7031,East,Commercial,624.16,557.09,67.07,40929.14
7032,East,Commercial,600.27,529.98,70.29,52584.38
7033,West,Residential,2413.95,2335.54,78.41,7103.57
7034,North,Industrial,2156.91,2041.95,114.96,61441.53
7035,Central,Commercial,1785.58,1469.48,316.1,89946.14
7036,Central,Industrial,1610.67,1320.71,289.96,39193.63
7037,South,Residential,1182.72,947.67,235.05,40046.98
7038,West,Residential,1177.02,1065.02,112,79900.18
7039,West,Industrial,2157.19,1786.52,370.67,65002.08
7040,West,Residential,831.26,711.47,119.79,16434.84
7041,West,Residential,2294.26,2188.52,105.74,12232.73
7042,South,Commercial,2195.04,2034.01,161.03,45137.6
7043,North,Commercial,771.77,628.13,143.64,94859.18
7044,Central,Commercial,561.57,542.4,19.17,33240.43
7045,West,Residential,678.02,648.6,29.42,56929.09
7046,East,Industrial,848.17,767.28,80.89,80849.4
7047,Central,Industrial,2400.2,2323.06,77.14,89634.59
7048,North,Residential,1419.31,1225.16,194.15,26322.12
7049,North,Residential,1513.06,1415.24,97.82,12319.84
7050,North,Industrial,780.8,747.32,33.48,62273.47
7051,East,Commercial,2141.76,1775.67,366.09,90962.79
7052,South,Residential,990.08,966.03,24.05,76437.81
7053,East,Industrial,773.82,636.02,137.8,23530.9
7054,West,Commercial,971.3,947.14,24.16,33928.53
7055,East,Commercial,1734.14,1541,193.14,84785.39
7056,Central,Commercial,2453.58,1968.82,484.76,90201.42
7057,North,Residential,1872.95,1777.98,94.97,61892.71
7058,West,Commercial,1927.23,1685.23,242,66476.87
7059,Central,Commercial,1353.44,1201,152.44,51814.87
7060,East,Residential,1008.45,829.93,178.52,73573.38
7061,West,Commercial,576.98,507.42,69.56,62409.04
7062,West,Industrial,723.01,663.41,59.6,45773.78
7063,Central,Industrial,1345.96,1135.08,210.88,55577.05
7064,West,Commercial,1937.71,1791.24,146.47,14651.13
7065,South,Commercial,1838.69,1612.15,226.54,47505.86
7066,South,Residential,2406.86,1958.25,448.61,71397.78
7067,West,Residential,1741.59,1685.19,56.4,58913.76
7068,East,Commercial,1406.55,1369.49,37.06,61045.44
7069,Central,Industrial,2232.44,1939.58,292.86,94484.68
7070,South,Industrial,854.99,744.39,110.6,73370.87
7071,Central,Residential,759.87,642.14,117.73,28550.96
7072,South,Commercial,2276.5,2021.54,254.96,56106.77
7073,Central,Residential,1581.56,1432.66,148.9,79174.97
7074,North,Residential,1265.8,1024.98,240.82,96633.33
7075,West,Industrial,1271.77,1159.15,112.62,93070.52
7076,South,Industrial,910.54,729.06,181.48,63321.66
7077,North,Residential,2300.13,2043.68,256.45,46033.89
7078,East,Commercial,1966.55,1659.2,307.35,9337.37
7079,West,Commercial,1625.71,1399.71,226,15708.66
7080,North,Commercial,1098.07,997.6,100.47,47200.26
7081,Central,Commercial,1422.08,1154.01,268.07,31887.32
7082,North,Commercial,1099.96,984.24,115.72,8397.73
7083,South,Commercial,1060.43,1023.65,36.78,59546.23
7084,South,Industrial,1405.8,1166.45,239.35,93778
7085,West,Residential,1524.14,1383.52,140.62,73340.94
7086,West,Industrial,2307.76,2025.8,281.96,34565.56
7087,Central,Commercial,1909.82,1864.39,45.43,82055.34
7088,South,Commercial,1938.32,1567.42,370.9,39125.28
7089,Central,Residential,1931.52,1838.26,93.26,8081.66
7090,North,Industrial,2399.78,1925.34,474.44,49482.25
7091,South,Industrial,1531.72,1328.92,202.8,63599.24
7092,East,Industrial,2477.37,2037.64,439.73,95216.64
7093,South,Commercial,2048.19,1898.48,149.71,58192.12
7094,North,Residential,1885.5,1636.46,249.04,36830.93
7095,South,Commercial,1061.61,967.57,94.04,87629.07
7096,Central,Commercial,1140.09,1043.68,96.41,86288.86
7097,East,Industrial,2016.65,1801.97,214.68,82110.16
7098,West,Commercial,2104.42,1916.78,187.64,58536.83
7099,South,Residential,966.09,834.89,131.2,60475.77
7100,South,Commercial,2155.3,1844.55,310.75,91859.28
7101,Central,Commercial,1818.98,1466.52,352.46,62271.94
7102,East,Industrial,603.76,530.24,73.52,96736.75
7103,East,Commercial,2302.79,1900.38,402.41,54184.67
7104,East,Industrial,1680.73,1454.58,226.15,24829.03
7105,South,Industrial,1898.48,1717.1,181.38,5832.82
7106,West,Commercial,1146.14,1089.98,56.16,94680.84
7107,East,Industrial,2376.43,1943.18,433.25,16835.16
7108,South,Industrial,1526.87,1336.63,190.24,5731.02
7109,Central,Industrial,1051.29,852.58,198.71,88436.12
7110,North,Industrial,952.91,869.09,83.82,50330.9
7111,West,Industrial,2228,1793.24,434.76,76790.32
7112,Central,Residential,678.02,646.71,31.31,99451.13
7113,South,Industrial,1255.94,1061.04,194.9,48868.12
7114,North,Residential,707.99,641.08,66.91,59233.78
7115,North,Commercial,2373.89,1946.92,426.97,84254.07
7116,West,Industrial,1569.21,1314.1,255.11,66501.16
7117,West,Residential,1689.55,1638.4,51.15,70961.63
7118,Central,Residential,2195.46,1868.63,326.83,8908.97
7119,East,Residential,1069.88,1000.78,69.1,76664.71
7120,South,Residential,848.04,780.72,67.32,63700.72
7121,Central,Commercial,1375.89,1183.93,191.96,21487.39
7122,Central,Residential,906.29,881.86,24.43,62068.22
7123,South,Commercial,1786.9,1699.02,87.88,51873.06
7124,Central,Commercial,2020.3,1866.72,153.58,36238.02
7125,North,Residential,1036.72,956,80.72,74148.02
7126,South,Industrial,2411.1,2269.63,141.47,24871.21
7127,East,Residential,2013.06,1951.06,62,57842.41
7128,South,Commercial,1788.81,1531.81,257,42586.51
7129,South,Residential,1725.19,1433.96,291.23,60524.35
7130,East,Residential,2322.56,2165.97,156.59,13343.42
7131,West,Residential,1909.72,1551.23,358.49,11258.83
7132,South,Residential,2440.89,2099.76,341.13,25840.76
7133,Central,Industrial,873.16,717.81,155.35,32002
7134,East,Industrial,1005.5,955,50.5,63400.64
7135,North,Residential,2119.62,1755.34,364.28,46391.38
7136,East,Industrial,683.3,563.35,119.95,40236.49
7137,East,Residential,2459.14,2314.86,144.28,95406.3
7138,Central,Commercial,1274.15,1053.03,221.12,82629.19
7139,East,Industrial,1076.73,887.83,188.9,78436.87
7140,Central,Industrial,747.96,627.92,120.04,86880.22
7141,Central,Commercial,1055.99,1003.32,52.67,21382.33
7142,West,Residential,1305.81,1110.68,195.13,49542.81
7143,North,Commercial,507.89,489.04,18.85,37624.58
7144,South,Residential,1799.82,1755.49,44.33,31434.47
7145,East,Commercial,2357.76,2293.35,64.41,86736.32
7146,East,Residential,1655.31,1526.26,129.05,27891.37
7147,Central,Industrial,578.67,516.52,62.15,22401.8
7148,South,Industrial,1263.19,1180.58,82.61,12320
7149,East,Residential,2140.26,1914.33,225.93,69970.86
7150,Central,Residential,858.32,824.45,33.87,7873.11
7151,Central,Residential,1760.14,1642.15,117.99,23103.78
7152,East,Industrial,1356.68,1196.64,160.04,65347.08
7153,East,Residential,822.99,662.62,160.37,53156.21
7154,West,Commercial,1309.34,1117.7,191.64,11559.51
7155,Central,Industrial,1152.45,939.08,213.37,54477.19
7156,West,Industrial,2268.06,1842.23,425.83,95675.97
7157,South,Commercial,639.05,593.05,46,98816.62
7158,Central,Industrial,1174.86,1084.12,90.74,40942.94
7159,South,Industrial,2160.48,2013.6,146.88,6302.22
7160,North,Residential,1190.38,1024.57,165.81,77331.11
7161,Central,Residential,1429.03,1155.61,273.42,17581.44
7162,East,Commercial,1203.99,1026.55,177.44,98118.51
7163,North,Commercial,598.05,498.75,99.3,53487.68
7164,West,Residential,1117.62,1017.64,99.98,95396.92
7165,East,Residential,2306.08,2056.06,250.02,18789.79
7166,South,Commercial,1358.08,1177.81,180.27,15221.5
7167,South,Industrial,1365.82,1128.33,237.49,81338.03
7168,Central,Industrial,2429.55,2001.32,428.23,40193.4
7169,Central,Industrial,2499.73,2426.66,73.07,48626.59
7170,Central,Commercial,2362.69,2158.12,204.57,68975.77
7171,South,Industrial,1699.18,1556.78,142.4,10900.37
7172,Central,Commercial,1825.93,1702.52,123.41,27343.2
7173,Central,Residential,2000.53,1707.4,293.13,63296.22
7174,South,Industrial,537.62,512.36,25.26,44190.43
7175,West,Residential,1828.52,1631.24,197.28,71440.71
7176,East,Industrial,1947.86,1818.15,129.71,64377.73
7177,North,Industrial,1606.09,1489.38,116.71,92706.65
7178,West,Residential,2249.05,2181.81,67.24,37739.75
7179,East,Industrial,2054.68,1923.78,130.9,50894.23
7180,East,Residential,2279.47,2196.84,82.63,8589.88
7181,West,Industrial,2362.59,2128.75,233.84,7397.46
7182,Central,Commercial,1469.67,1230.17,239.5,64000.22
7183,Central,Commercial,1661.56,1468.57,192.99,26924.08
7184,North,Industrial,872.31,821.82,50.49,80699.16
7185,South,Industrial,1933.28,1857.72,75.56,90764.91
7186,North,Industrial,1438.61,1374.18,64.43,81319.69
7187,Central,Industrial,1728.79,1405.97,322.82,48700.27
7188,North,Residential,1819.03,1562.08,256.95,89091.63
7189,South,Commercial,1011.99,825.41,186.58,13211.91
7190,East,Commercial,2349.09,2057.03,292.06,43027.49
7191,West,Residential,826.2,664.44,161.76,24885.56
7192,South,Residential,2100.83,2004.32,96.51,31623.78
7193,South,Commercial,2452.01,2178.31,273.7,63822.42
7194,East,Residential,557.77,537.79,19.98,37833.02
7195,Central,Commercial,990.26,954.96,35.3,68950.15
7196,East,Commercial,2140.37,1905.25,235.12,57958.32
7197,Central,Residential,708.69,665.52,43.17,7268.36
7198,North,Residential,766.54,750.18,16.36,84791.48
7199,West,Industrial,1185.42,954.05,231.37,94526.89
7200,Central,Residential,512.57,437.08,75.49,6345.83
7201,Central,Industrial,1064.73,859.84,204.89,72047.39
7202,West,Residential,2366.11,2094.42,271.69,9148.23
7203,East,Commercial,1896.69,1754.57,142.12,23053.37
7204,West,Residential,2133.88,1788.23,345.65,39797.61
7205,South,Residential,1032.05,888.56,143.49,42601.75
7206,North,Commercial,1697.28,1523.49,173.79,57123.59
7207,West,Commercial,2089.15,1800.53,288.62,96822.98
7208,South,Commercial,1809.72,1659.09,150.63,27451.94
7209,East,Industrial,1692.09,1499.51,192.58,47219.38
7210,South,Industrial,2350.71,1944.62,406.09,53178.77
7211,East,Industrial,1052.05,976.55,75.5,87872.39
7212,Central,Commercial,809.63,654.61,155.02,74807.02
7213,Central,Commercial,1160.29,968.38,191.91,54172.17
7214,South,Commercial,1160.57,989.15,171.42,65321.85
7215,West,Commercial,1441.3,1166.73,274.57,66960.5
7216,South,Residential,2083.19,1852.97,230.22,74441.72
7217,South,Residential,617.13,494.45,122.68,76353.77
7218,North,Commercial,2455.41,2265.15,190.26,81444.17
7219,Central,Industrial,2258.71,1930.39,328.32,90696.76
7220,Central,Residential,889.8,824.06,65.74,9278.78
7221,Central,Commercial,1675.63,1608.01,67.62,44241.58
7222,West,Industrial,2050.34,1977.47,72.87,97751.04
7223,South,Industrial,1674.27,1602.71,71.56,32539.66
7224,East,Industrial,2267.61,1876.99,390.62,38668.68
7225,North,Commercial,2044.31,1836.49,207.82,59204.17
7226,Central,Commercial,2030.81,1661.54,369.27,45072.57
7227,South,Industrial,521.47,497.79,23.68,66504.19
7228,East,Residential,1432.09,1382.05,50.04,14004.5
7229,North,Commercial,895.82,823.24,72.58,88506.61
7230,South,Industrial,2432.68,2316.8,115.88,19111.08
7231,South,Industrial,1694.46,1378.18,316.28,60673.69
7232,Central,Residential,1088.41,871.52,216.89,10864.87
7233,North,Residential,695.1,577.48,117.62,33448.92
7234,Central,Industrial,581.4,474.71,106.69,19370.57
7235,Central,Industrial,1753.71,1476.42,277.29,68015.16
7236,South,Residential,1590.61,1345.34,245.27,9192.99
7237,West,Industrial,1451.88,1376.43,75.45,93849.2
7238,North,Industrial,1937.33,1573.79,363.54,15417.41
7239,West,Industrial,1461.42,1300.65,160.77,65945.56
7240,East,Residential,1993.58,1900.76,92.82,70091.09
7241,West,Commercial,1103.4,1000.52,102.88,61835.59
7242,West,Commercial,1103.63,924.95,178.68,16336.05
7243,North,Residential,892.78,866.06,26.72,99756.01
7244,South,Residential,1004.99,922.77,82.22,54073.92
7245,North,Industrial,738.96,611.58,127.38,28498.79
7246,East,Commercial,709.39,692.56,16.83,95612.49
7247,South,Residential,1357.69,1327.51,30.18,90439.58
7248,East,Industrial,573.04,544.24,28.8,19077.63
7249,Central,Industrial,1711.19,1509.94,201.25,48116.16
7250,West,Industrial,1083.06,991.06,92,83576.99
7251,South,Residential,2309.63,1923.6,386.03,62453.76
7252,West,Residential,531.16,437.13,94.03,31525.52
7253,West,Residential,2257.08,1903.55,353.53,21621.7
7254,South,Commercial,2166.76,2049.17,117.59,78098.71
7255,West,Commercial,1712.7,1504.88,207.82,14383.81
7256,Central,Commercial,1169.91,1125.8,44.11,30560.69
7257,East,Residential,1332.77,1122.87,209.9,64616.31
7258,South,Commercial,2153.78,1934.95,218.83,35286.23
7259,East,Commercial,2323.95,2126.61,197.34,49618.33
7260,West,Residential,2106.4,1736.47,369.93,26088.58
7261,West,Commercial,1370.19,1341.33,28.86,36082.66
7262,South,Industrial,2287.74,2133.09,154.65,99753.13
7263,North,Commercial,1014.15,874.85,139.3,97923.13
7264,North,Residential,518.57,443.31,75.26,23705.08
7265,East,Residential,2461.4,2199.13,262.27,9246.29
7266,North,Industrial,761.79,661.77,100.02,19205.55
7267,East,Industrial,1041.39,1003.02,38.37,78810.68
7268,South,Commercial,654.71,612.28,42.43,81523.73
7269,South,Commercial,1971.89,1690.15,281.74,34765.49
7270,West,Residential,748.99,600.46,148.53,36561.7
7271,South,Industrial,1533.51,1337.56,195.95,39844.4
7272,Central,Commercial,1073.96,890.04,183.92,68350.28
7273,South,Residential,889.22,767.55,121.67,65879.85
7274,East,Industrial,1941.06,1672.02,269.04,9547.65
7275,Central,Industrial,1359.59,1176.23,183.36,11525.83
7276,North,Commercial,850.78,728.32,122.46,61355.16
7277,South,Residential,904.39,873.67,30.72,41566
7278,West,Industrial,846.14,692.88,153.26,70333.5
7279,Central,Commercial,1301.15,1249.43,51.72,9568.06
7280,East,Commercial,535.91,433.26,102.65,88565.54
7281,East,Commercial,1118.95,1018.25,100.7,88023.97
7282,West,Commercial,654.33,627.46,26.87,41080.37
7283,North,Residential,592.34,543.14,49.2,76316.57
7284,East,Residential,863.79,706.94,156.85,7487.4
7285,East,Commercial,832.83,774.84,57.99,53238.03
7286,Central,Residential,2345.05,2025.47,319.58,67300.54
7287,East,Commercial,2484.87,2020.1,464.77,50970.67
7288,Central,Commercial,743.65,616.73,126.92,88135.54
7289,South,Residential,2309.16,1919.31,389.85,57732.43
7290,North,Residential,1775.34,1639.96,135.38,7037.36
7291,South,Residential,2348.08,1911.11,436.97,86948.4
7292,Central,Residential,571.56,478.1,93.46,82382.7
7293,East,Industrial,1948.7,1583.76,364.94,71277.77
7294,East,Residential,764.4,657.6,106.8,21847.93
7295,West,Industrial,559.62,448.57,111.05,43806.94
7296,Central,Commercial,1271.15,1232.76,38.39,90680.13
7297,East,Commercial,1064.64,890.59,174.05,36349.94
7298,East,Residential,2216.31,1986.85,229.46,8820.01
7299,South,Residential,2213.96,1800.76,413.2,81146.17
7300,Central,Residential,2412.58,2258.13,154.45,17649.98
7301,East,Industrial,2019.97,1731.24,288.73,42426.6
7302,Central,Commercial,1762.43,1683.83,78.6,16753.6
7303,South,Commercial,1754.78,1701.23,53.55,88428.23
7304,Central,Commercial,2091.52,2022.19,69.33,33226.14
7305,East,Residential,2286.56,2148.48,138.08,8143.59
7306,South,Commercial,1157.5,991.75,165.75,29928.01
7307,West,Industrial,536.45,446.64,89.81,37786.12
7308,East,Residential,2277.54,1978.72,298.82,39539.61
7309,South,Industrial,2422.67,2337.32,85.35,40393.62
7310,North,Industrial,2063.87,1726.63,337.24,91958.15
7311,North,Industrial,646.89,631.97,14.92,53069.28
7312,East,Industrial,990.41,836.05,154.36,22411.12
7313,South,Industrial,1454.96,1187.45,267.51,61882.75
7314,Central,Industrial,1152.14,1104.47,47.67,22688.55
7315,East,Industrial,1327.4,1142.88,184.52,48725.69
7316,West,Industrial,2040.5,1970.82,69.68,19683.85
7317,East,Commercial,1188.71,1010.79,177.92,65969.35
7318,North,Commercial,1706.75,1455.1,251.65,48324.96
7319,Central,Commercial,2498.83,2028.81,470.02,87193.69
7320,West,Residential,2451.64,2284.37,167.27,18841.54
7321,South,Industrial,927.57,845.79,81.78,24771.86
7322,South,Commercial,922.77,768.75,154.02,27769.03
7323,South,Industrial,1689.3,1598.52,90.78,43135.41
7324,South,Residential,1196.92,1022.66,174.26,86679.29
7325,North,Industrial,674.17,586.58,87.59,40299.98
7326,North,Industrial,723.71,619.77,103.94,65267.88
7327,West,Residential,1877.93,1810.39,67.54,38939.99
7328,North,Industrial,1545.97,1268.51,277.46,19451.06
7329,South,Industrial,764.56,620.28,144.28,62149.17
7330,West,Industrial,905.14,861.6,43.54,97341.52
7331,West,Commercial,2163.68,1791.37,372.31,77095.09
7332,East,Commercial,2369.75,2318.12,51.63,86152.33
7333,East,Residential,654.33,605.54,48.79,27523.62
7334,South,Industrial,1302.79,1143.64,159.15,53011.37
7335,Central,Commercial,1110.72,987,123.72,41517.68
7336,West,Industrial,1497.8,1334.44,163.36,56315.81
7337,South,Commercial,1925.64,1714.17,211.47,22180.02
7338,West,Commercial,1915.74,1722.62,193.12,49019.84
7339,North,Industrial,1739.69,1542.72,196.97,45989.91
7340,North,Commercial,1826.11,1669.79,156.32,15113.9
7341,East,Residential,511.61,445.06,66.55,74106.76
7342,South,Residential,806.41,738.25,68.16,61731.72
7343,Central,Residential,1618.08,1406.33,211.75,15379.59
7344,West,Industrial,573.33,459.66,113.67,13498.29
7345,West,Commercial,2433.7,2208.15,225.55,72254.54
7346,East,Commercial,1173.75,1121.23,52.52,17662.6
7347,West,Commercial,724.95,694.59,30.36,36733.39
7348,North,Residential,722.14,596.42,125.72,96565.8
7349,Central,Industrial,1447.18,1199.28,247.9,49936.25
7350,West,Residential,1312.05,1173.85,138.2,82514.09
7351,East,Residential,1348.95,1245.25,103.7,89664.29
7352,North,Commercial,1622.15,1561.85,60.3,96037.72
7353,West,Industrial,1512.76,1477.81,34.95,37867.45
7354,North,Industrial,2090.44,1875.68,214.76,92020.96
7355,Central,Industrial,612.6,552.14,60.46,84682.31
7356,South,Residential,1067.17,911.44,155.73,76754.59
7357,East,Commercial,521.8,432.89,88.91,41964.24
7358,North,Industrial,1253.03,1027.7,225.33,26231.57
7359,Central,Industrial,2351.39,1931.61,419.78,39234.49
7360,East,Commercial,2000.78,1768.5,232.28,24490.58
7361,North,Commercial,2224.17,1859.5,364.67,94446.46
7362,West,Commercial,1821.22,1606.38,214.84,61009.97
7363,North,Residential,652.43,616.3,36.13,71021.11
7364,West,Industrial,1332.16,1071.93,260.23,63592.9
7365,South,Residential,972.29,894.24,78.05,64162.87
7366,Central,Industrial,929.27,788.64,140.63,14473.69
7367,East,Residential,2418.93,2284.23,134.7,68147.23
7368,North,Commercial,1555.7,1464.12,91.58,52388.88
7369,North,Industrial,2003.39,1824.49,178.9,36068.75
7370,West,Residential,2497.39,2284.42,212.97,40075.88
7371,North,Residential,1689.86,1592.67,97.19,84384.45
7372,East,Commercial,1294.22,1050.48,243.74,75547.69
7373,East,Commercial,2262.53,1934.61,327.92,81632.17
7374,West,Industrial,2016.03,1781.54,234.49,85485.66
7375,Central,Residential,1976.7,1631.64,345.06,87102.87
7376,North,Residential,2209.56,2047.32,162.24,26850.97
7377,Central,Residential,1155.5,967.18,188.32,40766.91
7378,South,Commercial,529.34,499.43,29.91,13286
7379,North,Commercial,2059.88,1813.93,245.95,16215.36
7380,Central,Residential,1684.01,1509.26,174.75,50319.06
7381,North,Residential,1569.79,1467.58,102.21,34905.04
7382,Central,Industrial,832.2,719.96,112.24,78209.09
7383,South,Commercial,1682.26,1353.97,328.29,41331.18
7384,North,Commercial,999.33,932.54,66.79,20743.48
7385,West,Industrial,1920.86,1779.86,141,86126.53
7386,South,Commercial,734.38,703.41,30.97,33378.17
7387,West,Residential,2033.39,1841.47,191.92,33165.15
7388,North,Industrial,2338.85,2240.66,98.19,82964.23
7389,North,Industrial,677.26,543.65,133.61,67277.61
7390,Central,Industrial,1712.16,1420.57,291.59,72070.12
7391,Central,Residential,1693.23,1363.35,329.88,45811.19
7392,West,Industrial,734.67,718.58,16.09,35530.07
7393,South,Commercial,2169.08,1987.09,181.99,41564.25
7394,East,Industrial,1819.84,1688.09,131.75,50952.78
7395,West,Commercial,2102.71,1923.99,178.72,82328.44
7396,North,Industrial,544.5,491.77,52.73,68995.53
7397,West,Industrial,2039.95,1706.44,333.51,98317.97
7398,South,Industrial,2470.77,1996.04,474.73,69272.16
7399,West,Residential,2317.44,2079.2,238.24,60327.17
7400,West,Industrial,1720.64,1388.73,331.91,74791.83
7401,South,Industrial,579.41,513.15,66.26,63294.25
7402,East,Commercial,968.33,838.45,129.88,82559.1
7403,East,Commercial,1380.84,1118.51,262.33,87381.64
7404,West,Commercial,2004.99,1672.97,332.02,96485.77
7405,Central,Commercial,1937.91,1735.44,202.47,84261.97
7406,South,Industrial,1307.11,1272.48,34.63,73650.87
7407,East,Residential,2181,2018.53,162.47,53479.84
7408,West,Commercial,626.5,510.85,115.65,32754.03
7409,East,Residential,2335.44,2171.82,163.62,30630.26
7410,North,Commercial,1359.21,1176.09,183.12,59483.33
7411,East,Residential,1463.94,1387.52,76.42,34458.37
7412,West,Commercial,794.56,638.94,155.62,24326.4
7413,East,Commercial,2493.1,2345.06,148.04,49031.72
7414,West,Residential,1311.91,1279.92,31.99,65052.24
7415,West,Residential,700.48,636.13,64.35,93951.8
7416,Central,Commercial,1287.52,1065.59,221.93,90258.73
7417,West,Residential,1298.75,1221.72,77.03,44602.13
7418,East,Residential,1494.23,1349.35,144.88,37312.79
7419,East,Commercial,1250.91,1150.75,100.16,34331.88
7420,East,Industrial,816.68,706.38,110.3,79639.56
7421,West,Industrial,1276.53,1201.9,74.63,81344.05
7422,West,Industrial,2037.03,1725.71,311.32,84230.44
7423,South,Industrial,1872.75,1694.77,177.98,40639.73
7424,South,Residential,1286.61,1061.35,225.26,26751.59
7425,Central,Residential,1168.28,1009.56,158.72,43143.23
7426,North,Industrial,2396.39,2292.03,104.36,15383
7427,South,Industrial,1265.93,1034.38,231.55,24895.55
7428,Central,Commercial,1963.08,1639.05,324.03,8254.48
7429,West,Commercial,1142.2,1034.88,107.32,59025.42
7430,West,Industrial,1742.4,1406.95,335.45,57768.81
7431,East,Commercial,670.62,633.39,37.23,76471.06
7432,South,Industrial,1581.89,1462.54,119.35,19028.61
7433,East,Commercial,2016.36,1926.69,89.67,41198.09
7434,East,Residential,503.46,453.93,49.53,89239.83
7435,Central,Residential,2256.19,2053.59,202.6,40874.54
7436,Central,Commercial,1484.56,1373.01,111.55,50518.01
7437,Central,Residential,2117.66,1806.61,311.05,86576.91
7438,East,Residential,2049.71,1784.39,265.32,52776.73
7439,East,Residential,573.88,482.16,91.72,58064.55
7440,East,Industrial,1041.99,982.32,59.67,94698.02
7441,East,Residential,960.08,888.8,71.28,93210.95
7442,West,Residential,954.01,835.63,118.38,25163.23
7443,North,Industrial,782.36,702.77,79.59,95197.27
7444,Central,Industrial,1122.59,1075.16,47.43,43621.6
7445,North,Residential,1515.16,1314.43,200.73,64914.23
7446,East,Residential,1255.5,1080.43,175.07,45837.23
7447,North,Commercial,650.3,633.56,16.74,11645.82
7448,South,Industrial,1643.62,1596.57,47.05,21642.86
7449,North,Residential,672.29,591.1,81.19,34222.93
7450,South,Residential,1002.91,945.61,57.3,40420.08
7451,South,Industrial,1134.36,1087.38,46.98,7696.44
7452,North,Commercial,1462.61,1214.9,247.71,77852.17
7453,North,Residential,1946.77,1611.26,335.51,46927.13
7454,West,Commercial,1502.3,1236.1,266.2,63201.4
7455,East,Commercial,575.75,523.3,52.45,6034.6
7456,South,Residential,1638.68,1386.7,251.98,18219.33
7457,North,Industrial,1611.81,1488.84,122.97,59395.91
7458,West,Commercial,1079.3,1031.98,47.32,84635.28
7459,East,Industrial,2442.74,2096.29,346.45,62472.55
7460,South,Residential,1356.23,1316.75,39.48,48664.28
7461,East,Residential,1022.95,851.65,171.3,65785.04
7462,Central,Residential,1325.23,1262.74,62.49,80803.46
7463,North,Commercial,1890.66,1543.17,347.49,53211.17
7464,Central,Industrial,2137.31,1733.62,403.69,30154.27
7465,Central,Commercial,1162.58,1004.51,158.07,72696.51
7466,North,Industrial,763.33,656.51,106.82,27133.8
7467,East,Industrial,1420.1,1144.62,275.48,26228.91
7468,West,Residential,1559.33,1435.44,123.89,53348.15
7469,Central,Residential,2188.72,2054.17,134.55,75543.25
7470,East,Commercial,966.61,779.45,187.16,41470.36
7471,North,Commercial,1191.7,1111.15,80.55,20657.01
7472,South,Residential,1493.1,1209.65,283.45,77037.65
7473,Central,Commercial,2294.08,2083.52,210.56,49473.47
7474,South,Commercial,2014.4,1727.36,287.04,20969.72
7475,Central,Residential,1032.55,952.78,79.77,63270.16
7476,East,Residential,1998.02,1941.57,56.45,82287.88
7477,West,Residential,1318.77,1125.01,193.76,93201.01
7478,South,Industrial,2101.81,1749.86,351.95,74989.22
7479,Central,Commercial,960.02,857.83,102.19,28468.06
7480,Central,Residential,2308.11,2182.05,126.06,72401.42
7481,West,Industrial,612.38,493.33,119.05,77326.82
7482,South,Residential,2070.32,1893.43,176.89,90867.65
7483,South,Commercial,1159.08,1062.5,96.58,91647.95
7484,East,Residential,2097.14,1821.28,275.86,65690.02
7485,Central,Commercial,789.96,657.6,132.36,59370.72
7486,South,Industrial,969.16,889.96,79.2,21753.72
7487,North,Industrial,1210.28,1017.7,192.58,33913.62
7488,West,Residential,2214.12,2082.01,132.11,24046.74
7489,Central,Industrial,810.36,754.09,56.27,51499.14
7490,East,Commercial,645.42,615.47,29.95,98148.51
7491,East,Commercial,2010.42,1664.69,345.73,51099.54
7492,East,Commercial,1453.82,1207.66,246.16,17373.95
7493,Central,Residential,679.18,598.54,80.64,56929.95
7494,North,Industrial,757.56,667.27,90.29,48036.53
7495,Central,Residential,1683.6,1355.06,328.54,5801.2
7496,South,Industrial,504.18,446.93,57.25,62925.32
7497,South,Residential,1521.32,1283.94,237.38,79839.22
7498,East,Commercial,711.34,672.67,38.67,21146.43
7499,East,Industrial,1474.41,1230.68,243.73,75774.29
7500,West,Commercial,1346.57,1283.48,63.09,84967.35
7501,West,Residential,1665.88,1527.9,137.98,75511.33
7502,North,Residential,1286.1,1182.38,103.72,29775.85
7503,East,Residential,1279.83,1035.66,244.17,27841.21
7504,North,Residential,821.38,719.02,102.36,19863.18
7505,East,Industrial,597.08,555.63,41.45,92141.24
7506,South,Commercial,1245.18,1112.94,132.24,13703.07
7507,West,Industrial,1922.78,1794.92,127.86,48093.71
7508,North,Industrial,1840.69,1498.47,342.22,40384.6
7509,East,Industrial,1270.16,1023.6,246.56,86741.45
7510,South,Residential,2436.42,2246.78,189.64,79154.25
7511,Central,Residential,1100.61,994.74,105.87,69610.7
7512,North,Industrial,2072.17,1864.15,208.02,12996.96
7513,North,Residential,2492.9,2227.65,265.25,40615.44
7514,East,Residential,1549.09,1324.72,224.37,15950.92
7515,East,Residential,2384.9,1984.27,400.63,83871.26
7516,West,Residential,1372.06,1208.8,163.26,33682.57
7517,West,Commercial,968.42,819.11,149.31,77637.23
7518,West,Commercial,757.2,683.97,73.23,11549.3
7519,Central,Residential,525.14,493.71,31.43,71170.84
7520,West,Residential,1827.67,1522.32,305.35,56451.56
7521,North,Residential,1259.22,1059.43,199.79,90440.7
7522,Central,Commercial,782.2,700.58,81.62,52606.12
7523,East,Industrial,1909.71,1837.82,71.89,44266.33
7524,Central,Residential,1716.09,1387.32,328.77,80379.06
7525,Central,Commercial,2152.07,1811.39,340.68,49732.35
7526,East,Industrial,2102.58,1683.84,418.74,5341.77
7527,Central,Residential,971.96,808.3,163.66,37523.79
7528,Central,Residential,1019.63,930.16,89.47,33540.58
7529,East,Industrial,2083.18,1766.87,316.31,48203.73
7530,South,Industrial,651.84,573.12,78.72,19663.06
7531,East,Commercial,2491.96,2411.55,80.41,67776.66
7532,North,Industrial,1010.05,929.67,80.38,61146.56
7533,South,Commercial,825.17,741.23,83.94,33922.86
7534,South,Commercial,2445.88,2179.46,266.42,41041.79
7535,West,Commercial,948.58,852.4,96.18,86600.26
7536,East,Residential,1809.32,1678.1,131.22,22837.19
7537,North,Industrial,851.6,830.66,20.94,25904.25
7538,East,Commercial,2315.52,2024.23,291.29,17624.73
7539,North,Residential,2445.98,2138.78,307.2,19040.07
7540,East,Commercial,1547.48,1468.93,78.55,96880.88
7541,West,Residential,1893.76,1544.77,348.99,46541.81
7542,South,Industrial,2257.2,2054.56,202.64,16806.27
7543,North,Commercial,1774.62,1439.35,335.27,70965.45
7544,North,Industrial,2269.27,1988.96,280.31,36700.61
7545,South,Industrial,1720.73,1516.16,204.57,31191.56
7546,South,Industrial,824.29,678.85,145.44,20141.37
7547,South,Industrial,1052.47,876.17,176.3,75684.2
7548,West,Residential,1454.2,1398.01,56.19,82059.3
7549,North,Residential,1350.42,1219.54,130.88,58270.08
7550,East,Residential,1524.21,1276.75,247.46,41881.84
7551,North,Commercial,2072.9,1949.77,123.13,9256.08
7552,South,Industrial,1043.76,844.97,198.79,11284.26
7553,Central,Residential,1146.75,1081.89,64.86,35257.92
7554,Central,Residential,1509.86,1228.67,281.19,5508.34
7555,South,Commercial,2030.9,1630.93,399.97,54878.24
7556,West,Industrial,914.89,851.14,63.75,36414.74
7557,East,Commercial,2365.26,2226.11,139.15,68214.07
7558,South,Residential,1104.51,1063.49,41.02,92786.38
7559,West,Commercial,652.03,580.62,71.41,58119.74
7560,Central,Industrial,1422.07,1215.4,206.67,84604.21
7561,Central,Commercial,1070.77,878.81,191.96,30219.72
7562,North,Residential,945.59,889.49,56.1,78492.78
7563,South,Residential,558.94,486.55,72.39,15319.23
7564,East,Commercial,1743.8,1707.19,36.61,43451.81
7565,South,Commercial,1561.81,1504.93,56.88,22331
7566,South,Commercial,2150.74,1853.57,297.17,59934.67
7567,East,Commercial,989.78,920.98,68.8,45017.24
7568,East,Residential,1442.36,1313.99,128.37,58608.63
7569,East,Commercial,2181.1,1859.64,321.46,88379.24
7570,North,Commercial,1252.35,1094.73,157.62,17854
7571,East,Commercial,1149.53,1108.35,41.18,32634.23
7572,North,Commercial,1670.31,1475.23,195.08,27767.39
7573,West,Commercial,1502.73,1446.96,55.77,83897.31
7574,South,Industrial,2184.82,1872.09,312.73,40632.82
7575,West,Commercial,654.27,572.77,81.5,77165.69
7576,South,Residential,2107.83,1972.99,134.84,39438.6
7577,East,Industrial,2344.06,2251.15,92.91,32507.5
7578,South,Residential,1453.95,1270.33,183.62,59908.63
7579,Central,Industrial,1527.69,1442.52,85.17,72690.54
7580,Central,Residential,949.9,919.08,30.82,95802.67
7581,South,Residential,663.25,566.87,96.38,58268.7
7582,West,Industrial,1627.36,1451.02,176.34,20414.91
7583,South,Industrial,993.25,839.56,153.69,10774.23
7584,South,Commercial,778.29,624.49,153.8,5584.49
7585,East,Residential,1485.5,1374.58,110.92,28316.41
7586,Central,Commercial,1654.88,1550.24,104.64,54139.02
7587,South,Residential,1661.04,1472.18,188.86,42330.58
7588,South,Industrial,1101.02,899.92,201.1,64486.7
7589,West,Residential,594.24,542.53,51.71,5984.16
7590,South,Industrial,2431.43,2269.15,162.28,74905.2
7591,West,Residential,1594.99,1409.51,185.48,11296.64
7592,South,Commercial,1075.63,971.09,104.54,60732.95
7593,West,Commercial,618.12,545.13,72.99,70342.52
7594,South,Residential,2288.7,2021.47,267.23,35296.52
7595,East,Commercial,755.49,641.66,113.83,58818.59
7596,West,Commercial,1061.49,999.42,62.07,18516.97
7597,South,Residential,1043.46,883.47,159.99,99612.7
7598,North,Commercial,2304.52,2085.62,218.9,21042.05
7599,North,Residential,1493.58,1214.32,279.26,89202.91
7600,East,Commercial,1248.28,1193.19,55.09,7375.44
7601,North,Industrial,1344.78,1254.9,89.88,16419.53
7602,East,Commercial,1526.4,1355.55,170.85,95330.16
7603,Central,Commercial,1241.66,1139.38,102.28,20104.16
7604,North,Commercial,1344.03,1279.53,64.5,25160.64
7605,North,Industrial,769.54,738.36,31.18,85782.7
7606,Central,Residential,1015.68,919.99,95.69,73292.88
7607,Central,Commercial,1022.04,916.15,105.89,67557.7
7608,South,Residential,1926.86,1858.1,68.76,79761.98
7609,West,Residential,2079.98,2011.38,68.6,24768.29
7610,West,Industrial,2499.06,2210,289.06,88039.92
7611,West,Residential,2492.55,2157.65,334.9,46906.67
7612,South,Commercial,2447.62,2388.3,59.32,95584.5
7613,North,Commercial,582.74,492.82,89.92,76809.2
7614,South,Commercial,1632.29,1312.16,320.13,60935.58
7615,South,Commercial,1789.17,1647.36,141.81,95018.27
7616,Central,Industrial,634.04,563.5,70.54,29660.43
7617,East,Residential,2252.52,2001.48,251.04,36038.83
7618,North,Industrial,615.74,508.4,107.34,56490.01
7619,East,Commercial,1888.44,1691.25,197.19,50535.04
7620,Central,Industrial,901.12,722.57,178.55,30706.95
7621,North,Residential,1604.69,1479.78,124.91,60848.28
7622,West,Residential,878.35,721.71,156.64,39314.15
7623,East,Industrial,2348.48,2277.48,71,84141.1
7624,Central,Commercial,2075.29,1916.51,158.78,76887.78
7625,South,Commercial,1998.95,1654.35,344.6,81515.01
7626,Central,Commercial,1073.69,1035.78,37.91,22314.42
7627,South,Commercial,1490.95,1301.92,189.03,73644.72
7628,North,Commercial,1494.83,1313.77,181.06,44488.76
7629,West,Residential,942.86,791.2,151.66,59179.63
7630,North,Commercial,1509.08,1466.15,42.93,67300.59
7631,North,Industrial,894.4,854.76,39.64,51249.08
7632,East,Commercial,958.65,830.92,127.73,88262.28
7633,North,Residential,2290.94,1897.72,393.22,57881.32
7634,Central,Commercial,1671.82,1592.18,79.64,31752.1
7635,Central,Industrial,1103.26,1071.49,31.77,47381.8
7636,North,Residential,518.27,480.4,37.87,48241.58
7637,South,Commercial,1931.48,1594.32,337.16,11666.96
7638,West,Residential,1249.24,1101.07,148.17,49478.54
7639,West,Residential,868.95,699.08,169.87,75267.37
7640,Central,Residential,897.66,783.8,113.86,37708.75
7641,South,Commercial,983.25,947.03,36.22,80711.44
7642,North,Commercial,846.98,828.61,18.37,81106.8
7643,Central,Residential,586.51,539.24,47.27,15072.67
7644,North,Commercial,1101.72,923.06,178.66,42653.13
7645,West,Industrial,718.89,588.31,130.58,34649.37
7646,East,Commercial,2322.68,2016.15,306.53,6615.04
7647,Central,Residential,2163.88,2000.43,163.45,97536.37
7648,South,Industrial,2337.57,2239.97,97.6,76776.32
7649,West,Commercial,1861.13,1612.93,248.2,53269.48
7650,North,Industrial,2381.66,1927.83,453.83,86373.28
7651,East,Commercial,1865.07,1659.75,205.32,34764.35
7652,North,Commercial,1771.98,1633.98,138,21571.04
7653,West,Residential,973.72,899.43,74.29,67210.68
7654,North,Residential,1227.31,1002.92,224.39,83349.99
7655,West,Commercial,1124.31,1094.15,30.16,15782.43
7656,West,Industrial,2356.44,2257.81,98.63,77353.28
7657,North,Commercial,743.43,634.28,109.15,28753.35
7658,North,Commercial,2414.19,2200.84,213.35,57257.43
7659,East,Residential,1449.01,1328.6,120.41,74846.3
7660,Central,Industrial,681.53,551.78,129.75,43551.74
7661,North,Commercial,2263.48,2085.49,177.99,9256.55
7662,South,Industrial,2251.37,1939.56,311.81,54074.83
7663,North,Commercial,1360.91,1232.38,128.53,45135.37
7664,South,Industrial,1480.32,1291.18,189.14,52554.32
7665,West,Commercial,1077.46,985.2,92.26,86066.84
7666,West,Residential,2035.78,1903.99,131.79,91195.27
7667,Central,Industrial,2183.65,2131.26,52.39,45314.99
7668,East,Residential,546.79,459.99,86.8,74982.5
7669,North,Residential,2336.06,2265.34,70.72,8723.28
7670,East,Commercial,1425.49,1352.16,73.33,75529.71
7671,West,Residential,1600.91,1379.76,221.15,90160.69
7672,South,Residential,1000.66,901.74,98.92,26857.07
7673,West,Residential,637.88,575.02,62.86,96513.44
7674,East,Industrial,2410.13,2057.92,352.21,44491.88
7675,Central,Commercial,1490.27,1192.36,297.91,81807.37
7676,South,Industrial,1572.5,1365.75,206.75,41855.27
7677,Central,Industrial,840.37,820.71,19.66,44605.47
7678,North,Industrial,1793.8,1700.47,93.33,95922.05
7679,West,Commercial,1609.54,1575.73,33.81,10008.55
7680,West,Commercial,1376.05,1183.43,192.62,96053.6
7681,North,Industrial,2362.44,2282.65,79.79,36719.8
7682,West,Commercial,1599.89,1467.92,131.97,52955.63
7683,West,Residential,943.98,861.05,82.93,82346.91
7684,North,Commercial,1526.89,1298.51,228.38,52364.38
7685,West,Residential,1656.2,1367.74,288.46,37286.76
7686,North,Commercial,1778.46,1713.92,64.54,5840.9
7687,Central,Commercial,2132.74,1968.81,163.93,52107.69
7688,Central,Commercial,1624.4,1580.67,43.73,24469.58
7689,East,Industrial,1504.11,1311.76,192.35,28143.94
7690,South,Commercial,1445.23,1346.9,98.33,23015.12
7691,East,Commercial,2354.27,2085.37,268.9,91123.17
7692,South,Residential,735.04,709.29,25.75,93333.06
7693,Central,Industrial,1127.95,972.67,155.28,99517.67
7694,Central,Commercial,1834.34,1518.19,316.15,88581.68
7695,West,Commercial,735.19,675.28,59.91,14857.4
7696,North,Industrial,1159.97,995.71,164.26,13550.73
7697,North,Industrial,993.53,883.61,109.92,42003.4
7698,North,Commercial,1225.16,1069.64,155.52,15576.85
7699,East,Industrial,1707.09,1478.28,228.81,22541.33
7700,Central,Commercial,1156.23,959.59,196.64,98172.9
7701,East,Industrial,2149.45,1989.1,160.35,45094.93
7702,South,Residential,525.7,484.74,40.96,98376.63
7703,East,Industrial,1426.27,1141.8,284.47,64872.44
7704,East,Commercial,1191.38,1140.11,51.27,92812.59
7705,East,Commercial,1389.47,1326.16,63.31,61582.88
7706,North,Industrial,1780.07,1577.55,202.52,41609.48
7707,West,Industrial,2374.85,2118.21,256.64,29858.37
7708,West,Industrial,1019.33,878.82,140.51,75887.34
7709,East,Industrial,820.05,714.11,105.94,76689.46
7710,West,Commercial,887.99,736.66,151.33,46897.5
7711,East,Commercial,2190.27,1861.09,329.18,26282.09
7712,Central,Residential,1484.95,1282.24,202.71,91912.96
7713,Central,Industrial,815.17,746.8,68.37,51287.85
7714,East,Residential,1033.84,836.41,197.43,45653.02
7715,North,Residential,2066.16,1704.58,361.58,94493.07
7716,North,Commercial,2349.88,2003.25,346.63,36400.87
7717,South,Commercial,2408.37,2161.7,246.67,88628.39
7718,South,Industrial,909.04,788.81,120.23,37021.86
7719,North,Commercial,1495.08,1393.77,101.31,50428.15
7720,Central,Residential,1999.64,1725.04,274.6,34392.65
7721,West,Residential,1953.56,1741.62,211.94,35567.39
7722,East,Residential,758.51,736.27,22.24,48718.98
7723,East,Commercial,2471.52,1983.59,487.93,61643.85
7724,West,Commercial,1666.33,1453.11,213.22,51812.72
7725,East,Industrial,678.41,550.5,127.91,28770.71
7726,Central,Residential,1076.35,900.95,175.4,25951.93
7727,East,Industrial,1947.12,1607.09,340.03,97843.96
7728,South,Residential,1981.06,1652.97,328.09,15638.71
7729,North,Commercial,1408.93,1198.36,210.57,56364.9
7730,North,Commercial,1347.35,1120.57,226.78,51722.91
7731,East,Commercial,1091.28,873.18,218.1,55815.97
7732,North,Industrial,2247.34,2118.58,128.76,22889.4
7733,North,Residential,614.84,575.48,39.36,26930.39
7734,East,Industrial,1761.26,1539.63,221.63,84760.9
7735,East,Residential,2013.88,1891.7,122.18,76276.9
7736,Central,Commercial,2389.77,2329.19,60.58,90040.87
7737,South,Residential,1726.74,1552.87,173.87,45972.45
7738,East,Industrial,1514.74,1422.6,92.14,75020.97
7739,West,Commercial,1485.05,1354.71,130.34,51593.75
7740,South,Industrial,1750.37,1536.59,213.78,37558.86
7741,West,Industrial,1276.42,1170.16,106.26,31723.78
7742,South,Industrial,1159.59,1065.8,93.79,46409.44
7743,Central,Commercial,2220.89,2040.35,180.54,46341.5
7744,North,Commercial,2394.24,2324.52,69.72,28402.42
7745,East,Industrial,2375.91,2009.92,365.99,83876.36
7746,North,Industrial,2173.98,1832.07,341.91,24768.34
7747,West,Commercial,1725.57,1400.41,325.16,34998.71
7748,South,Commercial,895.82,762.44,133.38,72002.46
7749,West,Residential,891.02,848.79,42.23,7028.72
7750,West,Industrial,717.17,635.92,81.25,70097.78
7751,South,Industrial,533.46,504.49,28.97,81259.68
7752,Central,Industrial,1918.93,1601.62,317.31,59262.61
7753,East,Industrial,1863.91,1727.25,136.66,97260.08
7754,Central,Commercial,881.29,795.05,86.24,11187.78
7755,South,Commercial,2342.11,2171.96,170.15,26052.12
7756,North,Commercial,2252.09,1968.99,283.1,95564.43
7757,South,Industrial,1027.59,948.66,78.93,10693.13
7758,East,Residential,871.9,715.98,155.92,82902.23
7759,Central,Commercial,2003.12,1960.19,42.93,44881.73
7760,North,Industrial,1036.97,937.63,99.34,85302.66
7761,Central,Commercial,1217.84,1184.44,33.4,49536.63
7762,West,Residential,2217.81,2121.11,96.7,29984.92
7763,North,Residential,2155.87,1835.36,320.51,64329.58
7764,South,Industrial,765.54,710.02,55.52,70535.69
7765,West,Commercial,2001.43,1739.51,261.92,96736.88
7766,West,Residential,1143.98,999.69,144.29,6711.65
7767,West,Residential,1017.92,926.98,90.94,10297.58
7768,East,Commercial,1046.39,894.68,151.71,85240.48
7769,South,Industrial,2239.24,1957.41,281.83,58308.6
7770,Central,Industrial,639.85,532.73,107.12,95345.44
7771,South,Residential,1355.22,1119.12,236.1,58633.51
7772,West,Commercial,1245.59,1147.81,97.78,22253.4
7773,Central,Residential,2110.27,1835.27,275,59761.55
7774,North,Industrial,617.86,602.48,15.38,72857.35
7775,West,Industrial,1854.01,1504.88,349.13,55587.89
7776,South,Commercial,1428.58,1206.17,222.41,76613.12
7777,Central,Industrial,2363.13,1975.71,387.42,55696.31
7778,West,Industrial,1016.97,904.22,112.75,58455.26
7779,North,Residential,2263.73,1890.98,372.75,14371.46
7780,Central,Commercial,847.28,771.34,75.94,55851.98
7781,West,Industrial,1868.96,1777.26,91.7,40421.57
7782,South,Residential,1494.29,1212.05,282.24,96818.45
7783,South,Industrial,2359.82,2233.01,126.81,61907.83
7784,West,Industrial,1297.96,1205.35,92.61,84825.98
7785,West,Residential,1514.47,1211.9,302.57,26415.11
7786,Central,Commercial,2267.36,1965.63,301.73,55840.35
7787,East,Commercial,2096.23,1896.73,199.5,50324.85
7788,South,Industrial,1328.69,1087.68,241.01,60395.84
7789,South,Industrial,2063.35,1925.67,137.68,94409.22
7790,South,Residential,2462.09,2135.23,326.86,27133.39
7791,Central,Commercial,2483.77,1993.26,490.51,92868.72
7792,East,Commercial,828.32,768.03,60.29,89876.91
7793,West,Residential,995.23,917.71,77.52,10862.58
7794,North,Commercial,1055.02,889.39,165.63,59611.8
7795,West,Residential,2492.35,2057.6,434.75,14538
7796,South,Commercial,2019.02,1647.71,371.31,20980.55
7797,East,Commercial,696.94,589.91,107.03,38281.28
7798,South,Residential,822.34,670.28,152.06,66309.33
7799,East,Residential,2429.26,2296.53,132.73,23775.54
7800,Central,Residential,1543.92,1342.57,201.35,82327.36
7801,South,Commercial,2040.34,1830.95,209.39,98465.52
7802,West,Residential,997.33,852.68,144.65,56106.11
7803,East,Residential,1091.48,1039.89,51.59,49159.09
7804,West,Residential,1745.73,1410.9,334.83,63235.32
7805,East,Industrial,1523.37,1257.9,265.47,50195.86
7806,West,Commercial,1911.43,1783.98,127.45,42787.96
7807,West,Commercial,1915.93,1679.12,236.81,38916.74
7808,South,Industrial,1394.4,1292.88,101.52,32639.5
7809,North,Residential,527.04,498.04,29,55520.07
7810,Central,Commercial,2423.75,2174.47,249.28,52888.65
7811,South,Industrial,1429.79,1333.56,96.23,11217.81
7812,Central,Commercial,804.53,684.19,120.34,45445.41
7813,West,Industrial,1614.05,1547.99,66.06,74926.75
7814,North,Commercial,2382.32,2052.91,329.41,53059.42
7815,South,Residential,2025.97,1750.99,274.98,42456.07
7816,North,Residential,2382.7,1980.98,401.72,41847.74
7817,Central,Residential,1830.52,1619.01,211.51,17512.21
7818,South,Residential,664.1,608.77,55.33,96027.97
7819,East,Industrial,1782.96,1624.92,158.04,78220.8
7820,South,Commercial,2217.38,1938.45,278.93,74582.39
7821,North,Residential,1796.99,1591.13,205.86,70880.39
7822,East,Residential,2407.85,2023.95,383.9,99584.57
7823,West,Residential,2252.51,1855.17,397.34,41846.49
7824,West,Residential,1390.99,1146.59,244.4,9501.86
7825,South,Industrial,2190.18,1804.12,386.06,58426.5
7826,West,Industrial,2295.24,2144.9,150.34,78691.46
7827,West,Industrial,608.45,582.48,25.97,22917.51
7828,South,Residential,1069.36,921.75,147.61,25369.4
7829,South,Industrial,2231.41,2053.49,177.92,74390.56
7830,West,Residential,741.54,686.07,55.47,13068.01
7831,North,Commercial,1053,936.75,116.25,8458.26
7832,West,Residential,1997.74,1705.18,292.56,92316.7
7833,Central,Industrial,746.52,636.78,109.74,83935.81
7834,North,Industrial,2162.03,1843.88,318.15,93019.37
7835,West,Commercial,2010.73,1723.52,287.21,66599.62
7836,North,Commercial,980.16,827.1,153.06,83776.82
7837,South,Commercial,743.38,719.65,23.73,22105.05
7838,South,Industrial,2243.67,1923.36,320.31,62253
7839,West,Residential,615.54,511.59,103.95,18559.27
7840,East,Commercial,1411.53,1188.05,223.48,68484.78
7841,Central,Industrial,1275.25,1099.68,175.57,46870.72
7842,North,Industrial,1730.62,1401.18,329.44,75906.6
7843,East,Industrial,2206.1,1825.11,380.99,88678.44
7844,North,Commercial,1067.83,872.42,195.41,9180.76
7845,Central,Industrial,660.36,534.57,125.79,48477.91
7846,South,Commercial,2040.6,1713.54,327.06,40678.48
7847,East,Industrial,1482.92,1211.17,271.75,9676.12
7848,East,Residential,1043.49,912.01,131.48,22943.4
7849,South,Industrial,1227.24,1173.27,53.97,28026.92
7850,Central,Residential,2366.15,2051.42,314.73,86747.32
7851,West,Commercial,523.81,453.81,70,15498.89
7852,South,Residential,1748.29,1691.71,56.58,50609.01
7853,South,Residential,759.77,650.65,109.12,27853.89
7854,West,Industrial,2270.92,2127.47,143.45,84240.15
7855,West,Commercial,1692.02,1381.6,310.42,28105.02
7856,North,Commercial,1047.46,856.11,191.35,34426.57
7857,Central,Industrial,1775.73,1586.16,189.57,79106.1
7858,Central,Residential,1466.7,1395.09,71.61,82563.18
7859,East,Residential,1569.3,1312.85,256.45,24057.92
7860,North,Commercial,981.43,901.16,80.27,29502.46
7861,East,Residential,2266.89,1936.38,330.51,81795.25
7862,South,Commercial,2397.12,2003.46,393.66,80221.52
7863,West,Industrial,2061.76,1735.77,325.99,45098.8
7864,South,Industrial,679.32,604.86,74.46,71225.55
7865,West,Commercial,2333.42,1971.19,362.23,18771.25
7866,North,Residential,1330.42,1212.43,117.99,66540.32
7867,West,Industrial,1271.7,1145.19,126.51,11027.12
7868,North,Residential,699.92,641.89,58.03,14996.98
7869,Central,Residential,1991.47,1740.59,250.88,26723.19
7870,North,Industrial,549.78,457.44,92.34,81291.29
7871,West,Industrial,2026.17,1914.17,112,93503.23
7872,South,Residential,572.75,559.08,13.67,32262.81
7873,East,Commercial,769.4,675.53,93.87,33361.2
7874,Central,Industrial,1620.04,1381.18,238.86,37435.83
7875,South,Industrial,1457.89,1242.89,215,17109.16
7876,West,Commercial,1300.37,1244.18,56.19,25511.03
7877,South,Commercial,2061.06,1697.37,363.69,22939.98
7878,Central,Residential,2336.47,2281.48,54.99,31393.32
7879,Central,Industrial,632.5,615.85,16.65,45739.31
7880,East,Residential,1412.24,1303.29,108.95,56314.89
7881,West,Residential,1310.84,1280.04,30.8,25608.17
7882,East,Commercial,2046,1872.86,173.14,16445.01
7883,North,Industrial,745.92,615.14,130.78,8293.46
7884,North,Residential,1499.7,1264.57,235.13,42175.87
7885,East,Industrial,1190.47,1040.01,150.46,54717.94
7886,West,Industrial,1549.93,1391.26,158.67,48776.77
7887,North,Industrial,2031.76,1663.36,368.4,35462.53
7888,Central,Residential,2076.88,1942.46,134.42,64950.21
7889,East,Industrial,661.05,539.78,121.27,12247.76
7890,South,Commercial,550.17,441.16,109.01,77816.09
7891,West,Commercial,2296.1,2059.71,236.39,92759.25
7892,North,Commercial,533.32,473.06,60.26,61274.87
7893,East,Industrial,2494.58,2335.87,158.71,66084.65
7894,North,Industrial,709.61,654.28,55.33,33075.5
7895,Central,Residential,500.68,462.65,38.03,19039.94
7896,West,Industrial,1611.22,1486.05,125.17,40961.01
7897,South,Industrial,1375.34,1188.87,186.47,76435.3
7898,North,Commercial,811.01,751.02,59.99,80857.33
7899,Central,Residential,2195.96,1870.79,325.17,96694.77
7900,North,Industrial,1020.39,905.93,114.46,14401.57
7901,South,Residential,847.55,809.21,38.34,49274.34
7902,South,Industrial,1948.91,1757.25,191.66,62837.44
7903,West,Residential,606.47,552.36,54.11,18143.84
7904,East,Commercial,1959.94,1645.69,314.25,92792.31
7905,Central,Residential,787.97,663.06,124.91,99820.64
7906,East,Industrial,2120.37,1704.98,415.39,43913.05
7907,North,Commercial,802.39,755.69,46.7,46932.65
7908,North,Industrial,2299.04,2070.34,228.7,99085.47
7909,East,Residential,931.73,771.35,160.38,15384.69
7910,South,Residential,1313.53,1191.75,121.78,94149.54
7911,West,Residential,608.45,504.67,103.78,24070.36
7912,Central,Commercial,951,873.69,77.31,69790.75
7913,Central,Commercial,1149.04,1001.03,148.01,59986.34
7914,West,Industrial,2393.94,2070.68,323.26,54778.35
7915,West,Residential,2017.29,1812.8,204.49,10567.87
7916,East,Commercial,1558.5,1510.87,47.63,11116.92
7917,East,Residential,914.93,884.68,30.25,61928.14
7918,North,Industrial,1564.27,1403.13,161.14,13569.45
7919,South,Residential,2272.22,2039.04,233.18,59565.15
7920,North,Residential,2486.87,2347.72,139.15,26327.4
7921,South,Commercial,1870.4,1678.34,192.06,66163.94
7922,South,Commercial,1716.48,1453.43,263.05,92434.25
7923,Central,Residential,1698.85,1614.91,83.94,19127.8
7924,Central,Residential,2327.3,1891.96,435.34,56578.59
7925,South,Industrial,1631.63,1507.39,124.24,70765.19
7926,Central,Commercial,1300.19,1144.59,155.6,82094.4
7927,North,Industrial,2084.47,1688.29,396.18,88232.51
7928,Central,Residential,2245.2,1898.12,347.08,46211.92
7929,East,Industrial,1605.46,1513.64,91.82,41956.58
7930,West,Commercial,1540.14,1397.4,142.74,86410.89
7931,West,Residential,921.75,811.26,110.49,29889.08
7932,North,Residential,2300.14,2166.74,133.4,50037.07
7933,East,Industrial,679.47,575.72,103.75,17652.22
7934,Central,Commercial,918.17,777.45,140.72,53606.14
7935,North,Residential,1973.52,1773.71,199.81,75411.91
7936,Central,Residential,1265.15,1165.35,99.8,85201.36
7937,North,Industrial,781.4,684.69,96.71,22735.41
7938,East,Industrial,2055.22,1705.83,349.39,58084.86
7939,South,Residential,1508.88,1279.69,229.19,31784.93
7940,North,Commercial,592.57,534.54,58.03,54385.6
7941,Central,Commercial,1451.44,1358.94,92.5,57966.12
7942,Central,Commercial,1925.46,1696.43,229.03,8043.9
7943,Central,Residential,2040.05,1704.69,335.36,37867.92
7944,South,Industrial,1558.14,1262.6,295.54,74519.81
7945,Central,Industrial,868.66,724.14,144.52,52989.17
7946,South,Industrial,1534.18,1238.39,295.79,41095.17
7947,East,Residential,1047.89,993.56,54.33,72175.31
7948,North,Industrial,1649.38,1451.12,198.26,53507.32
7949,East,Residential,2092.27,1692.93,399.34,18114.85
7950,West,Industrial,1933.34,1808.52,124.82,37358.55
7951,East,Industrial,2283.22,2108.19,175.03,42857.66
7952,South,Residential,668.02,594.55,73.47,90089.73
7953,East,Industrial,1915.05,1793.45,121.6,88390.66
7954,North,Industrial,1759.2,1721.95,37.25,50529.95
7955,North,Industrial,1229.9,1038.12,191.78,59252.19
7956,West,Industrial,2374.07,2103.14,270.93,63109.51
7957,Central,Industrial,1855.5,1508.79,346.71,34916.33
7958,West,Residential,2057.28,1657.3,399.98,58912.82
7959,East,Commercial,1722.37,1423.8,298.57,89091
7960,North,Commercial,1346.16,1251.26,94.9,87484.11
7961,West,Residential,1614.12,1448.05,166.07,65436.98
7962,North,Commercial,1349.52,1243.43,106.09,13675.49
7963,North,Industrial,1089.88,946.27,143.61,20993.81
7964,South,Industrial,1028.26,841.69,186.57,28192.93
7965,South,Industrial,1629.54,1579.6,49.94,88145.01
7966,South,Commercial,2199.92,2150.4,49.52,52423.56
7967,South,Residential,572,514.99,57.01,91159.11
7968,West,Industrial,1040.93,946.88,94.05,30099.24
7969,East,Residential,528.36,437.94,90.42,32980.59
7970,South,Residential,1119.37,937.99,181.38,41227.01
7971,North,Residential,776.23,759.83,16.4,31017.91
7972,North,Commercial,1364.89,1269.29,95.6,27649.71
7973,East,Commercial,903.14,802.46,100.68,80092.18
7974,Central,Industrial,1818.73,1480.41,338.32,67573.48
7975,West,Residential,2144.9,1970.84,174.06,27919.5
7976,South,Residential,786.29,674.1,112.19,76616.03
7977,East,Industrial,1117.32,907.28,210.04,86447.68
7978,North,Commercial,516.93,432.91,84.02,62928.17
7979,North,Commercial,1323.73,1215.93,107.8,22403.53
7980,Central,Industrial,1657.56,1556.21,101.35,30076.42
7981,West,Commercial,1708.03,1448.85,259.18,53036.23
7982,West,Commercial,2025.44,1780.18,245.26,71520.12
7983,South,Industrial,1845.7,1752.67,93.03,17661.52
7984,Central,Residential,1280.56,1247.04,33.52,5771.69
7985,North,Industrial,1818.56,1686.71,131.85,47725.53
7986,West,Commercial,1037.37,928.32,109.05,19369.3
7987,South,Commercial,1848.46,1656.54,191.92,92767.16
7988,West,Industrial,2358.06,2184.99,173.07,27876.72
7989,East,Commercial,1822.91,1500.41,322.5,9242.46
7990,North,Industrial,992.18,916.69,75.49,73597.08
7991,South,Residential,1555.6,1444,111.6,64995.98
7992,East,Industrial,1955.9,1914.4,41.5,55093.8
7993,West,Industrial,2075.26,1710.4,364.86,33491.04
7994,North,Residential,2295.39,2117.18,178.21,38454.86
7995,Central,Residential,2066.16,1751.62,314.54,11115.44
7996,South,Residential,957.1,808.87,148.23,9360.48
7997,South,Residential,1790.5,1600.29,190.21,60328.53
7998,South,Industrial,2275.02,1949.97,325.05,49027.05
7999,South,Commercial,2055.38,1801.24,254.14,8766.68
8000,East,Residential,602.48,504.14,98.34,34894.78
